{
  "OppChoVec_0_10": [
    0.0,
    2.410119916241194,
    3.9276119555906455,
    5.111631728225703,
    7.558831686330448,
    10.0
  ],
  "Score_Opp_0_10": [
    0.0,
    2.469842395102283,
    3.7672372782944095,
    5.0388501700950705,
    6.5743327818071755,
    10.0
  ],
  "Score_Cho_0_10": [
    0.0,
    3.329761585855879,
    6.255022769890168,
    8.277524778998124,
    9.311545673720872,
    10.0
  ],
  "Score_Vec_0_10": [
    0.0,
    1.8322238718021917,
    3.0763874372338607,
    4.184774209853662,
    6.7013323510686975,
    10.0
  ],
  "OppChoVec": [
    0.0,
    2.410119916241194,
    3.9276119555906455,
    5.111631728225703,
    7.558831686330448,
    10.0
  ],
  "Score_Opp": [
    0.0,
    2.469842395102283,
    3.7672372782944095,
    5.0388501700950705,
    6.5743327818071755,
    10.0
  ],
  "Score_Cho": [
    0.0,
    3.329761585855879,
    6.255022769890168,
    8.277524778998124,
    9.311545673720872,
    10.0
  ],
  "Score_Vec": [
    0.0,
    1.8322238718021917,
    3.0763874372338607,
    4.184774209853662,
    6.7013323510686975,
    10.0
  ]
}