id_carreau_1km;carreau_traite_secret;code_commune;pop;pop0014;pop1564;pop65p;popf;popfr;poph;pophorsue;popmigr0;popmigrfr;popmigrhorsfr;popue
FR_CRS3035RES1000mN2031000E4252000;0;2A041;49.3663558747492;7.00368557789495;36.2790182727411;6.08365202411309;23.2151872951776;43.3179629885376;26.1511685795716;4.0439236206341;44.3320182475064;5.03433762724274;0.0;2.00446926557744
FR_CRS3035RES1000mN2032000E4250000;0;2A041;676.462260230403;85.1035238694974;430.266101553614;161.092634807292;339.37351890028;479.397059240976;337.088741330123;134.139429919823;624.15746924926;39.3457869233331;4.9877346707394;62.9257710696038
FR_CRS3035RES1000mN2032000E4251000;0;2A041;387.944533584559;82.7895640227333;233.069806986609;72.0851625752171;194.168348748948;320.215253947948;193.776184835611;48.7086316621927;378.982039135954;7.97194421655034;0.0;19.0206479744185
FR_CRS3035RES1000mN2032000E4252000;0;2A041;284.853499804742;52.5954604160322;175.370871368651;56.8871680200587;147.461898593799;234.717307907188;137.391601210943;24.1242825301523;262.793131850731;20.0791328434696;0.0;26.011909367402
FR_CRS3035RES1000mN2033000E4250000;0;2A041;252.713325542246;25.7109284578581;125.263184826695;101.739212257693;143.438132840216;214.601852659837;109.275192702031;22.0184736322859;243.696965940236;8.02580936995619;0.0;16.0929992501233
FR_CRS3035RES1000mN2033000E4251000;0;2A041;190.850137427872;25.7667302000296;145.795027095066;19.2883801327762;99.4459649047405;163.567383662169;91.404172523131;13.1227329653556;168.636704781361;19.1832902364229;1.02580936995619;14.1600208003465
FR_CRS3035RES1000mN2033000E4252000;0;2A041;32.7302559991746;5.97828648180709;23.767628428454;2.9843410889135;15.9913041516668;23.9843280339016;16.7389518475077;7.72011859531675;31.7280894791088;0.0;0.0;1.02580936995619
FR_CRS3035RES1000mN2033000E4253000;0;2A041;26.1987315228355;1.99271675212036;19.1243914436914;5.08162332702369;12.0735563914616;23.1568365992908;14.1251751313739;1.02580936995619;22.1310272293346;3.06553777343518;0.0;2.01608555358851
FR_CRS3035RES1000mN2033000E4254000;0;2A041;69.272470519653;12.9007895320314;37.0946414969039;19.2770394907178;33.1443293075884;61.2302694431882;36.1281412120647;5.02367495438824;64.2844602214783;4.98801029817477;0.0;3.01852612207655
FR_CRS3035RES1000mN2033000E4255000;0;2A041;53.3761181487013;5.98976654437215;29.1118905050757;18.2744610992534;24.2062856240768;47.3392037275245;29.1698325246245;6.03691442117679;49.4139172204827;3.96220092821858;0.0;0.0
FR_CRS3035RES1000mN2034000E4249000;0;2A041;38.9725433937389;6.93425556368139;27.9707213595329;4.06756647052458;19.0317240793821;31.8751101590793;19.9408193143568;1.0139190335228;38.9725433937389;0.0;0.0;6.08351420113677
FR_CRS3035RES1000mN2034000E4250000;0;2A041;108.058458076683;18.867458165117;77.0232839919412;12.1677159196248;54.0289549899192;89.0275450339248;54.0295030867638;7.9943720353956;99.1195985826886;5.99003899526417;0.0;11.0365410073626
FR_CRS3035RES1000mN2034000E4251000;0;2A041;157.289521847206;18.960391608929;111.9297854019;26.399344836377;76.6757559328614;149.248001916489;80.6137659143449;3.03068733038891;138.141626974131;16.1530116008892;0.0;5.01083260032858
FR_CRS3035RES1000mN2034000E4252000;0;2A041;119.33828989648;23.8319633995577;78.2456466082157;17.2606798887069;54.2151085582847;110.259754600181;65.1231813381957;8.05272592634297;117.310314006458;1.02580936995619;0.0;1.02580936995619
FR_CRS3035RES1000mN2034000E4253000;0;2A041;62.0712937603834;12.8432482567209;40.0908838655239;9.13716163813855;27.0028619412252;51.1153935369335;35.0684318191582;4.89534295238266;58.0385777329051;3.05364743700178;0.0;6.06055727106726
FR_CRS3035RES1000mN2034000E4255000;0;2A041;67.4250521859703;16.7377617891048;47.6798419587655;3.00744843809993;34.6334424886022;65.4667819192947;32.791609697368;0.967720034620942;56.3462412437185;9.08609419013143;0.0;0.990550232054645
FR_CRS3035RES1000mN2035000E4252000;0;2A041;62.4431717849051;10.9660227315595;37.2820069380738;14.1951421152718;33.2730668093886;55.3807220421945;29.1701049755165;5.03461167566506;55.35721541775;7.08595636715512;0.0;2.02783806704559
FR_CRS3035RES1000mN2035000E4253000;0;2A041;50.2064361619696;3.93937229149531;35.1485261222738;11.1185377482005;24.0657908347459;47.1526509019915;26.1406453272237;1.00216652006572;46.1737201344913;3.05364743700178;0.0;2.05161873991238
FR_CRS3035RES1000mN2036000E4253000;0;2A041;61.4169553361412;11.9798055396363;48.4113404265487;1.02580936995619;36.3030745915605;53.329108094873;25.1138807445807;0.0;55.3334411350044;6.08351420113677;0.0;8.0878472412682
FR_CRS3035RES1000mN2041000E4241000;0;2A215;28.4265644010453;4.8099302332161;14.9610992886983;8.65553487913097;11.4836719134991;26.2225794893529;16.9428924875462;1.1019924558462;27.3245719451991;1.1019924558462;0.0;1.1019924558462
FR_CRS3035RES1000mN2042000E4241000;0;2A215;27.758367346996;3.59268257628452;19.698793590056;4.46689118065556;11.7878699944549;26.6563748911499;15.9704973525411;1.1019924558462;26.7098431470294;1.04852419996666;0.0;0.0
FR_CRS3035RES1000mN2042000E4242000;0;2A215;46.0578875456266;5.90905710112722;23.6134905054152;16.5353399390842;18.255753341736;42.6957153715129;27.8021342038907;2.26017971826755;44.8997002832053;0.0;0.0;1.1019924558462
FR_CRS3035RES1000mN2042000E4246000;0;2A114;171.176329215576;30.3145542132778;104.454888942124;36.4068860601742;85.8653206395013;137.794337327383;85.3110085760743;18.058963311878;144.747711380609;21.9055497864255;3.66506111664877;15.3230285763142
FR_CRS3035RES1000mN2043000E4241000;0;2A215;166.977741017266;15.5997325683692;103.844589345409;47.5334191034879;89.5805103875107;146.885979050086;77.3972306297552;12.4285564814405;156.430203690583;10.5475373266828;0.0;7.66320548573946
FR_CRS3035RES1000mN2043000E4242000;0;2A215;221.95267916515;27.6791969078514;135.356461897331;58.9170203599675;112.264256668453;187.505511200249;109.688422496697;19.0990012819898;217.648919302829;3.14557259989999;0.0;15.348166682911
FR_CRS3035RES1000mN2043000E4247000;0;2A114;384.467038683432;72.0486923176697;248.009416337996;64.408930027766;201.791735231832;277.393253754593;182.6753034516;69.0685207528478;334.626275227451;47.0447036397833;0.0;38.0052641759915
FR_CRS3035RES1000mN2043000E4248000;0;2A114;37.369971154761;3.77227758049914;19.1109895064275;14.4867040678344;15.3078644891756;32.5094519267766;22.0621066655854;3.88203988173204;31.7191389421882;5.65083221257278;0.0;0.978479346252351
FR_CRS3035RES1000mN2044000E4240000;0;2A215;23.6726899371649;3.47456178726405;13.2938760674471;6.9042520824538;12.5799331934752;22.6241657371983;11.0927567436898;0.0;23.6726899371649;0.0;0.0;1.04852419996666
FR_CRS3035RES1000mN2044000E4241000;0;2A215;194.38368949014;20.2915420125648;119.665799606134;54.4263478714409;100.979463562283;180.159270974507;93.4042259278566;8.87486100404034;184.572693899283;8.7090031350105;0.0;5.34955751159239
FR_CRS3035RES1000mN2044000E4253000;0;2A041,2A288;100.859886586413;8.41850513735645;59.8327134784518;32.6086679706047;45.5889794600355;91.6003994291007;55.2709071263775;8.36216235257747;87.1862479900524;13.6736385963605;0.0;0.897324804734808
FR_CRS3035RES1000mN2045000E4229000;0;2A272;38.3317486774235;0.0;37.4054604223348;0.92628825508873;17.3004193444024;28.8263126309219;21.0313293330211;5.74962885645935;16.2719606721778;20.1434185683552;1.91636943689054;3.75580719004221
FR_CRS3035RES1000mN2045000E4238000;0;2A163,2A215;50.5394207671135;11.4176960402725;32.1407356840144;6.98098904282654;27.1827089103385;49.5390388895422;23.356711856775;0.0;48.5386570119709;2.00076375514256;0.0;1.00038187757128
FR_CRS3035RES1000mN2045000E4248000;0;2A114;69.756569513855;12.2477596932847;46.8725277624283;10.6362820581419;33.2848646846774;52.5850548485067;36.4717048291776;3.9139173850094;62.1184419760738;7.63812753778123;0.0;13.2575972803389
FR_CRS3035RES1000mN2045000E4249000;0;2A114;139.992297437037;21.5477268207255;94.4093194940941;24.0352511222178;78.0936859404491;114.280297971155;61.8986114965883;10.573561347325;126.562991809149;12.4978678720523;0.0;15.1384381185573
FR_CRS3035RES1000mN2045000E4253000;0;2A288;89.0766786059104;14.7993236688495;57.0596636890366;17.2176912480243;40.3645627450848;83.5681897339086;48.7121158608256;2.7257343897792;66.1123504383073;21.1130836111063;0.0;2.78275448222256
FR_CRS3035RES1000mN2045000E4256000;0;2A247,2A288;80.1112219054751;7.66706000724846;47.1921869485253;25.2519749497014;40.7332387877752;64.4356878663067;39.3779831176999;3.71438775798346;76.4770959989767;3.6341259064983;0.0;11.9611462811849
FR_CRS3035RES1000mN2046000E4237000;0;2A163;55.1873416369519;0.978194525136229;30.1969848596751;24.0121622521406;25.1240064672957;46.1612141341127;30.0633351696562;6.00229126542767;53.1865778818094;2.00076375514256;0.0;3.02383623741153
FR_CRS3035RES1000mN2046000E4238000;0;2A163;371.421197276601;42.1201850845137;202.242060901064;127.058951291024;195.424110326075;342.472177937121;175.997086950526;19.9435805938607;327.659190620396;38.8902685912696;1.02307248226897;9.00543874561911
FR_CRS3035RES1000mN2046000E4244000;0;2A114;53.2491348301082;9.39175155227009;30.3812956907712;13.4760875870669;26.6869029082276;48.4359125945643;26.5622319218806;3.83474288929153;46.6509261100604;5.66677096421146;0.0;0.978479346252351
FR_CRS3035RES1000mN2046000E4245000;0;2A114;190.993041797917;45.7516905273899;108.676367391729;36.5649838787987;92.7936025749768;169.1145039131;98.1994392229405;16.0711571826205;166.524806562942;17.9469105752871;3.66506111664877;5.80738070219714
FR_CRS3035RES1000mN2046000E4250000;0;2A114;49.461948564495;10.3694604632356;28.4878281443702;10.6046599568891;24.7150355306088;38.9984091496406;24.7469130338862;3.77202217847462;40.9080666204915;5.74414495811795;0.93143775583636;6.69151723637974
FR_CRS3035RES1000mN2046000E4251000;0;2A288;21.8741018607365;0.93136644807703;11.9022473339728;9.04048807868669;11.8682056906306;18.2507609984551;10.0058961701059;3.62334086228146;17.2629395632563;4.61116229748024;0.0;0.0
FR_CRS3035RES1000mN2046000E4253000;0;2A288;34.8667154396512;3.70248911299368;26.6215689435346;4.54265738312288;18.3760008197451;31.2098962695624;16.490714619906;0.919878108419812;29.3926933564078;5.4740220832434;0.0;2.73694106166896
FR_CRS3035RES1000mN2046000E4255000;0;2A288;70.4967165857055;6.52013727734727;41.2733758894768;22.7032034188814;34.8336657950032;60.5247220990363;35.6630507907023;8.1661382053098;65.9424326509764;4.55428393472905;0.0;1.80585628135938
FR_CRS3035RES1000mN2047000E4233000;0;2A272;75.837652986609;5.67200467356467;37.3530820652041;32.8125662478402;40.2588260319275;66.190444145713;35.5788269546815;7.71787260034773;72.9825490367597;1.90340263323284;0.0;1.92933624054825
FR_CRS3035RES1000mN2047000E4243000;0;2A114;28.8163403835688;1.86287551167272;11.4571828482453;15.4962820236508;15.370840602017;25.9284589684901;13.4454997815519;1.9253408204651;24.9661780051142;3.85016237845467;0.0;0.962540594613668
FR_CRS3035RES1000mN2047000E4244000;0;2A114;40.9839820085375;2.74879583748658;22.8810547559595;15.3541314150915;22.828422873899;33.2988171095536;18.1555591346386;5.75982407851886;39.090259060112;1.89372294842551;0.0;1.9253408204651
FR_CRS3035RES1000mN2047000E4247000;0;2A114;33.9118521005438;8.30757990256086;22.7007116625033;2.90356053547969;13.2290318894086;24.6407099263802;20.6828202111352;3.71133643210025;31.9867709113165;1.92508118922734;0.0;5.55980574206332
FR_CRS3035RES1000mN2047000E4249000;0;2A114;130.575454263469;16.981811662324;90.4589776376883;23.1346649634565;62.8889555741629;115.392511933452;67.6864986893059;11.3638785611267;116.214966281768;12.466765033275;0.0;3.81906376889061
FR_CRS3035RES1000mN2047000E4250000;0;2A114;21.0545803843917;2.79431326750908;14.3463497318732;3.9139173850094;13.4938310697302;21.0545803843917;7.56074931466149;0.0;19.1294991951644;1.92508118922734;0.0;0.0
FR_CRS3035RES1000mN2047000E4253000;0;2A288;22.818800707784;2.82899479614882;16.400506692696;3.58929921893923;10.926624569358;20.1044129498001;11.892176138426;0.0;15.5497021216984;6.32610032070273;0.0;2.71438775798396
FR_CRS3035RES1000mN2047000E4255000;0;2A288;39.3296594885704;4.64534390072793;23.7815179886311;10.9027975992113;18.2848008938408;35.7067402539619;21.0448585947296;3.62291923460854;35.6955335820721;3.6341259064983;0.0;0.0
FR_CRS3035RES1000mN2047000E4256000;0;2A288;24.588062747178;1.83975621683962;19.1252473358244;3.623059194514;10.028166058067;21.8736749891941;14.559896689111;0.897324804734808;20.9311036171838;2.73708102157443;0.0;1.81706295324915
FR_CRS3035RES1000mN2048000E4250000;0;2A114;44.6029702070842;7.46692576506728;25.5531605409;11.5828839011169;22.7120653142127;42.6778890178568;21.8909048928715;0.0;37.0422208924227;7.56074931466149;0.0;1.92508118922734
FR_CRS3035RES1000mN2048000E4259000;0;2A247;24.1263853405561;3.38599783456537;13.8776703745339;6.86271713145681;12.0584724441528;19.0525964872346;12.0679128964033;2.50000000000034;23.6263853405557;0.500000000000342;0.0;2.57378885332112
FR_CRS3035RES1000mN2048000E4260000;0;2A247;18.8265872640087;2.25065045434205;12.2532522717102;4.32268453795642;6.82398544664051;13.9831836951002;12.0026018173682;4.84340356890849;15.9637655728322;2.86282169117647;0.0;0.0
FR_CRS3035RES1000mN2048000E4261000;0;2A247;13.5900916227123;0.0;4.45513000733912;9.13496161537316;4.46393230472205;10.1753700525739;9.12615931799023;2.74805490347153;12.9234249560455;0.666666666666824;0.0;0.666666666666824
FR_CRS3035RES1000mN2049000E4224000;0;2A272;54.1013356089667;1.90340263323284;27.1030650320316;25.0948679437023;27.9892256464696;42.5249648237323;26.1121099624971;11.5763707852344;48.3520506273226;5.74928498164409;0.0;0.0
FR_CRS3035RES1000mN2049000E4225000;0;2A272;99.8633928583891;0.951701316616418;55.6030875198413;43.3086040219313;46.1114897899675;89.2387233897711;53.7519030684216;4.83666074697325;98.8855812634848;0.97781159490429;0.0;5.78800872164474
FR_CRS3035RES1000mN2049000E4253000;0;2A288;339.181429930592;50.0994836863809;201.08662670216;87.9953195420504;166.785335451479;289.604748480299;172.396094479113;24.6799800176654;306.983292346114;28.4956484714839;0.0;24.8967014326273
FR_CRS3035RES1000mN2049000E4254000;0;2A288;133.281616933865;22.261601885261;82.8322861700295;28.1877288785742;63.374426161387;112.098177335432;69.9071907724777;8.2230183378477;114.939799465324;18.3418174685409;0.0;12.9604212605854
FR_CRS3035RES1000mN2049000E4256000;0;2A288;37.4470640993035;5.57728248961302;30.0527186564413;1.81706295324915;10.0854695662343;13.8462559558763;27.3615945330691;1.81706295324915;31.1321704504905;4.49783069556381;1.81706295324915;21.783745190178
FR_CRS3035RES1000mN2049000E4259000;0;2A247;361.192766616051;61.0736810086888;251.375189447831;48.7438961595316;184.681020320333;270.321651125046;176.511746295718;27.8481975492408;326.840990308703;30.8960538765343;0.131579467955064;63.0229179417647
FR_CRS3035RES1000mN2049000E4261000;0;2A247;118.57455624343;9.23271325481403;79.661342093587;29.6805008950293;51.2821854940042;99.6082328508404;67.2923707494261;8.87589050390126;117.627013178439;0.747543064991234;0.199999999999889;10.0904328886888
FR_CRS3035RES1000mN2050000E4251000;0;2A288;193.7069227221;39.074594057289;128.340109442715;26.2922192220967;95.4388257619419;166.381213869857;98.2680969601584;6.3373069925925;143.074623461561;47.814936281696;0.0;20.9884018596514
FR_CRS3035RES1000mN2050000E4257000;0;2A247;47.0080256524259;5.88517006704929;30.9767278018365;10.1461277835402;22.0681566691064;40.3033773692791;24.9398689833195;1.49999999999984;38.8413589857594;8.16666666666659;0.0;5.20464828314698
FR_CRS3035RES1000mN2050000E4259000;0;2A247;94.5217258224784;13.6479617487857;55.5299076471709;25.3438564265218;54.4426320660919;76.4444952393689;40.0790937563865;12.8119599399133;92.5060950263753;2.0156307961031;0.0;5.26527064319621
FR_CRS3035RES1000mN2050000E4260000;0;2A247;41.3750082037431;7.60874837175583;33.2364052236442;0.529854608343135;22.6570458772385;34.1232344429995;18.7179623265046;4.39302538898824;41.3750082037431;0.0;0.0;2.85874837175537
FR_CRS3035RES1000mN2050000E4262000;0;2A247;47.9492823734188;3.18584158724501;34.7181379899792;10.0453027961945;20.0897488175845;46.1400646890352;27.8595335558343;0.664474334944078;42.533553885519;4.24583332889489;1.1698951590049;1.14474334943948
FR_CRS3035RES1000mN2050000E4263000;0;2A247;37.6409075316728;9.02373905111249;18.8865607422915;9.73060773826885;15.2502716367277;35.1409075316737;22.3906358949451;1.999999999999;36.0367330068161;0.0;0.0;0.500000000000118
FR_CRS3035RES1000mN2051000E4230000;0;2A272;31.334598611057;4.63144127544365;15.1139964176937;11.5891609179197;12.3610605421385;26.5242248133441;18.9735380689185;1.92933624054825;31.334598611057;0.0;0.0;2.88103755716467
FR_CRS3035RES1000mN2051000E4240000;0;2A163;41.6679974581262;2.89119305191795;18.8332349739205;19.9435694322877;22.8135704747229;37.598398133748;18.8544269834033;4.06959932437818;39.6672337029836;2.00076375514256;0.0;0.0
FR_CRS3035RES1000mN2051000E4252000;0;2A288;41.4220228230274;9.30260657405916;26.6906407330003;5.42877551596792;22.0794801834766;40.5134913464028;19.3425426395508;0.908531476624576;39.616166541668;1.80585628135938;0.0;0.0
FR_CRS3035RES1000mN2051000E4257000;0;2A247;151.971267009237;16.6788171038017;90.7429097086523;44.5495401967833;78.3777838115021;137.846696795945;73.5934831977352;4.5110660482138;135.832779032616;15.89103690783;0.1668581501112;9.61350416507864
FR_CRS3035RES1000mN2051000E4259000;0;2A247;49.7094881036078;8.57016488794934;33.1893971549993;7.94992606065911;25.7471760182014;36.9692203961199;23.9623120854064;9.96298313012612;48.5917006399122;1.11778746369562;0.0;2.77728457736174
FR_CRS3035RES1000mN2051000E4260000;0;2A247;254.387217672433;46.3391955410887;163.715780681467;44.3322414498779;130.58481267965;170.576635368149;123.802404992783;26.381584782716;221.746579773087;31.4406378993461;0.199999999999889;57.4289975215682
FR_CRS3035RES1000mN2051000E4261000;0;2A247;46.6109828889986;9.65902300776606;26.3686322218646;10.583327659368;22.5015806952771;44.7647536147914;24.1094021937216;0.848616412837466;45.2400707144657;1.30868479912789;0.0;0.997612861369795
FR_CRS3035RES1000mN2051000E4262000;0;2A247;26.9318918747666;2.46696918232943;20.5057459839291;3.95917670850806;10.5964240586887;24.649128012885;16.3354678160779;1.97369201932752;22.7563510152561;3.57554085951083;0.599999999999668;0.309071842554049
FR_CRS3035RES1000mN2051000E4263000;0;2A247;23.0638910172451;1.8600179255634;13.8929081081925;7.3109649834892;8.99864024967532;18.9883388509279;14.0652507675698;3.07555216631693;21.6238193149929;1.08005377668913;0.0;1.00000000000024
FR_CRS3035RES1000mN2051000E4264000;0;2A247;44.3825161843228;4.00521387852842;35.6703585055997;4.70694380019467;21.2246654175385;29.2406443521892;23.1578507667842;2.57507931370926;42.7268111762694;1.32511208937335;0.0;12.5667925184243
FR_CRS3035RES1000mN2052000E4233000;0;2A272;71.8101533689402;6.53501123934477;53.721925393019;11.5532167365765;25.496103113806;60.18015812648;46.3140502551342;2.88191144489731;45.5899206042589;25.2685314480649;0.0;8.74808379756287
FR_CRS3035RES1000mN2052000E4250000;0;2A288;65.1114941344953;10.1423479508157;40.4431476820923;14.5259985015873;37.535998381882;54.9807780009855;27.5754957526133;4.56535064671335;46.8386049559412;17.3530110701343;0.0;5.56536548679644
FR_CRS3035RES1000mN2052000E4251000;0;2A288;88.0888606666247;11.1425044987608;57.8772786554808;19.0690775123831;44.0554235585158;76.2205150160886;44.0334371081089;3.70248911299368;74.0946698779113;13.0511925233304;0.0;8.16585653754235
FR_CRS3035RES1000mN2052000E4253000;0;2A288;125.860797459226;21.3764793127865;75.4074933031148;29.0768248433246;56.9614021473185;111.334517289871;68.8993953119074;6.34893529215518;93.3620747162136;29.6929915814753;0.0;8.17734487719957
FR_CRS3035RES1000mN2052000E4254000;0;2A247;27.660132730978;1.35525665056143;18.0720723382371;8.23280374217947;14.6607432656947;24.997691893711;12.9993894652834;2.66244083726701;27.660132730978;0.0;0.0;0.0
FR_CRS3035RES1000mN2052000E4255000;0;2A247;230.05627080911;22.392879874093;150.614758100823;57.048632834194;124.768419310744;192.194999910697;105.287851498366;20.6180048168092;223.08913183381;6.75552819097386;0.199999999999889;17.2432660816036
FR_CRS3035RES1000mN2052000E4256000;0;2A247;37.4969314601038;3.57425494402388;26.1607608816379;7.761915634442;20.0736910020192;34.2856747957029;17.4232404580846;2.1503525134477;37.4969314601038;0.0;0.0;1.06090415095322
FR_CRS3035RES1000mN2052000E4259000;0;2A247;36.2905325159653;3.13473007352959;23.5724691091015;9.58333333333423;18.3227582709664;24.665532515964;17.9677742449989;4.37500000000037;35.1749734276298;1.11555908833551;0.0;7.25000000000098
FR_CRS3035RES1000mN2052000E4261000;0;2A247;41.4756689797775;2.64670132784925;29.871426386775;8.95754126515328;19.0772728659574;37.9379272755992;22.3983961138201;0.433272479872968;36.0572585135867;5.06315381562996;0.0;3.10446922430541
FR_CRS3035RES1000mN2053000E4253000;0;2A247,2A288;103.772263963149;25.021574398658;72.6546533818565;6.09603618263471;48.6509510843073;76.9560399550218;55.1213128788419;1.39732480473481;93.9550610499946;7.81720291315462;0.0;25.4188992033926
FR_CRS3035RES1000mN2053000E4254000;0;2A247;83.6859013982798;5.0;49.3473353625859;29.3385660356939;43.3473353625851;73.6771320713888;40.3385660356946;4.0;71.6859013982798;12.0;0.0;6.00876932689099
FR_CRS3035RES1000mN2053000E4258000;0;2A247;93.1573015981036;20.207940153691;61.0400771800448;11.9092842643677;51.8830480115302;72.1862271584029;41.2742535865734;4.07327903580732;85.9902156401098;7.16708595799376;0.0;16.8977954038934
FR_CRS3035RES1000mN2053000E4259000;0;2A247;122.221873311526;12.1870584628415;70.0687909699902;39.9660238786941;69.6404373257858;99.9042175623101;52.58143598574;11.8897700563583;114.935738610086;7.16113470143937;0.0;10.4278856928573
FR_CRS3035RES1000mN2053000E4260000;0;2A247;974.141086510415;239.360881170645;621.862939293504;112.917266046266;519.263560657662;656.899647138492;454.877525852753;209.001262578373;915.303257712232;41.4685047339563;0.0;108.24017679355
FR_CRS3035RES1000mN2053000E4262000;0;2A247;29.8690745272329;5.35525665056143;17.8252278927775;6.68858998389396;14.8252278927766;27.0138178766712;15.0438466344562;1.85525665056146;28.3690745272323;0.500000000000342;0.0;1.00000000000024
FR_CRS3035RES1000mN2053000E4265000;0;2A247;96.2108207244091;4.18181818181824;74.1544553999763;17.8745471426145;52.1105805541258;87.9392792999556;44.1002401702833;6.08972324263522;91.71082072441;4.49999999999905;0.0;2.18181818181824
FR_CRS3035RES1000mN2054000E4233000;0;2A127;60.6381456919373;6.33532865438151;34.3917841237853;19.9110329137705;33.4867371731594;59.7330987413114;27.1514085187779;0.90504695062593;60.6381456919373;0.0;0.0;0.0
FR_CRS3035RES1000mN2054000E4253000;0;2A247;69.4401379328914;8.66666666666722;43.6771320713895;17.0963391948348;37.889351984293;63.4401379328914;31.5507859485985;5.0;66.1068045995581;3.33333333333334;0.0;1.0
FR_CRS3035RES1000mN2054000E4254000;0;2A247;376.380862659378;37.7604549558738;246.059915470335;92.5604922331695;197.678227272128;322.887088093552;178.70263538725;36.3500063019274;359.878799694671;13.2770629647077;0.599999999999668;17.1437682638984
FR_CRS3035RES1000mN2054000E4255000;0;2A247;121.433446165695;25.0211843716833;71.0761409747946;25.3361208192175;56.1867887172597;104.851074608053;65.2466574484357;7.26315223664892;111.413834877734;9.0196112879612;0.0;9.31921932099334
FR_CRS3035RES1000mN2054000E4256000;0;2A247;113.453281486214;10.2269181207424;66.0648918439567;37.1614715215147;61.1369141980382;100.672229310578;52.3163672881756;5.81457118408057;104.112881259445;7.39040517234278;0.59473840386508;6.96648099155536
FR_CRS3035RES1000mN2054000E4259000;0;2A247;196.693771205898;32.9386169819436;115.548835857083;48.2063183668715;104.843307809528;167.641025863971;91.8504633963696;14.9066572677185;177.393844655115;17.0989072360643;2.20101931471822;14.1460880742082
FR_CRS3035RES1000mN2054000E4260000;0;2A247;1753.63686615124;377.482742514684;1119.38013632208;256.773987314474;957.503351863903;1406.55338934706;796.133514287336;184.556238012921;1628.33602784971;101.93839517082;0.0;162.527238791254
FR_CRS3035RES1000mN2054000E4261000;0;2A247;253.100253475365;47.6440343170976;160.689434213682;44.7667849445852;132.628807955061;198.569510959792;120.471445520304;24.7054951368824;227.433521110134;22.7581845711132;1.90854779411765;29.8252473786903
FR_CRS3035RES1000mN2054000E4262000;0;2A247;59.0306926441226;8.25879405476106;34.704861104625;16.0670374847366;32.947334582918;49.9868460096665;26.0833580612047;7.71051330112294;54.030692644123;4.99999999999965;0.0;1.33333333333322
FR_CRS3035RES1000mN2054000E4263000;0;2A247;41.64479551509;5.52192331722898;27.3592160752695;8.76365612259153;20.9100341906305;38.9226005037554;20.7347613244595;2.72219501133463;31.516798188001;10.127997327089;0.0;0.0
FR_CRS3035RES1000mN2054000E4265000;0;2A247;45.3325217534925;7.86377070015505;28.442249480633;9.02650157270442;27.0613330594439;38.1936861004604;18.2711886940486;4.12776502409432;39.1407248832888;4.73274398256537;0.0;3.01107062893775
FR_CRS3035RES1000mN2055000E4231000;0;2A272;46.9496532639885;7.54964799569191;29.7138936416649;9.68611162663174;23.9509399219985;43.0646938336317;22.99871334199;3.88495943035683;45.0203170234403;1.92933624054825;0.0;0.0
FR_CRS3035RES1000mN2055000E4253000;0;2A247;112.333365780789;9.64114690557731;78.1060101344021;24.5862087408091;59.5179548474327;109.67821684596;52.8154109333558;1.32979670880293;108.491263120564;2.50000000000036;0.0;1.32535222602563
FR_CRS3035RES1000mN2055000E4254000;0;2A247;19.4584040207185;1.34111081004402;13.3365758386877;4.78071737198674;7.65796127339503;19.1140394849842;11.8004427473235;0.0;19.4584040207185;0.0;0.0;0.344364535734314
FR_CRS3035RES1000mN2055000E4255000;0;2A247;23.4965005871945;3.23679655392632;16.9263706999348;3.33333333333335;12.3718900455617;21.9965005871947;11.1246105416328;0.999999999999678;23.4965005871945;0.0;0.0;0.500000000000118
FR_CRS3035RES1000mN2055000E4257000;0;2A247;96.2064337093939;17.829386223038;68.6208685222175;9.75617896413846;48.3184064160712;63.6600906771767;47.8880272933227;6.5463430322119;94.9233905185684;0.187500000000002;0.0;26.0000000000053
FR_CRS3035RES1000mN2055000E4258000;0;2A247;36.5739169762074;1.64859000188688;32.1996975802105;2.72562939411006;19.8459212155473;18.9253269743267;16.72799576066;8.0589627274418;36.5739169762074;0.0;0.0;9.58962727443892
FR_CRS3035RES1000mN2055000E4259000;0;2A247;787.634818677392;143.620529680172;466.057196131675;177.957092865545;425.388758989535;567.748639764917;362.246059687856;145.367802977436;746.606006141581;38.0288125358111;1.99999999999972;74.5183759350384
FR_CRS3035RES1000mN2055000E4260000;0;2A247;630.463327964061;104.203301521509;416.128781286113;110.131245156439;316.182148977619;488.421023736981;314.281178986441;80.6042749262429;574.27287110311;51.82949454708;0.0;61.4380293008363
FR_CRS3035RES1000mN2055000E4261000;0;2A247;46.4846530298539;6.72718849878099;35.368072582286;4.38939194878686;18.4430886727303;33.3766609175392;28.0415643571236;1.89347316829172;42.4722795300679;4.01237349978602;0.0;11.2145189440229
FR_CRS3035RES1000mN2056000E4231000;0;2A272;44.8107271396578;0.0;4.91624887808687;39.8944782615709;30.6928084310356;42.5534807628462;14.1179187086221;2.25724637681159;27.6549300382085;17.1557971014493;0.0;0.0
FR_CRS3035RES1000mN2056000E4232000;0;2A272;47.7702731762482;9.41467310658108;24.8108159619389;13.5447841077282;24.8237827655966;44.8760921444534;22.9464904106516;1.94247971517841;41.0952228600657;4.7844401903975;0.0;0.951701316616418
FR_CRS3035RES1000mN2056000E4253000;0;2A247;42.2587032647501;0.342102660224398;32.1749044694337;9.741696135092;20.1758887792546;41.2587032647498;22.0828144854955;0.0;40.6238177577977;1.6348855069524;0.0;1.00000000000024
FR_CRS3035RES1000mN2056000E4257000;0;2A247;59.1798519945877;9.32455540500171;45.2770207763707;4.57827581321525;31.3719755199652;42.2214630862622;27.8078764746225;10.4827501183948;58.6420883479302;0.0;0.0;6.47563878993069
FR_CRS3035RES1000mN2056000E4259000;0;2A247;195.734618060461;43.5350517238907;137.445631986785;14.7539343497846;116.791299030923;137.038823612944;78.9433190295372;8.40914638416268;187.803415245404;7.4312028150565;0.0;50.2866480633536
FR_CRS3035RES1000mN2056000E4260000;0;2A247;377.100065380411;59.749653949374;272.95700663653;44.3934047945064;190.904570843945;266.07758691008;186.195494536466;44.504636891868;364.061480869135;11.371917844609;0.0;66.5178415784627
FR_CRS3035RES1000mN2056000E4261000;0;2A247;77.4525141332512;10.3609958478831;43.7370807063104;23.3544375790577;44.9497322837673;61.0243199240594;32.5027818494839;8.31398099510507;73.7902047987959;0.90632253138942;0.0;8.11421321408679
FR_CRS3035RES1000mN2057000E4227000;0;2A129;44.9639776763065;1.72938375678102;20.7526050813722;22.4819888381532;23.3466807165437;38.0464426491824;21.6172969597627;5.18815127034305;36.3170588924014;8.64691878390509;0.0;1.72938375678102
FR_CRS3035RES1000mN2057000E4234000;0;2A272;103.340396078747;15.0744011328021;60.211581939242;28.0544130067031;48.8284931354044;84.2268188380864;54.5119029433427;3.8586724810965;100.433071572322;1.95562318980858;0.0;15.2549047595642
FR_CRS3035RES1000mN2057000E4235000;0;2A272;460.399043890103;59.5368761720696;273.018632662857;127.843535055176;237.749051939418;368.327518996359;222.649991950685;56.9187064147189;450.854177419711;6.70238073178087;0.0;35.1528184790259
FR_CRS3035RES1000mN2057000E4236000;0;2A115,2A272;51.3197749570551;7.91539296668099;38.4719804934047;4.93240149696947;23.6760207901799;50.3231343631248;27.6437541668752;0.996640593930351;39.4240327772034;10.8991015859214;0.0;0.0
FR_CRS3035RES1000mN2057000E4255000;0;2A247;56.8947186215714;6.75000000000018;46.1447186215712;4.0;29.6973593107858;51.3947186215713;27.1973593107856;2.0;56.8947186215714;0.0;0.0;3.50000000000012
FR_CRS3035RES1000mN2057000E4257000;0;2A247;23.000000000001;1.0;20.000000000001;2.0;10.0000000000003;22.000000000001;13.0000000000007;0.0;18.500000000001;3.5;1.0;1.0
FR_CRS3035RES1000mN2057000E4258000;0;2A247;92.4002783913945;11.5491612103299;61.6195390280086;19.231578153056;42.3989899893231;77.9715385010726;50.0012884020714;6.25352691096206;85.154710064379;7.14293025850946;0.102638068506093;8.1752129793598
FR_CRS3035RES1000mN2057000E4260000;0;2A247;180.844453870519;36.9741524858842;117.712097292337;26.1582040922983;88.6589827720535;132.762770183621;92.1854710984657;10.2801881724829;171.485197777277;8.35925609324181;0.0;37.8014955144153
FR_CRS3035RES1000mN2057000E4261000;0;2A247;117.87850482489;19.8521768344308;78.5011930219512;19.5251349685075;57.6827608861263;99.0001888781756;60.1957439387633;10.3675422386783;107.312248173316;10.566256651574;0.0;8.51077370803567
FR_CRS3035RES1000mN2057000E4262000;0;2A247;108.488378863123;16.9524124957184;73.1424772829402;18.393489084464;55.3805089285781;63.4169752390282;53.1078699345445;10.799802817772;101.336419316003;6.45375228822003;0.0;34.2716008063225
FR_CRS3035RES1000mN2057000E4266000;0;2A139;49.0771406685252;8.40026972561026;31.5962468143034;9.08062412861154;27.6554990275781;39.6182921374404;21.4216416409471;8.45577983204851;34.8221555328772;13.2343503651384;1.02063477050961;1.00306869903628
FR_CRS3035RES1000mN2058000E4230000;0;2A038;31.4497012987012;2.02901298701298;22.3191428571428;7.10154545454543;14.2030909090909;30.4351948051947;17.2466103896103;1.01450649350649;31.4497012987012;0.0;0.0;0.0
FR_CRS3035RES1000mN2058000E4233000;0;2A272;102.233269789211;20.8487505516333;65.0093470247674;16.37517221281;49.7404272456821;81.0990586375595;52.4928425435286;12.5682044601059;95.4932064090046;4.83666074697325;0.0;8.5660066915453
FR_CRS3035RES1000mN2058000E4234000;0;2A272;697.527816968847;103.099407394143;423.871473606613;170.556935968092;348.519307022588;565.826526890176;349.00850994626;87.9532523466151;652.6501811434;37.378472357425;0.0;43.7480377320563
FR_CRS3035RES1000mN2058000E4235000;0;2A272;1156.35887609526;138.890374821351;712.02441465141;305.444086622499;611.825102937751;990.968045133687;544.533773157509;90.7417389228534;1076.38770444495;71.4812460899962;0.0;74.6490920387186
FR_CRS3035RES1000mN2058000E4236000;0;2A115,2A272;68.0630800174588;8.60402037438408;46.7322247619696;12.7268348811051;35.884118877709;64.1404625890498;32.1789611397498;1.92933624054825;59.1121436711117;8.9509363463471;0.0;1.9932811878607
FR_CRS3035RES1000mN2058000E4238000;0;2A115;29.8992178179106;2.98992178179106;21.9260930664677;4.98320296965176;14.9496089089553;22.9227336603981;14.9496089089553;1.9932811878607;29.8992178179106;0.0;0.0;4.98320296965176
FR_CRS3035RES1000mN2058000E4257000;0;2A247;28.3463953335597;2.07388679674429;22.8231926050184;3.449315931797;13.5248530262558;26.1647085857488;14.8215423073039;1.99999999999977;28.3463953335597;0.0;0.0;0.18168674781115
FR_CRS3035RES1000mN2058000E4258000;0;2A247;203.442045944043;31.0708793645593;122.679891230055;49.6912753494283;109.680423588269;179.675306232288;93.761622355774;10.3885549164002;183.132284993663;19.1097609503795;0.199999999999889;13.3781847953547
FR_CRS3035RES1000mN2058000E4260000;0;2A247;50.3844409116642;5.0;32.3844409116642;13.0;27.1922204558321;45.1922204558321;23.1922204558321;3.19222045583211;50.3844409116642;0.0;0.0;2.0
FR_CRS3035RES1000mN2058000E4261000;0;2A247;416.124187939353;68.2087642759233;252.880918555071;95.0345051083594;217.938413256261;322.623602213533;198.185774683093;44.8198124027016;396.800484977751;17.3237029616036;0.0;48.6807733231187
FR_CRS3035RES1000mN2058000E4262000;0;2A247;132.706558309392;27.1279299494352;77.7335636190429;27.845064740914;66.902345871571;104.876407571831;65.8042124378211;15.8441593333675;119.181086129774;13.0807975666783;0.0;11.9859914041936
FR_CRS3035RES1000mN2058000E4265000;0;2A139;104.831261075215;10.3505893943795;78.1929692102819;16.2877024705536;48.4573491465336;85.392539094107;56.3739119286815;12.4517685740206;93.5130749796773;11.3181860955377;0.0;6.98695340708742
FR_CRS3035RES1000mN2059000E4221000;0;2A035;46.1618215435942;3.80187756329439;28.3784919527321;13.9814520275677;23.8417005350419;38.788958893536;22.3201210085523;7.37286265005826;46.1618215435942;0.0;0.0;0.0
FR_CRS3035RES1000mN2059000E4224000;0;2A035;33.8703643206525;3.92061522671115;18.447069688743;11.5026794051983;17.2597833620979;24.9500491853043;16.6105809585545;7.4348664569759;27.6756618904108;1.55902483665952;4.63567759358219;1.48544867837224
FR_CRS3035RES1000mN2059000E4227000;0;2A249;33.3199867981296;2.8633980557759;17.0096827480049;13.4469059943488;15.1284625740046;29.2569027146389;18.1915242241251;3.0346828287851;29.3560984184184;3.00942236111925;0.0;1.0284012547056
FR_CRS3035RES1000mN2059000E4234000;0;2A272;90.1899077426713;15.0484698683284;65.5462752938128;9.59516258053005;45.5449545242499;77.9197820938213;44.6449532184215;1.89061012578495;85.456986174485;2.85510394984925;0.0;10.379515523065
FR_CRS3035RES1000mN2059000E4235000;0;2A272;34.1623839233583;4.70733655329054;24.6443226051726;4.81072476489519;16.1678728690503;29.3779437329608;17.994511054308;0.0;31.2941388736415;2.86824504971678;0.0;4.7844401903975
FR_CRS3035RES1000mN2059000E4243000;0;2A115;28.9025772239802;4.98320296965176;17.9395306907463;5.97984356358211;11.9596871271642;24.9160148482588;16.942890096816;0.996640593930351;17.9395306907463;9.96640593930351;0.0;2.98992178179106
FR_CRS3035RES1000mN2059000E4257000;0;2A247;41.5025979531915;0.912273760598277;20.5871704354951;20.0031537570981;19.6767908983545;33.3754097427784;21.825807054837;4.02630798067391;36.8806259598933;4.62197199329825;0.0;4.10088022973921
FR_CRS3035RES1000mN2059000E4258000;0;2A247;142.101229945879;23.0337433152931;94.0506149729396;25.0168716576465;68.0674866305861;125.101229945879;74.0337433152931;8.0;138.033743315293;2.0506149729396;0.0;9.0
FR_CRS3035RES1000mN2059000E4259000;0;2A247;60.5738755564539;6.98664275485694;43.5872328015969;10.0;31.6432914876669;52.5972507354547;28.930584068787;4.98998206614242;58.0939114241686;1.47996413228506;0.0;2.98664275485671
FR_CRS3035RES1000mN2059000E4260000;0;2A247;28.5000000000007;3.0;20.5;5.00000000000068;13.0000000000003;27.5000000000007;15.5000000000003;0.0;28.5000000000007;0.0;0.0;1.0
FR_CRS3035RES1000mN2059000E4261000;0;2A247;43.7392808855737;5.98402605270668;19.9449943376774;17.8102604951896;22.2939577769225;31.3070943173902;21.4453231086512;9.56313267751497;42.8177548328635;0.890276052710247;0.0;2.86905389066852
FR_CRS3035RES1000mN2059000E4262000;0;2A247;49.0324516563152;8.78851837146978;29.1395700480972;11.1043632367482;28.8592003189119;37.2712161330523;20.1732513374033;6.26507804441827;45.6580866429835;3.22222222222192;0.0;5.49615747884466
FR_CRS3035RES1000mN2059000E4263000;0;2A247;44.7143618216374;7.7306502298087;30.4129467661969;6.57076482563182;25.2914434157375;40.4547787627162;19.4229184058999;3.34777709254096;40.3069733376049;4.40738848403252;0.0;0.911805966380199
FR_CRS3035RES1000mN2059000E4264000;0;2A139,2A247;31.1953279884361;4.11828647071515;23.4553450313135;3.62169648640747;11.4994913826212;12.093772055401;19.6958366058149;0.0;25.0351567309717;6.16017125746441;0.0;19.1015559330351
FR_CRS3035RES1000mN2059000E4265000;0;2A139;158.715168394577;30.1236816067129;96.4896179367859;32.1018688510786;72.3837986861737;137.344977937612;86.3313697084036;11.1974420749659;143.613697561203;14.1156658774216;0.985804955953007;10.1727483819996
FR_CRS3035RES1000mN2059000E4266000;0;2A139;187.029260205458;33.1817637311248;104.708623252852;49.1388732214804;92.5978747782747;158.814868501971;94.431385427183;14.1341655918771;153.4469732713;32.5964819782049;0.985804955953007;14.0802261116099
FR_CRS3035RES1000mN2060000E4226000;0;2A035,2A249;37.5196143234434;4.71869740531348;21.0800702816696;11.7208466364604;18.8372175550347;31.3406500727457;18.6823967684088;0.779512418329759;35.9605894867839;1.55902483665952;0.0;5.39945183236799
FR_CRS3035RES1000mN2060000E4234000;0;2A272;51.0148492605955;10.3157179421603;33.971860445677;6.72727087275819;26.4593885786102;43.4771316311775;24.5554606819853;2.81741427246977;50.0370376656912;0.97781159490429;0.0;4.72030335694825
FR_CRS3035RES1000mN2060000E4235000;0;2A272;33.4153815644047;3.79401275901778;26.7273644445645;2.89400436082237;16.2318401238941;31.485868652884;17.1835414405105;0.0;30.5602776145554;1.90340263323284;0.0;1.92951291152071
FR_CRS3035RES1000mN2060000E4238000;0;2A128;84.6573342051948;6.0469524432282;53.4147465818491;25.1956351801175;37.2895400665739;82.6416833907854;47.3677941386209;1.0078254072047;78.6103817619666;4.0313016288188;2.0156508144094;1.0078254072047
FR_CRS3035RES1000mN2060000E4259000;0;2A247,2A300;200.986369559648;29.7578883754047;135.707733515284;35.5207476689591;97.0429150276196;155.117003295491;103.943454532028;26.0832856532504;177.786804649172;22.3783114695215;0.0;19.7860806109063
FR_CRS3035RES1000mN2060000E4261000;0;2A247,2A300;26.8680046240745;4.37899447750015;19.3859404073637;3.10306973921066;9.72826239416428;13.9680388994081;17.1397422299102;2.90846935275722;26.5952773513473;0.272727272727247;0.0;9.9914963719092
FR_CRS3035RES1000mN2060000E4262000;0;2A247,2A300;53.0134009185933;5.52363171902187;41.5835220743311;5.90624712524025;26.0655299087081;21.6612789833514;26.9478710098852;10.0839827359436;46.4778332086536;4.69977894599566;1.83578876394402;21.2681391992983
FR_CRS3035RES1000mN2060000E4264000;0;2A139;26.3296838004404;1.03850846484796;20.3103593265776;4.98081600901486;14.2380290154297;26.3296838004404;12.0916547850107;0.0;19.237328670038;7.09235513040237;0.0;0.0
FR_CRS3035RES1000mN2060000E4265000;0;2A139;140.555372787614;24.853960419232;98.6304690997319;17.0709432686503;64.0463225946608;124.239700822371;76.5090501929535;8.14997855543587;119.260131373679;20.2746066434259;0.0;8.16569340980694
FR_CRS3035RES1000mN2061000E4235000;0;2A272;25.9201142213739;0.0;22.0614417402774;3.8586724810965;12.6669782008846;24.9423026264697;13.2531360204893;0.97781159490429;23.9201142213739;2.0;0.0;0.0
FR_CRS3035RES1000mN2061000E4253000;0;2A247;43.0;0.0;20.0;23.0;22.0;40.0;21.0;3.0;43.0;0.0;0.0;0.0
FR_CRS3035RES1000mN2061000E4260000;0;2A300;96.0049090956843;14.159123074173;60.2512669367648;21.5945190847466;53.9484037852493;79.9492359016091;42.0565053104351;11.1948292144011;88.5567442399453;7.44816485573903;0.0;4.86084397967412
FR_CRS3035RES1000mN2061000E4261000;0;2A300;99.3684098285383;17.2990422430752;69.2876521491081;12.781715436355;45.796923047913;81.3713056508509;53.5714867806253;3.93710538480051;82.4955213785013;14.2994714434051;0.970399281953479;14.0599987928868
FR_CRS3035RES1000mN2061000E4262000;0;2A300;182.49702015998;21.9784250173581;110.29857886084;50.220016281782;88.0047493432355;143.039790263125;94.4922708167442;15.5500903650794;167.05465973115;14.6655421297578;0.0;23.907139531775
FR_CRS3035RES1000mN2061000E4263000;0;2A247,2A300;86.6157754114291;14.5838677010015;60.7168983769186;11.315009333509;42.4937932627261;69.6834794892958;44.121982148703;4.49851268063556;75.3234529328003;10.4710690376742;0.0;12.4337832414978
FR_CRS3035RES1000mN2061000E4266000;0;2A362;82.4130590885296;8.72830556997641;53.8862301139375;19.7985234046157;38.2431899304972;70.2698575034615;44.1698691580324;5.15601329849492;77.1280494674075;5.28500962112217;0.0;6.98718828657325
FR_CRS3035RES1000mN2061000E4267000;0;2A362;102.31865656839;16.6749234247851;57.3998376299968;28.2438955136083;52.3338114811269;85.5939706206578;49.9848450872633;8.27751072406821;93.1308205829875;7.23465646641837;0.0;8.44717522366412
FR_CRS3035RES1000mN2061000E4268000;0;2A362;27.6130445952244;3.94702721493728;10.9731541194626;12.6928632608246;12.2245379390055;22.3280349741023;15.388506656219;4.24568803716044;27.6130445952244;0.0;0.0;1.03932158396173
FR_CRS3035RES1000mN2062000E4230000;0;2A249,2A272,2A349;74.5619828173211;6.75515239348366;59.8948446387342;7.91198578510318;32.5614168637219;67.4604462174917;42.0005659535992;0.0;74.5619828173211;0.0;0.0;7.10153659982937
FR_CRS3035RES1000mN2062000E4241000;0;2A308;33.4255238056721;2.91755699444942;20.4810525605875;10.0269142506351;17.6171150772946;33.4255238056721;15.8084087283774;0.0;32.4530048075222;0.0;0.0;0.0
FR_CRS3035RES1000mN2062000E4244000;0;2A308;24.081365706986;0.0;5.027433379869;19.053932327117;12.040682853493;23.0814695328328;12.040682853493;0.0;24.081365706986;0.0;0.0;0.999896174153218
FR_CRS3035RES1000mN2062000E4246000;0;2A142;33.1577540648449;0.0;14.0680414295321;19.0897126353128;19.0993331138298;32.161153354221;14.0584209510151;0.996600710623911;31.145311686563;2.01244237828188;0.0;0.0
FR_CRS3035RES1000mN2062000E4261000;0;2A300;103.572748243449;10.157865669363;82.9446658596223;10.470216714464;52.349150040206;83.2043495036332;51.2235982032433;4.69448170982299;97.8994983927273;4.7028505687685;0.0;15.6739170299931
FR_CRS3035RES1000mN2062000E4262000;0;2A300;115.621439163886;19.8081245797349;64.5584600099441;31.2548545742067;66.4555218299421;88.294830197884;49.1659173339436;1.99630682089355;84.9012357372445;26.5669593249358;3.28501376381832;25.3303021451081
FR_CRS3035RES1000mN2062000E4263000;0;2A139,2A300;56.9953878350031;3.61567576205189;34.3128256517989;19.0668864211523;27.3419103064943;37.1352971912883;29.6534775285088;11.0085012103272;43.6370241364255;13.3583636985776;0.0;8.85158943338756
FR_CRS3035RES1000mN2062000E4264000;0;2A139;124.829931477099;23.9236331505899;81.6156187641225;19.2906795623872;63.5064853351577;107.493630128541;61.3234461419418;7.19899273237095;104.396604355734;19.4126923508562;0.0;10.1373086161879
FR_CRS3035RES1000mN2062000E4265000;0;2A139;31.6812864559279;2.09520363409285;18.4993265896259;11.0867562322091;12.2673474520309;27.6160058224978;19.413939003897;2.02370346954589;30.6954814999749;0.985804955953007;0.0;2.04157716388424
FR_CRS3035RES1000mN2062000E4267000;0;2A362;31.3496655779422;5.85953855695293;20.2475151358524;5.24261188513693;17.2568171475778;28.2722954473708;14.0928484303644;2.08044628259498;26.2802508660893;5.06941471185291;0.0;0.996923847976484
FR_CRS3035RES1000mN2063000E4228000;0;2A249;543.810065268247;116.045192671056;337.536998617786;90.2278739794043;265.005328285901;408.458885498695;278.804736982346;83.7572405963412;494.897027365527;42.1109966944076;1.95700157699787;51.5939391732107
FR_CRS3035RES1000mN2063000E4229000;0;2A249;435.532415376852;53.2712554358266;251.983186926853;130.277973014172;205.671345774878;343.851383915826;229.861069601974;31.535085125622;407.258916625524;23.3064543440857;2.03154204174535;60.1459463354042
FR_CRS3035RES1000mN2063000E4230000;0;2A249,2A349;330.059730080604;58.7888663359901;203.673691814623;67.5971719299913;170.582820642641;282.623638356119;159.476909437964;11.861159827697;292.666372768746;32.5702561094887;0.0;35.5749318967884
FR_CRS3035RES1000mN2063000E4231000;0;2A349;75.8136776983758;14.1368527100564;49.9128018738547;11.7640231144647;36.5196753750587;73.8530071792984;39.2940023233171;1.96067051907745;70.0505456882538;4.82999919184097;0.0;0.0
FR_CRS3035RES1000mN2063000E4249000;0;2A061;51.2098034279052;7.16937247990672;31.7500781253012;12.2903528226972;25.6049017139526;41.9920388108822;25.6049017139526;6.14517641134862;36.8710584680917;14.3387449598135;0.0;3.07258820567431
FR_CRS3035RES1000mN2063000E4263000;0;2A139;200.652392117248;46.1792862662417;129.306415153909;25.1666906970975;92.016719417179;139.193805819114;108.635672700069;16.4987969067278;165.944004175129;34.7083879421188;0.0;44.9597893914068
FR_CRS3035RES1000mN2063000E4267000;0;2A362;25.2950811559778;3.74866334199308;13.1434434409774;8.40297437300735;13.1416403263059;22.2195141400779;12.153440829672;0.996923847976484;24.3778346579723;0.0;0.0;2.07864316792346
FR_CRS3035RES1000mN2064000E4228000;0;2A249;229.262169375991;24.736616320574;158.962594742095;45.5629583133218;124.545220349432;203.796628946027;104.716949026559;11.1923325465037;175.590161381546;50.662585633326;0.0;14.2732078834599
FR_CRS3035RES1000mN2064000E4229000;0;2A249;1870.99874429554;236.66474739642;1089.68782963849;544.64616726063;956.369010110214;1400.80367332247;914.629734185323;186.277213927895;1638.36232264564;208.700861991263;8.22784613103764;283.917857045174
FR_CRS3035RES1000mN2064000E4230000;0;2A249,2A349;413.425151681706;65.9406168064534;256.886725352409;90.5978095228435;223.378697838164;335.507442624767;190.046453843542;34.018140936795;361.970679860767;45.5089418656896;1.00314078703975;43.8995681201438
FR_CRS3035RES1000mN2064000E4231000;0;2A349;142.180257368842;24.2904028558011;81.5923638575105;36.2974906555301;70.1819962293178;135.340609236709;71.9982611395238;3.87415314290961;126.990284121578;13.3686372881886;0.0;2.96549498922354
FR_CRS3035RES1000mN2064000E4233000;0;2A349;136.491035106015;21.534271647787;80.5172262894394;34.4395371687882;66.2323599363282;121.113345719524;70.2586751696865;9.70837996290686;120.248963981196;13.3960525246954;0.0;5.66930942358408
FR_CRS3035RES1000mN2064000E4236000;0;2A018;75.7447496994068;8.73977881147001;52.4386728688201;14.5662980191167;39.814547918919;64.0917112841134;35.9302017804878;3.88434613843112;71.8604035609757;3.88434613843112;0.0;7.76869227686224
FR_CRS3035RES1000mN2064000E4240000;0;2A191;25.3329390968701;3.03995269162441;21.2796688413709;1.0133175638748;13.1731283303724;25.3329390968701;12.1598107664976;0.0;21.2796688413709;4.05327025549921;0.0;0.0
FR_CRS3035RES1000mN2064000E4249000;0;2A061;54.2823916335795;2.04839213711621;25.6049017139526;26.6290977825107;25.6049017139526;48.1372152222309;28.6774899196269;5.12098034279052;53.2581955650214;1.0241960685581;0.0;1.0241960685581
FR_CRS3035RES1000mN2064000E4263000;0;2A139;408.556056170944;77.7906625491607;275.46597129125;55.299422330534;216.546503918854;370.28023707611;192.00955225209;12.3984551138706;373.560761009593;28.7821180666021;0.0;25.877363980964
FR_CRS3035RES1000mN2064000E4264000;0;2A139;217.784767685475;24.8357683276415;172.938207292797;20.010792065036;89.4170090778853;193.107412212908;128.367758607589;10.243930242013;198.086371617627;17.63925283249;0.0;14.4334252305536
FR_CRS3035RES1000mN2064000E4265000;0;2A139;59.1572396681376;9.45664640326069;47.6944558668043;2.00613739807256;28.0296374789367;49.6629622399705;31.1276021892008;5.26560763342197;57.1507999416749;0.985804955953007;0.0;4.22866979474507
FR_CRS3035RES1000mN2064000E4267000;0;2A362;51.8525212130157;11.2524258894902;30.1608755185799;10.4392198049456;29.9673533038324;46.9002016970208;21.8851679091832;4.95231951599484;45.9488553610609;5.90366585195476;0.0;0.0
FR_CRS3035RES1000mN2064000E4268000;0;2A362;41.0158372452322;8.5689508700345;18.8013001170534;13.6455862581443;18.9302964396806;36.8567477947137;22.0855408055515;4.15908945051843;31.3650229445455;4.9085451186498;3.82502268403131;0.0
FR_CRS3035RES1000mN2065000E4231000;0;2A189,2A349;86.3869005416205;24.473627818713;50.1520212335809;11.7612514893267;42.1686841951519;83.4458947630044;44.2182163464686;2.94100577861618;80.4553137211836;4.97514392951573;0.0;0.0
FR_CRS3035RES1000mN2065000E4232000;0;2A349;56.4114350790609;11.1538141964677;35.4518954652592;9.80572541733412;25.6688974700777;50.7392567500968;30.7425376089832;0.980335259538727;54.590653378829;0.0;0.0;4.69184306942543
FR_CRS3035RES1000mN2065000E4236000;0;2A018;68.9471439571523;9.71086534607779;45.6410671265656;13.5952114845089;34.9591152458801;63.1206247495057;33.9880287112723;1.94217306921556;59.2362786110745;9.71086534607779;0.0;3.88434613843112
FR_CRS3035RES1000mN2065000E4263000;0;2A139;35.4391785039868;8.53205246329105;23.8976176151968;3.0095084254989;18.7568289936654;33.3433433682409;16.6823495103214;1.02063477050961;35.4391785039868;0.0;0.0;1.07520036523626
FR_CRS3035RES1000mN2065000E4264000;0;2A139;51.7307053259973;16.7118301768446;33.0127377510801;2.00613739807256;24.7159747704336;40.3576354255417;27.0147305555637;6.30411061673405;37.0413319656578;14.6893733603394;0.0;5.0689592837215
FR_CRS3035RES1000mN2065000E4266000;0;2A362;73.1521076416487;20.1859372570288;45.9706842000157;6.99548618460411;46.3829075444088;55.2549144663732;26.7692000972398;13.9094977833695;68.0757716931247;4.15908945051843;0.0;3.98769539190593
FR_CRS3035RES1000mN2065000E4267000;0;2A362;129.430601470124;25.6368613373128;77.8698761191343;25.9238640136769;66.1342652470321;100.674370104797;63.2963362230919;12.8798679155738;120.72109453056;5.99206755326829;0.0;15.8763634497528
FR_CRS3035RES1000mN2065000E4268000;0;2A362;111.668184953189;20.7026669066295;67.0399225727063;23.9255954738531;57.5037094521855;86.5729120083662;54.1644755010033;15.8191088137614;104.680996666616;6.98718828657325;0.0;9.27616413106128
FR_CRS3035RES1000mN2066000E4229000;0;2A189;168.578239097879;27.3291070946287;96.4267409418021;44.8223910614481;86.8023764821372;141.747206924162;81.7758626157416;12.4485942261925;151.197321096803;15.4366734612877;0.0;14.3824379475239
FR_CRS3035RES1000mN2066000E4230000;0;2A189;99.7871723637444;7.73368954710554;57.6815110406276;34.3719717760113;51.8705428792877;93.0950128353675;47.9166294844568;2.87912398860628;91.107962942811;7.71252851554555;0.0;3.8130355397706
FR_CRS3035RES1000mN2066000E4237000;0;2A118;153.57865151764;22.2600699613938;77.3919153757545;53.9266661804918;83.3247819345757;142.583408312537;70.2538695830644;4.00420101683966;141.582308537234;11.9963429804058;0.0;6.99104218826344
FR_CRS3035RES1000mN2066000E4242000;0;2A191,2A308;265.407492183034;27.5855512117374;151.357085210199;86.4648557610969;116.661738574667;235.409045186266;148.745753608367;11.0827154429941;239.259292892141;26.1481992908927;0.0;18.9157315537738
FR_CRS3035RES1000mN2066000E4243000;0;2A308;48.0842699208065;3.83682081577737;22.3292123044209;21.9182368006082;19.5487286139665;46.1120447556275;28.53554130684;0.0;46.0565250633971;2.02774485740935;0.0;1.97222516517898
FR_CRS3035RES1000mN2066000E4247000;0;2A142;183.413596381569;30.734248163974;92.4018316197836;60.2775165978116;98.1777826737319;157.207134247923;85.2358137078373;12.0534474103931;158.121014651112;22.2152621078402;0.0;14.1530147232532
FR_CRS3035RES1000mN2066000E4265000;0;2A362;162.466196979796;26.9967544730905;110.385909480967;25.0835330257379;85.5763200068873;124.38726220488;76.8898769729085;10.0999643614087;117.363085526336;42.153008086499;0.0;27.9789704135072
FR_CRS3035RES1000mN2066000E4266000;0;2A362;432.561095494685;90.5546714033247;259.524277459902;82.4821466314584;224.571804594864;332.683152025947;207.989290899821;42.8619321275707;370.580070063411;55.1194449043453;1.03932158396173;57.0160113411671
FR_CRS3035RES1000mN2066000E4267000;0;2A362;142.111259417546;26.5137076049676;97.9185574192151;17.6789943933635;73.9279293954847;110.356661268887;68.1833300220615;11.0239144297252;131.923111021184;5.11181244783815;3.16216560254195;20.7306837189336
FR_CRS3035RES1000mN2066000E4268000;0;2A362;28.8708325454925;4.7439281860032;16.7632515704437;7.36365278904563;15.8545853130755;16.8905183340543;13.0162472324169;10.9409926274764;26.7479885269123;2.12284401858022;0.0;1.03932158396173
FR_CRS3035RES1000mN2066000E4269000;0;2A362;47.5192698677642;10.3270845240073;27.7922871227731;9.39989822098384;23.592529495286;35.8204559972744;23.9267403724783;8.53664826794788;45.4406266998408;1.03932158396173;1.03932158396173;3.16216560254195
FR_CRS3035RES1000mN2066000E4270000;0;2A362;66.4740316587709;5.73919303001332;28.3354598939739;32.3993787347837;34.7358622196857;56.4062287893484;31.7381694390852;2.87381457997279;64.5615203167552;1.91251134201565;0.0;7.19398828944972
FR_CRS3035RES1000mN2067000E4219000;0;2A276;34.1654530972855;1.79357137376137;26.0020556675633;6.36982605596081;12.6987220066133;18.1512973230393;21.4667310906722;1.80380390008845;33.2480856023245;0.917367494960991;0.0;14.2103518741578
FR_CRS3035RES1000mN2067000E4224000;0;2A189;83.5240940927459;4.86617386597908;36.6284339757488;42.0294862510181;40.2797995101702;68.2182625031578;43.2442945825758;14.3499122612117;73.9754227794405;9.54867131330545;0.0;0.955919328376395
FR_CRS3035RES1000mN2067000E4225000;0;2A189;28.9171224662187;1.95512726880134;21.2584045483639;5.70359064905343;13.5133449364229;27.9718449115773;15.4037775297958;0.945277554641416;27.9612031378423;0.955919328376395;0.0;0.0
FR_CRS3035RES1000mN2067000E4226000;0;2A189;59.4415904468484;7.76621658214264;27.8516434648878;23.823730399818;31.621992106442;46.0688810614831;27.8195983404064;7.64783518884196;52.70686788489;4.79047802216991;0.0;5.72487419652339
FR_CRS3035RES1000mN2067000E4228000;0;2A189;35.9035146421461;9.84252819879428;21.3026733489398;4.75831309441202;15.5129846737115;33.0247541247277;20.3905299684346;1.90119688301781;34.9149457628227;0.0;0.0;0.977563634400671
FR_CRS3035RES1000mN2067000E4229000;0;2A189;113.605526406254;12.7968620287573;49.2526316810285;51.5560326964684;56.7806288181084;102.134254859185;56.8248975881459;5.73551597025837;108.771389496318;2.86775798512919;0.0;5.73575557681133
FR_CRS3035RES1000mN2067000E4230000;0;2A189;19.0974624298874;0.0;2.87863936541712;16.2188230644703;10.5047104449583;18.152184875246;8.59275198492906;0.945277554641416;19.0974624298874;0.0;0.0;0.0
FR_CRS3035RES1000mN2067000E4237000;0;2A118,2A310;43.2137405510905;3.52037481622228;30.9042426651312;8.78912306973699;24.1180482954701;38.4459397740242;19.0956922556204;2.51117801992485;41.1953469584957;1.00919679629743;0.0;2.25662275714141
FR_CRS3035RES1000mN2067000E4247000;0;2A142;276.921580831308;31.6713462031846;160.899522286946;84.350712341178;144.586851324353;235.412282619453;132.334729506956;30.3534450009838;245.416025108064;24.3644988579587;4.09315948863159;11.1558532108721
FR_CRS3035RES1000mN2067000E4248000;0;2A142;86.3005599002144;8.1767003003893;64.0169638825444;14.1068957172808;43.6777203445327;82.2074004115828;42.6228395556817;1.01593453695447;77.2055291716043;9.09503072861012;0.0;3.07722495167711
FR_CRS3035RES1000mN2067000E4250000;0;2A300;36.1868578177044;0.0;14.5545256157846;21.6323322019198;19.9875667856793;36.1868578177044;16.1992910320251;0.0;35.1609502787643;1.02590753894007;0.0;0.0
FR_CRS3035RES1000mN2067000E4263000;0;2A362;262.20652252221;65.0111377608444;162.367362282748;34.8280224786182;133.8698203425;205.533752701708;128.33670217971;22.6315962519649;200.840619456074;58.6077955028721;0.0;34.0411735685378
FR_CRS3035RES1000mN2067000E4264000;0;2A092,2A362;51.6775676306274;5.77820220301562;33.3580368554676;12.5413285721441;24.3045329810518;47.6864131206883;27.3730346495756;0.0;45.5193682514513;5.20194370816827;0.0;3.99115450993911
FR_CRS3035RES1000mN2067000E4265000;0;2A092,2A362;29.7539432671943;5.73753402604696;12.918155975376;11.0982532657713;14.801204289257;11.8808675143157;14.9527389779374;1.03932158396173;28.6704208325759;1.08352243461849;0.0;16.8337541689169
FR_CRS3035RES1000mN2067000E4267000;0;2A092,2A362;174.012173761838;29.7338979402071;93.1928343373982;51.0854414842327;85.7167251431535;137.560831573354;88.2954486186845;11.855027839384;167.997531250926;1.92724916453768;0.0;24.5963143491001
FR_CRS3035RES1000mN2067000E4268000;0;2A362;146.12631624418;30.0573141418449;93.8878389192132;22.1811631831219;77.9266799974899;119.844479929779;68.1996362466901;2.12284401858022;127.004721278931;17.1684154462643;0.0;24.1589922958205
FR_CRS3035RES1000mN2067000E4269000;0;2A362;94.8395362716934;16.1426368960589;55.7715427570859;22.9253566185486;41.8022843059389;81.8551593092476;53.0372519657545;5.24441499980845;92.7997581660671;1.08352243461849;0.956255671007826;7.73996196263734
FR_CRS3035RES1000mN2067000E4270000;0;2A362;39.3906132286684;4.4755702794815;22.7702559158073;12.1447870333796;18.7382214413432;35.6436088906417;20.6523917873252;3.74700433802671;39.3906132286684;0.0;0.0;0.0
FR_CRS3035RES1000mN2068000E4220000;0;2A276;107.932017626314;1.77333719760674;51.4780141704756;54.6806662582317;51.7027873864512;95.2230630933736;56.2292302398628;11.8019363197326;105.210846231265;2.72117139504944;0.0;0.907018213207765
FR_CRS3035RES1000mN2068000E4230000;0;2A189;230.135619696078;35.097794761384;129.224267486798;65.8135574478958;118.342520796276;208.919784940104;111.793098899802;5.74651715382278;210.78928921198;16.401895071841;0.0;15.4693176021515
FR_CRS3035RES1000mN2068000E4238000;0;2A310;37.6676702988728;1.25558900996243;17.578246139474;18.8338351494364;18.8338351494364;28.8785472291358;18.8338351494364;3.76676702988728;37.6676702988728;0.0;0.0;5.02235603984971
FR_CRS3035RES1000mN2068000E4240000;0;2A146;17.1946335123226;1.07466459452016;4.29865837808064;11.8213105397218;8.59731675616128;17.1946335123226;8.59731675616128;0.0;17.1946335123226;0.0;0.0;0.0
FR_CRS3035RES1000mN2068000E4248000;0;2A142;25.3224391311482;2.07128687020653;15.1915765307041;8.05957573023755;13.1790412831257;21.2974615052879;12.1433978480225;4.02497762586026;19.147621245008;5.13917445103697;0.0;0.0
FR_CRS3035RES1000mN2068000E4249000;0;2A142,2A300;39.1909864158719;2.65435505774603;20.8181661252862;15.7184652328396;15.3825635926047;28.9468547811378;23.8084228232671;6.46582888306551;38.2730920338998;0.917894381972012;0.0;3.77830275166857
FR_CRS3035RES1000mN2069000E4222000;0;2A276;51.083698802065;7.960125620875;33.1353282754403;9.98824490574971;22.3718220849374;39.342468932606;28.7118767171276;2.67035245867029;49.2696623756495;1.81403642641553;0.0;9.07087741078872
FR_CRS3035RES1000mN2069000E4230000;0;2A189;189.510443325631;30.3185422651291;100.200377222172;58.9915238383302;97.9880544416642;173.23793217938;91.5223888839669;6.69155510191124;176.030597383257;12.5022823079733;0.0;9.58095604433982
FR_CRS3035RES1000mN2069000E4240000;0;2A146;26.866614863004;4.29865837808064;11.8213105397218;10.7466459452016;13.9706397287621;22.5679564849233;12.8959751342419;2.14932918904032;26.866614863004;0.0;0.0;2.14932918904032
FR_CRS3035RES1000mN2069000E4249000;0;2A300;45.7176849304578;0.0;26.8360325174489;18.8816524130089;24.71005481874;39.2780574760627;21.0076301117178;5.4692281724416;39.7842727247637;5.93341220569407;0.0;0.970399281953479
FR_CRS3035RES1000mN2069000E4250000;0;2A300;20.8896063539304;0.917894381972012;12.9538806133325;7.01783135862586;12.846233764357;13.7611247893239;8.04337258957341;0.0;17.0080092261165;3.88159712781392;0.0;7.12848156460653
FR_CRS3035RES1000mN2069000E4252000;0;2A362;24.705265408594;0.956255671007826;16.470152420511;7.27885731707514;13.3521876686258;21.5873006567088;11.3530777399681;2.07864316792346;22.6266222406705;0.0;2.07864316792346;1.03932158396173
FR_CRS3035RES1000mN2069000E4266000;0;2A092;20.2807860421184;1.99378108173471;13.5954293943626;4.69157556602115;8.7424114021521;20.2807860421184;11.5383746399663;0.0;20.2807860421184;0.0;0.0;0.0
FR_CRS3035RES1000mN2069000E4271000;0;2A092;21.4058165954392;2.02649184786486;18.4473370016363;0.931987745938076;13.496150255898;19.4785674309016;7.9096663395412;0.0;18.4168105502423;1.99267069679797;0.0;1.92724916453768
FR_CRS3035RES1000mN2070000E4220000;0;2A276;119.977432163419;12.5147621405199;71.2009018243356;36.2617681985635;58.6642931754316;102.108175970421;61.3131389879874;5.48350640625949;107.440710710618;10.803170367154;1.73355108564693;12.3857497867386
FR_CRS3035RES1000mN2070000E4222000;0;2A276;39.2417246412762;5.24032652059208;23.1576478996405;10.8437502210436;16.9603999658035;27.6025957147509;22.2813246754727;1.81403642641553;38.3243571463152;0.917367494960991;0.0;9.82509250010974
FR_CRS3035RES1000mN2070000E4223000;0;2A276;57.5845943959679;4.45392088028745;37.6890412593676;15.4416322563129;27.0290187107415;49.5331815012642;30.5555756852265;4.44368965627703;54.8530737191653;2.73152067680267;0.0;3.60772323842667
FR_CRS3035RES1000mN2070000E4241000;0;2A066;60.9621224438122;3.20853276020064;32.0853276020064;25.6682620816051;28.8767948418058;55.6145678434778;32.0853276020064;5.3475546003344;56.6840787635447;3.20853276020064;0.0;0.0
FR_CRS3035RES1000mN2070000E4264000;0;2A092;135.816157560613;15.5073056734811;69.4669606205273;50.841891266605;66.6785982815357;116.201045607489;69.1375592790777;10.6347290306862;121.986199641166;10.84095187425;0.0;8.98038292243812
FR_CRS3035RES1000mN2070000E4265000;0;2A092;533.212068694635;91.8643513403718;316.473768266733;124.87394908753;266.257639183111;400.649106420936;266.954429511523;84.5230760353249;475.029844345074;49.7891793107509;0.0;48.0398862383732
FR_CRS3035RES1000mN2070000E4266000;0;2A092;89.4205942842516;18.4808773834437;55.7431814388218;15.1965354619861;44.7069647498259;78.7171490216323;44.7136295344257;3.79122465641384;85.2999682863882;4.12062599786348;0.0;6.91222060620548
FR_CRS3035RES1000mN2071000E4230000;0;2A284;86.4995780161339;1.93147743470879;46.4872561002887;38.0808444811365;36.5110411636952;73.2800574705985;49.9885368524387;6.20401899557965;78.2603626056157;8.23921541051826;0.0;7.01550154995581
FR_CRS3035RES1000mN2071000E4270000;0;2A092;27.0610167437292;1.96214424540395;15.5575371846292;9.54133531369612;11.6005379276911;21.3425429227777;15.4604788160381;0.931987745938076;22.3061675050466;2.82760007414499;1.92724916453768;4.78648607501344
FR_CRS3035RES1000mN2071000E4271000;0;2A092;18.0906309981908;0.0;6.58826182402744;11.5023691741633;8.5471478248959;12.40379401357;9.54348317329488;1.92724916453768;18.0906309981908;0.0;0.0;3.75958782008307
FR_CRS3035RES1000mN2072000E4213000;0;2A098;55.356205702729;4.10315363018514;32.8176318038583;18.4354202686855;29.7258810476457;43.0641182994515;25.6303246550833;10.2432254469825;52.2796563179387;3.07654938479025;0.0;2.04886195629495
FR_CRS3035RES1000mN2072000E4230000;0;2A284;134.683328868833;11.3512573173919;68.5068872618613;54.82518428958;73.4951462472479;119.820343851279;61.1881826215854;2.95026643862512;120.857250625568;13.8260782432655;0.0;11.9127185789293
FR_CRS3035RES1000mN2072000E4232000;0;2A071;106.660463677278;12.6382042467709;58.6485054354261;35.3737539950814;47.0268861518274;89.0884275998937;59.633577525451;7.82133141927864;99.7836407609842;6.87682291629421;0.0;9.75070465810606
FR_CRS3035RES1000mN2072000E4243000;0;2A357;38.6223562698038;7.53606951605927;25.4342346167;5.65205213704445;16.9561564111334;36.7383388907889;21.6661998586704;0.942008689507408;28.2602606852223;9.42008689507408;0.0;0.942008689507408
FR_CRS3035RES1000mN2072000E4245000;0;2A278;49.7887755112723;6.58969087649192;27.0909513811335;16.1081332536469;27.8231392562992;38.8059573837858;21.9656362549731;3.66093937582885;46.8600240106092;2.92875150066308;0.0;7.32187875165769
FR_CRS3035RES1000mN2072000E4251000;0;2A362;204.378520743589;22.4753932120437;123.983616608471;57.9195109230746;107.803344001021;154.604798756307;96.5751767425684;30.2906517726657;194.022366851598;8.40297437300735;0.0;19.4830702146172
FR_CRS3035RES1000mN2072000E4271000;0;2A092;26.0591659257839;1.99267069679797;15.5520581702202;8.51443705876575;14.4924491491597;18.2182522733132;11.5667167766242;5.94530132426378;20.2109229701112;2.85923691047576;1.99267069679797;1.89561232820692
FR_CRS3035RES1000mN2073000E4215000;0;2A098;64.5771757391603;7.18622166654318;28.7079618248891;28.682992247728;33.8268637121497;59.4550174003345;30.7503120270106;2.04777762180268;60.4794518265704;2.04886195629495;2.04886195629495;3.07438071702314
FR_CRS3035RES1000mN2073000E4221000;0;2A276;32.5105625924564;0.896785686880687;18.9254041807156;12.6883727248601;15.3789606620017;30.716991218695;17.1316019304547;1.79357137376137;32.5105625924564;0.0;0.0;0.0
FR_CRS3035RES1000mN2073000E4227000;0;2A284;28.3726377047808;3.58197479374358;18.6850736662214;6.10558924481583;13.6060822983525;25.270628206991;14.7665554064283;1.0162759001028;28.3726377047808;0.0;0.0;2.08573359768702
FR_CRS3035RES1000mN2073000E4232000;0;2A071;75.2220780071769;10.6639070702479;48.8435975976042;15.7145733393248;40.0600289892797;60.5419638650639;35.1620490178973;3.92638056104501;65.4713527470029;8.78371377505112;0.0;10.7537335810681
FR_CRS3035RES1000mN2073000E4248000;0;2A254;22.26143352918;0.832783078534418;14.1550473333012;7.2736031173444;7.69561050694422;17.7239760226674;14.5658230222358;0.957297116481271;21.1610055872049;1.10042794197515;0.0;3.58016039003138
FR_CRS3035RES1000mN2073000E4249000;0;2A254;30.2804678037001;5.62903947304928;17.6640868642942;6.98734146635665;13.4491640179403;28.3472567831905;16.8313037857597;0.832783078534418;28.3658735707375;1.91459423296254;0.0;1.10042794197515
FR_CRS3035RES1000mN2073000E4252000;0;2A362;29.5202937045354;3.98769539190593;19.2524679582023;6.28013035442713;12.1379393523635;28.4809721205737;17.3823543521719;1.03932158396173;27.4398474219404;0.0;1.08352243461849;0.0
FR_CRS3035RES1000mN2073000E4253000;0;2A362;31.1157546506336;2.90943518999214;16.8056523070336;11.4006671536079;15.0914312823072;28.364015156617;16.0243233683264;2.75173949401659;22.4146335607443;7.70419724191284;0.0;0.0
FR_CRS3035RES1000mN2074000E4224000;0;2A091;39.9208947163555;3.07083805510427;22.5194790707646;14.3305775904866;20.4722537006951;38.8972820313207;19.4486410156604;1.02361268503476;39.9208947163555;0.0;0.0;0.0
FR_CRS3035RES1000mN2074000E4244000;0;2A024;151.669328556509;14.7729865477119;98.486576984746;38.4097650240509;72.880066968712;110.304966222916;78.7892615877968;11.8183892381695;130.002281619865;17.7275838572543;3.93946307938984;29.5459730954238
FR_CRS3035RES1000mN2074000E4246000;0;2A278;27.0909513811335;2.92875150066308;16.1081332536469;8.05406662682346;8.78625450198923;16.1081332536469;18.3046968791442;3.66093937582885;11.7150060026523;13.9115696281496;1.46437575033154;7.32187875165769
FR_CRS3035RES1000mN2074000E4248000;0;2A254;31.3025819817038;2.89785749461967;13.7143874269014;14.6903370601827;16.2015049618395;28.1444289812722;15.1010770198643;2.20085588395029;25.3897023121464;5.91287966955736;0.0;0.957297116481271
FR_CRS3035RES1000mN2074000E4249000;0;2A254;78.9524800809686;3.94727798291309;38.7715070906419;36.2336950074137;34.7571470444225;63.6970405349453;44.1953330365461;8.92790184449505;73.5822394959216;5.37024058504707;0.0;6.32753770152834
FR_CRS3035RES1000mN2074000E4270000;0;2A092,2A269;75.8515220490759;10.1492376377744;37.8574098950664;27.8448745162351;32.876700290923;60.5339236785742;42.9748217581529;3.8716214861149;69.7759170616667;6.07560498740924;0.0;11.4459768843868
FR_CRS3035RES1000mN2075000E4218000;0;2A098;74.8258400978289;10.2627722015079;34.8545591857789;29.7085087105421;36.8990723108824;69.7015142401929;37.9267677869465;4.09880939603918;70.728116185239;4.09772391258991;0.0;1.02551646159675
FR_CRS3035RES1000mN2075000E4233000;0;2A211;23.9527656670183;0.993945490813191;7.89213238018383;15.0666877960213;15.9647332182577;20.9587248303472;7.98803244876068;2.99404083667118;23.9527656670183;0.0;0.0;0.0
FR_CRS3035RES1000mN2075000E4244000;0;2A024;30.5308388652713;0.0;12.803255008017;17.7275838572543;15.7578523175594;29.5459730954238;14.7729865477119;0.0;30.5308388652713;0.0;0.0;0.98486576984746
FR_CRS3035RES1000mN2075000E4270000;0;2A269;26.606198400663;1.98885937609759;12.8087341927877;11.8086048317777;12.8087783025462;23.6456049894075;13.7974200981168;0.983103916482578;24.639958320056;1.966240080607;0.0;1.97748949477288
FR_CRS3035RES1000mN2076000E4235000;0;2A211;351.426821741288;37.2492212165869;180.223843496187;133.953757028514;174.637056965562;315.494438404473;176.789764775726;28.9143196076139;330.456472582578;19.9883188912492;0.0;7.01806372920167
FR_CRS3035RES1000mN2076000E4270000;0;2A269;34.4483250005603;2.96625175750237;19.6960550886864;11.7860181543715;18.7129189245619;29.5328054181474;15.7354060759983;3.93241566593031;33.4708355057874;0.977489494772878;0.0;0.983103916482578
FR_CRS3035RES1000mN2077000E4214000;0;2A098;34.8784985732192;3.08525628026041;16.4137264935653;15.3795157993934;15.3795169483504;32.8241976857398;19.4989816248687;2.05430088747931;30.7764327268322;4.102065846387;0.0;0.0
FR_CRS3035RES1000mN2077000E4215000;0;2A098;22.5331441812754;0.0;7.16993251254007;15.3632116687353;13.3143497124404;17.4120736250303;9.21879446883502;1.02334664365521;22.5331441812754;0.0;0.0;4.09772391258991
FR_CRS3035RES1000mN2077000E4216000;0;2A098;58.4023557915454;5.12867009178189;32.7904855113613;20.4832001884022;32.7839749085797;48.1537029273165;25.6183808829657;3.07329408339943;53.2791131194447;5.12324267210066;0.0;7.17535878082943
FR_CRS3035RES1000mN2077000E4235000;0;2A211;67.6677310375417;5.92821468261962;44.6491936613275;17.0903226935945;38.852483613066;65.6798400559153;28.8152474244757;0.993945490813191;63.6672511839185;3.03022197215697;0.0;0.993945490813191
FR_CRS3035RES1000mN2077000E4236000;0;2A211;60.6139408283532;7.88021542374952;33.6415584869954;19.0921669176083;33.7861436787729;54.6376315410055;26.8277971495803;5.00605140588144;53.6199984408454;5.00605140588144;0.0;0.970257881466276
FR_CRS3035RES1000mN2078000E4216000;0;2A098;82.0327158970987;12.3225085586694;36.9240649098221;32.7861424286072;47.1705479524519;69.7145435176929;34.8621679446468;4.09989717861989;73.822052895962;8.21066300113673;0.0;8.21827520078591
FR_CRS3035RES1000mN2078000E4238000;0;2A160;193.059739938565;22.5517418559221;102.869719600405;67.6382784822384;97.1122052701414;180.791409362587;95.9475346684236;7.76431054094985;184.052368967668;6.76685348303277;0.0;4.50402003502834
FR_CRS3035RES1000mN2079000E4217000;0;2A098;72.8117354859341;11.2893799010822;49.2248350134546;12.2975205713973;36.9207934913568;66.659718750497;35.8909419945773;6.15201673543709;59.4713203588721;13.340415127062;0.0;0.0
FR_CRS3035RES1000mN2079000E4229000;0;2A232;53.9726494079341;6.77877412922154;30.3608108161919;16.8330644625207;29.3991958311478;52.0051379569502;24.5734535767864;0.976517504918695;52.9816554618689;0.990993946065257;0.0;0.990993946065257
FR_CRS3035RES1000mN2079000E4230000;0;2A232;153.175442727159;10.658192834034;77.8505380424956;64.6667118506297;72.0778749860666;129.534436646271;81.0975677410928;9.88141579206471;140.219066188315;11.9506915447799;1.00568499406445;13.7595902888233
FR_CRS3035RES1000mN2080000E4219000;0;2A228;122.06162071666;28.7034995187826;69.1505698512136;24.2075513466637;59.9211941277496;108.900495213297;62.1404265889103;13.1611255033631;108.82828937897;11.2006970584431;0.0;0.0
FR_CRS3035RES1000mN2080000E4227000;0;2A091;25.5903171258689;0.0;10.2361268503476;15.3541902755213;13.3069649054518;21.4958663857299;12.2833522204171;3.07083805510427;22.5194790707646;3.07083805510427;0.0;1.02361268503476
FR_CRS3035RES1000mN2080000E4267000;0;2A269;12.6666666666667;0.0;4.87179487179487;7.79487179487179;12.6666666666667;4.87179487179487;0.0;3.8974358974359;11.6923076923077;0.974358974358974;0.0;3.8974358974359
FR_CRS3035RES1000mN2080000E4271000;0;2A269;46.3936834675403;6.97252893022714;24.6855981580519;14.7355563792612;21.7136672983349;43.4443717180925;24.6800161692054;2.94931174944773;42.4724966450293;3.92118682251091;0.0;0.0
FR_CRS3035RES1000mN2081000E4219000;0;2A228;145.475367470283;20.2852410260109;89.9841045714988;35.2060218727733;72.7427889406377;133.36702849968;72.7325785296454;9.09025353488473;120.165246822228;25.3101206480548;0.0;3.01808543571835
FR_CRS3035RES1000mN2081000E4220000;0;2A228;49.7643575521932;15.2499934269734;28.4419333706445;6.07243075457525;20.3215273480265;47.7368806894189;29.4428302041667;1.01115972315093;46.7359834554243;2.01205695714556;0.0;1.0163171396233
FR_CRS3035RES1000mN2081000E4229000;0;2A091;61.4167611020854;2.04722537006951;35.8264439762165;23.5430917557994;28.6611551809732;53.2278596218073;32.7556059211122;6.14167611020854;53.2278596218073;7.1652887952433;0.0;2.04722537006951
FR_CRS3035RES1000mN2081000E4268000;0;2A269;96.6171677039377;8.92724845474015;56.280994726575;31.4089245226226;52.2073135443687;87.7748146296623;44.409854159569;4.91555183005473;91.6734147747671;2.96625175750237;0.0;3.92680124422061
FR_CRS3035RES1000mN2082000E4218000;0;2A228;161.433171251759;25.5122123928742;98.6147540623586;37.306204796526;81.2068369873137;147.338353296165;80.2263342644451;9.05430838531899;153.312104223847;5.02503718736774;0.0;5.04050957027449
FR_CRS3035RES1000mN2082000E4219000;0;2A228;473.460656308968;81.404651584692;254.172457812661;137.883546911615;241.719302085038;435.143872401172;231.74135422393;26.2033136926148;415.622125346757;53.7784198201905;0.0;12.1134702151812
FR_CRS3035RES1000mN2082000E4220000;0;2A228;43.6045649165245;13.2225957486918;22.3439517502428;8.03801741758991;21.307214721711;42.5985364379517;22.2973501948135;1.00602847857278;33.4670492085428;9.11080468509155;0.0;0.0
FR_CRS3035RES1000mN2082000E4224000;0;2A228;76.9836721817811;6.09274542126742;61.8006208811631;9.09030587935058;46.6069665884298;71.9123225339474;30.3767055933512;5.07134964783371;70.9475013103444;6.0361708714367;0.0;0.0
FR_CRS3035RES1000mN2082000E4226000;0;2A008;86.5140413345038;14.7933478524364;61.5195347520123;10.2011587300552;45.7317957757682;73.6089460289687;40.7822455587356;7.08088631981928;69.6220245132169;13.9803514101821;2.91166541110492;5.82420898571595
FR_CRS3035RES1000mN2082000E4231000;0;2A132;131.202333701211;12.3970709009018;79.54787161412;39.2573911861891;63.0184437462509;112.606727349858;68.18388995496;13.4301601426436;118.805262800309;11.36398165916;1.03308924174182;5.16544620870909
FR_CRS3035RES1000mN2082000E4233000;0;2A331;55.2682181888468;6.2567794176053;29.1983039488247;19.8131348224168;26.0699142400221;51.0970319104433;29.1983039488247;2.08559313920177;44.840252492838;9.38516912640795;0.0;2.08559313920177
FR_CRS3035RES1000mN2082000E4242000;0;2A186;116.17034552871;15.0500353209469;58.7781077184506;42.3422024893123;63.6263776349963;105.300038623709;52.5439678937136;7.92585763556065;108.191424340703;6.9648243450447;0.0;2.94444926944027
FR_CRS3035RES1000mN2082000E4268000;0;2A269;32.5840496673549;2.97193085971704;21.752901897487;7.85921691015092;15.7919704385457;29.6347379179072;16.7920792288092;2.94931174944773;30.600869393472;0.994429688048796;0.0;0.0
FR_CRS3035RES1000mN2082000E4269000;0;2A269;40.335817139847;1.97753360453137;27.5496903804333;10.8085931548823;21.6453877793231;35.4146508880826;18.6904293605239;3.93806233528186;29.5272562326065;10.8085609072405;0.0;0.983103916482578
FR_CRS3035RES1000mN2083000E4217000;0;2A228;96.1848418080902;21.3324240152961;53.7000590979225;21.1523586948716;49.6091081446443;89.1220651359797;46.5757336634458;7.06277667211051;88.0904066064104;7.07811806205652;0.0;0.0
FR_CRS3035RES1000mN2083000E4218000;0;2A228;70.6897338394064;12.1804122087244;37.4030662853923;21.1062553452897;37.3877771070999;64.6433004788134;33.3019567323065;4.02924515886928;61.599480171032;8.07909394522345;0.0;2.01718820172371
FR_CRS3035RES1000mN2083000E4219000;0;2A228;196.200593684737;33.5906192957606;104.290641130124;58.3193332588525;103.048180559312;175.946009665161;93.1524131254249;17.1900814351378;159.715432067641;35.4688444774734;1.0163171396233;3.06450258443859
FR_CRS3035RES1000mN2083000E4220000;0;2A228;324.382643483473;56.9196802277223;159.780952982048;107.682010273703;170.766166923834;264.816354454855;153.616476559639;35.3247997547277;251.737584802753;65.5823343523979;3.01808543571835;24.2414892738907
FR_CRS3035RES1000mN2083000E4221000;0;2A228;40.4672540061624;9.12622459072021;24.2834363316983;7.05759308374392;23.2723027804416;36.4380088472931;17.1949512257208;3.01808543571835;33.3890575612355;5.0507195821527;0.0;1.01115972315093
FR_CRS3035RES1000mN2083000E4237000;0;2A360;110.822324661131;6.98879524890018;60.9023585975587;42.9311708146725;46.9247680997583;100.838331448417;63.897556561373;8.98559389144308;101.836730769688;8.98559389144308;0.0;0.998399321271454
FR_CRS3035RES1000mN2083000E4238000;0;2A117;40.9990971194292;0.0;21.4313462215198;19.5677508979094;18.6359532361042;38.2037041340136;22.363143883325;2.79539298541563;35.408311148598;5.59078597083125;0.0;0.0
FR_CRS3035RES1000mN2083000E4242000;0;2A186;97.9350838238261;5.00762255358709;52.5783123081242;40.3491489621149;48.4252755224545;90.0538440380618;49.5098083013717;6.90267849953629;92.9894493810445;4.94563444278166;0.0;0.978561286228004
FR_CRS3035RES1000mN2083000E4270000;0;2A269;401.59583134646;80.773392107876;233.330704212216;87.4917350263679;204.605436292895;321.208725561116;196.990395053566;65.5325121248792;354.031531072615;41.5918154533762;4.97805513241985;14.8545936604655
FR_CRS3035RES1000mN2083000E4271000;0;2A269;107.301401432774;10.9331453237669;52.2181848811531;44.1500712278537;62.936786050471;89.627795137075;44.3646153823027;15.7130128844432;90.480601988498;16.8207994442757;0.0;1.96059341125546
FR_CRS3035RES1000mN2084000E4220000;0;2A008,2A228;486.541599341395;75.6903116936826;277.573758723206;133.277528924506;233.24198543574;427.779673635033;253.299613905655;43.5476919142196;411.999527690794;72.6194745074376;0.0;15.2142337921415
FR_CRS3035RES1000mN2084000E4221000;0;2A008,2A228;403.974771348483;66.3873401223612;248.257088975637;89.3303422504848;196.562003766525;345.077684294663;207.412767581958;32.016202407391;352.005635198671;47.0744620698603;2.01205695714556;26.8808846464286
FR_CRS3035RES1000mN2084000E4232000;0;2A008;39.8635447246676;0.960872374268578;24.6757504991869;14.2269218512121;18.8815202820593;37.8519940728114;20.9820244426083;2.01155065185616;36.7731722183339;3.0903725063337;0.0;0.0
FR_CRS3035RES1000mN2084000E4238000;0;2A026,2A117;72.423260229315;10.6711312607977;41.5727833944442;20.1793455740731;35.5220004663533;69.6278672438994;36.9012597629617;1.86359532361042;64.2185654868504;8.20469474246463;0.0;0.931797661805209
FR_CRS3035RES1000mN2084000E4270000;0;2A269;469.638596204568;88.6201096904938;272.864144783349;108.154341730726;258.959912418469;401.31007807997;210.6786837861;55.4686586605389;393.537027211071;65.1398974947088;1.98885937609759;12.8598594640598
FR_CRS3035RES1000mN2084000E4271000;0;2A269;50.1108088305013;4.94381779489687;29.4822437455608;15.6847472900436;22.5835440744863;48.1502154192459;27.527264756015;1.96059341125546;42.2289728100811;6.88740633237143;0.0;0.0
FR_CRS3035RES1000mN2085000E4220000;0;2A008,2A130;405.849553172891;31.2822519405527;196.072843536759;178.494457695579;230.300669417498;345.330872286113;175.548883755393;46.478705067605;344.445847464228;59.4529126718267;0.0;14.0399758191725
FR_CRS3035RES1000mN2085000E4221000;0;2A008;106.708897304396;14.3327599061405;46.4415403765212;45.9345970217344;55.6878965702108;96.4786902860418;51.0210007341853;10.2302070183543;97.8533420902108;6.0002815904264;0.0;0.0
FR_CRS3035RES1000mN2085000E4222000;0;2A008;34.1467699098745;1.92174474853716;21.9648916911777;10.2601334701596;14.9720283997621;31.0563974035408;19.1747415101124;2.03969422874612;24.0072469583453;8.09982872278311;2.03969422874612;1.05067827758758
FR_CRS3035RES1000mN2085000E4232000;0;2A008;81.5498410688333;8.74016213883168;42.1955304802008;30.6141484498007;50.3076823770422;72.2460829637992;31.2421586917911;8.2530798274465;72.4301652316771;8.09982872278311;0.0;1.05067827758758
FR_CRS3035RES1000mN2085000E4234000;0;2A130;246.480803850552;18.1330770790639;164.779527425423;63.5681993460646;138.333793153767;241.350677288979;108.147010696785;4.16300485600791;230.127395772678;16.353408077874;0.0;0.967121705564619
FR_CRS3035RES1000mN2085000E4235000;0;2A064,2A130,2A312;54.812784942488;1.82780872784793;34.7998977864224;18.1850784282176;27.8488275854416;53.8735817852311;26.9639573570464;0.939203157256906;51.9951754707173;2.81760947177072;0.0;0.0
FR_CRS3035RES1000mN2085000E4237000;0;2A026;59.2154972001782;14.5978951954564;37.4115025766569;7.20609942806489;28.1665440711002;56.9571634932336;31.048953129078;2.25833370694461;55.3323001612583;0.0;0.0;0.0
FR_CRS3035RES1000mN2085000E4238000;0;2A026;81.8967264668469;6.67154933783603;53.616845750793;21.6083313782179;33.2989381797963;74.9091286670037;48.5977882870506;3.49912238498264;70.1806130513042;11.7161134155427;0.0;3.48847541486065
FR_CRS3035RES1000mN2086000E4219000;0;2A130;108.725313220364;7.58042050560877;55.2367061442868;45.9081865704684;58.2502513851389;97.1425734850948;50.475061835225;5.80892800541528;92.6802872445365;16.0450259758275;0.0;5.77381172985384
FR_CRS3035RES1000mN2086000E4220000;0;2A130;177.678764446689;21.2173970201162;120.632255921057;35.8291115055158;90.5096645201908;159.451544237379;87.1690999264979;14.3857195641546;153.222275464864;22.4659293430406;1.02343793321905;3.84150064515565
FR_CRS3035RES1000mN2086000E4221000;0;2A008,2A130;120.649209402639;14.3547835519452;67.5705374049399;38.7238884457541;64.5695399571381;109.449451910752;56.079669445501;5.0393826682547;99.5569533081602;17.2300186035166;1.93424341112924;6.1603748236327
FR_CRS3035RES1000mN2086000E4222000;0;2A008,2A130;54.5441892544577;2.79785879851386;31.5555775539979;20.190752901946;28.8914481315776;47.4966584784374;25.6527411228801;2.03969422874612;52.5263892713055;2.0177999831522;0.0;5.00783654727423
FR_CRS3035RES1000mN2086000E4234000;0;2A130,2A312;90.9784163876342;11.3838080882093;52.6864299735804;26.9081783258445;47.6208324425767;88.9814785263489;43.3575839450574;1.99693786128528;88.9315405211961;2.04687586643811;0.0;0.0
FR_CRS3035RES1000mN2086000E4236000;0;2A312;180.776639364285;23.0333774799121;101.163954280314;56.5793076040593;89.9991093685255;151.58078363918;90.7775299957593;13.663271170066;156.184325720192;23.6565736983801;0.0;15.5325845550385
FR_CRS3035RES1000mN2086000E4270000;0;2B283;40.7178230676042;7.51202379714716;18.5872164785074;14.6185827919496;19.3210147052755;26.7316593518764;21.3968083623287;9.10075227493316;34.7945018483229;3.9488808128542;0.0;4.88541144079462
FR_CRS3035RES1000mN2087000E4219000;0;2A130;32.2141402444481;6.86693580462127;15.4083225693769;9.93888187044993;14.8116470411471;29.3511707398035;17.402493203301;2.8629695046446;32.2141402444481;0.0;0.0;0.0
FR_CRS3035RES1000mN2087000E4220000;0;2A130;319.039668190215;41.5706670901105;191.561200036658;85.9078010634466;154.463847416457;274.307031558658;164.575820773758;23.9313632229153;302.38933520579;13.9056915275525;0.0;20.8012734086419
FR_CRS3035RES1000mN2087000E4221000;0;2A130;358.016417292184;38.5405599829798;208.954750727197;110.521106582008;190.996990624036;318.332532353952;167.019426668148;23.8403296212374;295.246001016562;58.9520479089908;0.0;15.8435553169945
FR_CRS3035RES1000mN2087000E4222000;0;2A130;439.619391938556;48.8987924344918;283.301661604821;107.418937899243;217.006925568105;381.422400220667;222.612466370451;29.7146078174117;363.395047126991;64.2182925287063;10.1250262133695;28.4823839004767
FR_CRS3035RES1000mN2087000E4226000;0;2A008;69.6459991752504;6.702122673905;45.5403162214313;17.4035602799141;35.7035743142357;67.6652796866088;33.9424248610147;1.01984711437306;57.8179693971805;11.8280297780699;0.0;0.960872374268578
FR_CRS3035RES1000mN2087000E4270000;0;2B283;172.588497068027;9.80157591687499;89.6344071376459;73.1525140135063;92.835982366242;156.067146009881;79.7525147017851;12.8667053601589;164.322896270488;7.22769101905231;0.0;3.6546456979874
FR_CRS3035RES1000mN2088000E4221000;0;2A130;293.021962889791;23.2883306985559;190.193161361224;79.5404708300104;154.576308201067;236.82748320933;138.445654688723;35.4775007500468;237.610253975887;50.4507114857686;2.16606699472263;20.7169789304136
FR_CRS3035RES1000mN2088000E4222000;0;2A130;412.723667701236;36.1846422547954;225.841065028923;150.697960417518;215.821162796192;365.546936072112;196.902504905044;44.0468222653252;378.19496796517;32.647673666578;0.0;3.12990936379942
FR_CRS3035RES1000mN2088000E4223000;0;2A085,2A130;59.0576420479599;6.47570812045099;40.7482632458898;11.8336706816191;30.753137284997;53.9626708137628;28.3045047629629;2.970086817965;51.3928167182528;7.6648253297071;0.0;2.1248844162321
FR_CRS3035RES1000mN2088000E4238000;0;2A056,2A253;72.8981675225379;11.1888301640808;45.772487034876;15.9368503235811;39.5005828969274;67.1329809844849;33.3975846256105;2.71368740239465;72.8981675225379;0.0;0.0;3.0514991356584
FR_CRS3035RES1000mN2088000E4239000;0;2A119;139.041357074955;8.23948782666403;74.1553904399763;56.6464788083152;65.9159026133122;124.622253378293;73.1254544616433;11.329295761663;131.831805226624;7.20955184833102;0.0;3.08980793499901
FR_CRS3035RES1000mN2088000E4241000;0;2A358;51.1245166467227;3.93265512667098;33.4275685767033;13.7642929433484;15.7306205066839;39.3265512667098;35.3938961400388;4.91581890833872;50.141352865055;0.983163781667744;0.0;6.88214647167421
FR_CRS3035RES1000mN2088000E4270000;0;2B283;57.8276961553244;6.23843293258203;29.6613890348179;21.9278741879244;31.8088807320217;53.1351406788503;26.0188154233027;2.81949422059323;51.4450589504382;6.38263720488618;0.0;1.87306125588085
FR_CRS3035RES1000mN2089000E4221000;0;2A130;129.032950100091;13.0278772626396;84.156825420406;31.8482474170459;68.5237132844378;112.391582661444;60.5092368156537;11.7931829162955;111.890573483633;16.1752549108936;0.0;4.84818452235227
FR_CRS3035RES1000mN2089000E4222000;0;2A130;406.187599006401;55.0494064254098;237.176453042853;113.961739538138;205.574183018494;343.868873303339;200.613415987907;30.3396173131469;367.021277606579;36.6097615546676;0.913904363923965;31.9791083899149
FR_CRS3035RES1000mN2089000E4223000;0;2A085,2A130;410.360069627182;43.978167296305;266.606168450474;99.7757338804036;211.956419211158;363.877021854184;198.403650416024;31.9143892537188;376.305379067397;31.4054819183405;0.0;14.5686585192794
FR_CRS3035RES1000mN2089000E4224000;0;2A085,2A104;28.2816572091812;2.02021883695369;18.1298338051317;8.13160456709572;11.1112412952806;21.4853921824688;17.1704159139006;4.76144488448797;26.1938641043722;2.08779310480898;0.0;2.03482014222438
FR_CRS3035RES1000mN2089000E4248000;0;2A359;171.622897257318;2.1129796496197;72.8059405141923;96.7039770935062;82.1312350435972;157.970947865548;89.491662213721;11.5507578819151;155.8400539786;14.7263534539082;1.05648982480985;2.10119150985516
FR_CRS3035RES1000mN2089000E4264000;0;2B283;29.0640883932024;1.15026319069491;11.3307043409028;16.5831208616047;13.8043079129894;27.2825039510959;15.2597804802131;0.936530627940424;28.2190345790363;0.845053814166128;0.0;0.845053814166128
FR_CRS3035RES1000mN2089000E4265000;0;2B283;22.1405348257889;0.0;13.966384942104;8.17414988368484;8.34720117446148;19.4224197557419;13.7933336513274;0.845053814166128;22.1405348257889;0.0;0.0;1.87306125588085
FR_CRS3035RES1000mN2089000E4268000;0;2B283;25.061356397088;5.63896254126631;16.7042787857748;2.71811507004698;11.1666694951346;21.5896643266492;13.8946869019535;2.62663825627268;23.9110932063931;0.0;0.0;0.845053814166128
FR_CRS3035RES1000mN2089000E4269000;0;2B283;122.133936468082;31.1897994169362;76.9579474354983;13.9861896156479;58.4711056504518;107.435977652409;63.6628308176305;5.17619590625799;94.2959914755778;26.8000352140179;0.0;9.52176290941526
FR_CRS3035RES1000mN2089000E4270000;0;2B283;102.889835561923;16.1401395252653;45.0245386333219;41.7251574033356;50.2885734792217;99.4952240977713;52.601262082701;3.39461146415144;83.6823266971643;18.0572456740635;0.0;0.0
FR_CRS3035RES1000mN2090000E4207000;0;2A004;113.87651880386;14.5638438855612;60.8460782659172;38.4665966523818;51.0533084131874;112.242706151546;62.8232103906728;1.36995042250931;108.521056618986;5.33585434173649;0.0;0.263862229804789
FR_CRS3035RES1000mN2090000E4208000;0;2A004;36.5859451805016;5.00000000000144;20.9868612259475;10.5990839545527;17.9476455396729;34.5271216510897;18.6382996408287;0.0;36.5859451805016;0.0;0.0;2.05882352941186
FR_CRS3035RES1000mN2090000E4209000;0;2A004;91.5087974198084;3.47532933610914;54.1454224789999;33.8880456046993;43.9205898154056;82.4262970039855;47.5882076044029;4.95537591314712;91.175464086475;0.333333333333394;0.0;4.12712450267575
FR_CRS3035RES1000mN2090000E4210000;0;2A004;487.495346771045;77.2410729384098;282.461162964044;127.793110868592;247.463954172339;450.908220008917;240.031392598706;16.5684171074141;441.718412700891;45.5592597732842;0.0;20.0187096547143
FR_CRS3035RES1000mN2090000E4211000;0;2A004;1216.78285250132;208.472133000734;719.198732146616;289.111987353971;650.444885754559;1144.57583821663;566.337966746762;26.021536082181;1104.62493297658;107.037695309398;0.0;46.1854782025095
FR_CRS3035RES1000mN2090000E4212000;0;2A004;632.269592109232;83.8179374008677;374.116932526306;174.334722182058;326.707434302871;601.860181196773;305.562157806361;12.8065366023199;587.742125554599;37.2971637703493;0.0;17.6028743101392
FR_CRS3035RES1000mN2090000E4213000;0;2A004;2854.51028353308;388.915655362152;1703.00177617947;762.592851991453;1502.41478067632;2648.2749884246;1352.09550285676;130.05766150313;2645.81550009561;184.229460742047;1.05671868496767;76.1776336053474
FR_CRS3035RES1000mN2090000E4214000;0;2A004;3786.43424141153;679.425728639218;2003.89303377049;1103.11547900182;2004.61554318495;3436.4051536631;1781.81869822658;215.862500022773;3500.27324976297;247.244891439298;2.00000000000015;134.166587725649
FR_CRS3035RES1000mN2090000E4215000;0;2A004;427.190675767114;85.4854914793616;209.908111519178;131.797072768575;242.076686956042;391.70815654076;185.113988811073;25.3022939218234;363.24271167633;58.1030362942657;0.0;10.1802253045312
FR_CRS3035RES1000mN2090000E4223000;0;2A032,2A085;313.431349010134;39.10045356327;181.230999545497;93.0998959013671;171.59723656022;282.251916191934;141.834112449914;20.0920840365198;284.326488276845;27.2178395687215;0.0;11.0873487816805
FR_CRS3035RES1000mN2090000E4224000;0;2A032,2A085,2A104;149.544261098874;23.9779969754422;92.3401252177792;33.2261389056525;81.3717109739939;143.282227252655;68.17255012488;4.22721370399445;133.504284711676;14.0242133756589;0.0;2.03482014222438
FR_CRS3035RES1000mN2090000E4225000;0;2A104;185.575981880382;43.4691628563258;111.712788179588;30.3940308444691;87.8883671701524;165.516247136073;97.68761471023;9.18631845248961;168.799811317157;13.7965277765663;0.0;10.8734162918201
FR_CRS3035RES1000mN2090000E4226000;0;2A085,2A104;175.285841488673;33.6204218710692;114.213652625263;27.4517669923407;86.2950249994596;164.230605504193;88.9908164892132;5.99571772470618;164.184671758434;9.99972324722574;1.10144648301305;5.05951825977359
FR_CRS3035RES1000mN2090000E4230000;0;2A085;137.493339476318;29.9750481031915;87.5055931855952;20.0126981875309;69.956008825613;131.442432407002;67.5373306507045;1.04389655240449;133.369289297288;4.1240501790293;0.0;5.00701051691065
FR_CRS3035RES1000mN2090000E4231000;0;2A085;28.3287323644014;7.55837845324449;20.770353911157;0.0;12.7263251846783;23.2641719168822;15.6024071797232;3.18923958782203;24.5780906450071;3.75064171939434;0.0;1.87532085969717
FR_CRS3035RES1000mN2090000E4244000;0;2A133;98.6158491538254;14.3814780015995;49.3079245769127;34.9264465753132;54.4441667203411;93.479607010397;44.1716824334843;5.1362421434284;94.5068554390826;4.10899371474272;0.0;0.0
FR_CRS3035RES1000mN2090000E4268000;0;2B283,2B342;70.7467736784368;13.2535115778126;35.5817327854514;21.9115293151728;32.0809015445855;66.155597352509;38.6658721338513;4.59117632592783;65.3006671014911;5.44610657694576;0.0;0.0
FR_CRS3035RES1000mN2090000E4269000;0;2B283,2B342;435.584157741733;104.286209648839;266.495721166047;64.8022269268469;209.034015936237;399.407561389167;226.550141805497;24.2276185713824;388.469175112314;37.6685827339861;5.39265405649021;11.9489777811835
FR_CRS3035RES1000mN2090000E4270000;0;2B342;238.367765042974;10.8458384515259;200.584032636634;26.937893954814;82.5090673447201;221.763382371835;155.858697698254;13.3687902372447;178.896775997821;59.4709890451531;0.0;3.23559243389413
FR_CRS3035RES1000mN2091000E4214000;0;2A004;1564.79924238365;246.931198878257;829.777057668922;488.090985836467;856.897555781506;1434.90412740229;707.90168660214;91.1916073826391;1405.91351243193;134.549157486813;5.6666666666679;38.7035075987138
FR_CRS3035RES1000mN2091000E4215000;0;2A004;11411.7106542812;1954.36621544897;6251.85989349116;3205.48454534106;6210.07766884723;10462.0090572876;5201.63298543396;600.964064800237;10210.67518353;1015.73873315251;13.9190944670856;348.737532193359
FR_CRS3035RES1000mN2091000E4216000;0;2A004;516.810746066363;109.347030690577;307.096535621042;100.367179754744;281.844008409441;486.696516134668;234.966737656921;20.7034477051817;465.447920293083;46.0723964695165;0.0;9.41078222651234
FR_CRS3035RES1000mN2091000E4222000;0;2A032;93.650528619931;10.9895744475573;69.1295626797569;13.5313914926169;44.1883169624643;83.0580959560716;49.4622116574668;6.32559484616645;81.3296728057395;12.3208558141916;0.0;4.26683781769295
FR_CRS3035RES1000mN2091000E4223000;0;2A004,2A032;888.525708424811;118.148374628571;575.124937913971;195.25239588227;469.274336810864;741.190598649757;419.251371613947;76.9464295346182;805.528525469371;79.9402178648816;1.05861215013187;70.3886802404359
FR_CRS3035RES1000mN2091000E4224000;0;2A032,2A104;614.984678455375;91.6439748744315;415.078065138327;108.262638442617;320.73638898155;554.000830755723;294.248289473825;26.5982765369672;524.739091347454;86.192798978852;0.0;34.3855711626848
FR_CRS3035RES1000mN2091000E4225000;0;2A032,2A104;264.703851009503;46.6386688168521;180.900972170715;37.1642100219352;126.741713168639;223.330863000078;137.962137840863;16.2009042796595;196.127676503976;63.6053059426172;0.98841701040884;25.1720837297652
FR_CRS3035RES1000mN2091000E4226000;0;2A032,2A104;67.6315571571986;7.96490310500137;46.337800513675;13.3288535385223;34.2446514191215;57.3697477382529;33.3869057380771;6.17735522825708;51.5849405050304;15.0581996417594;0.0;4.08445419068871
FR_CRS3035RES1000mN2091000E4227000;0;2A104;51.2094088930783;6.90473385992415;39.1879968651132;5.11667816804085;25.1025680990687;46.1223585375173;26.1068407940096;0.0;42.153876589642;9.05553230343626;0.0;5.08705035556094
FR_CRS3035RES1000mN2091000E4228000;0;2A085,2A104;90.4208180075453;5.75978800078177;57.6830410582329;26.9779889485306;47.1683095067614;81.3200277651789;43.2525085007839;2.00676364291807;86.4205333147755;4.00028469276978;0.0;7.09402659944828
FR_CRS3035RES1000mN2091000E4229000;0;2A085,2A104;274.936166059621;42.5279149098495;177.018201451226;55.3900496985457;138.112565252788;249.589127488653;136.823600806834;13.2711978451169;245.013411450602;26.9431118223604;0.0;12.0758407258511
FR_CRS3035RES1000mN2091000E4230000;0;2A085,2A104;674.778346774853;129.84996350607;425.357028570719;119.571354698064;345.045618518308;617.748813464572;329.732728256546;32.5864830728011;523.186869723167;137.979986787264;0.0;24.4430502374801
FR_CRS3035RES1000mN2091000E4231000;0;2A085,2A104;112.0709507604;1.97683402081768;28.7429443203461;81.3511724192359;77.1702463992768;100.027054207995;34.9007043611229;7.0;89.8932941621688;21.189239587822;0.0;5.04389655240449
FR_CRS3035RES1000mN2091000E4268000;0;2B342;38.740421763892;6.99027697565276;26.076172548352;5.67397223988723;22.3059164385536;35.0106441248819;16.4345053253383;0.951858065044443;28.978970288718;9.761451475174;0.0;2.77791957396564
FR_CRS3035RES1000mN2091000E4269000;0;2B342;811.010144046831;156.038050751716;536.815471770213;118.156621524902;426.794720122166;739.824633325407;384.215423924665;48.3640736912552;736.009559486026;61.7011068173301;8.2094009410397;22.8214370301683
FR_CRS3035RES1000mN2091000E4270000;0;2B342;222.040051072521;50.4930861907604;146.827575539963;24.7193893417982;122.422744247851;206.167970090217;99.6173068246704;11.7706752401552;197.321932939011;21.8204143073842;0.913030754460599;4.1014057421491
FR_CRS3035RES1000mN2092000E4206000;0;2A004;65.9203003122634;8.31735400551587;33.6920140769767;23.9109322297708;30.011365690211;59.915135163383;35.9089346220523;4.09588254957309;60.7562087566802;5.16409155558318;0.0;1.90928259930731
FR_CRS3035RES1000mN2092000E4212000;0;2A004;57.0;12.0;37.0;8.0;28.0;49.0;29.0;6.0;57.0;0.0;0.0;2.0
FR_CRS3035RES1000mN2092000E4213000;0;2A004;113.781455872336;18.4649948129242;63.9354298994368;31.381031159975;50.2324974064623;102.627481845235;63.5489584658737;4.00544027358841;111.781455872336;2.0;0.0;7.14853375351285
FR_CRS3035RES1000mN2092000E4214000;0;2A004;720.64589442779;129.468442095411;431.933581233449;159.24387109893;351.308665267305;610.830335706214;369.337229160485;55.8739232923226;683.853447462339;23.929731182653;0.0;53.9416354292533
FR_CRS3035RES1000mN2092000E4215000;0;2A004;11407.8681107227;2034.41075206769;6860.44635326767;2513.01100538734;5949.01250522902;9723.3827976766;5458.85560549368;984.098671266515;10689.2780899143;634.950837156795;10.5514088043096;700.386641779579
FR_CRS3035RES1000mN2092000E4216000;0;2A004;907.271338742627;160.629615667895;547.319702451856;199.322020622877;486.956008086117;762.112209327578;420.31533065651;76.2120549315959;815.47073399655;81.9517483474313;0.875467551949656;68.9470744834532
FR_CRS3035RES1000mN2092000E4217000;0;2A004;1879.70472973549;280.030095173635;1210.37516298488;389.299471576983;1000.32336219913;1713.07358460594;879.381367536363;110.301881933402;1579.09789393795;274.584113740189;5.84567711112881;56.3292631961565
FR_CRS3035RES1000mN2092000E4218000;0;2A004;305.66641824045;39.9842672752164;224.852535589034;40.8296153762;159.170521739045;280.139478246491;146.495896501405;14.9318064244361;249.307281207448;51.7814468594545;1.41874322058424;10.5951335695229
FR_CRS3035RES1000mN2092000E4219000;0;2A004;271.827868111591;68.9836881943773;197.051377552385;5.79280236482886;138.976411899508;245.800731589868;132.851456212084;19.6257092640738;247.757309370296;19.7881950935934;0.0;6.40142725764937
FR_CRS3035RES1000mN2092000E4220000;0;2A004;35.2889388268449;6.6147704725155;22.8564382164345;5.81773013789487;21.102978853049;34.9988872558654;14.1859599737959;0.20671823764618;33.9593107693221;1.24629472418945;0.0;0.0833333333333181
FR_CRS3035RES1000mN2092000E4222000;0;2A004,2A032;49.1660001715949;7.76036453319846;26.7263634402173;14.6792721981791;20.1990480998773;40.9303704631225;28.9669520717176;6.11840540820867;46.0818767992728;2.05608224821468;0.0;2.11722430026374
FR_CRS3035RES1000mN2092000E4223000;0;2A032;529.868499419867;97.1670550474594;304.674140777039;128.027303595369;271.736245781402;471.829155557735;258.132253638465;29.2517412061499;485.465125426842;37.4123058731534;1.05861215013187;28.787602655982
FR_CRS3035RES1000mN2092000E4224000;0;2A032;637.981157333639;88.7502940088098;415.6791389002;133.55172442463;330.075178062053;563.501803875386;307.905979271586;47.8359914084608;561.275617930872;67.6830817089181;3.08412337232202;26.6433620497926
FR_CRS3035RES1000mN2092000E4226000;0;2A032,2A104,2A181;115.430263969876;13.6048457812233;80.6690284426123;21.15638974604;57.2033577510231;103.264792482244;58.2269062188525;6.99425082969429;101.893942088418;12.5427600745797;0.0;5.17122065793776
FR_CRS3035RES1000mN2092000E4228000;0;2A104,2A181;75.7420364859486;12.9812924643439;41.1053158893954;21.6554281322093;39.0790075823755;63.6736503587855;36.6630289035731;0.0;71.6331672228456;4.10886926310293;0.0;12.0683861271631
FR_CRS3035RES1000mN2092000E4229000;0;2A104,2A181;60.9729495791105;10.8630070806324;43.0903925894899;7.01954990898823;31.9868996727386;54.108570693463;28.9860499063719;4.88733832233489;56.9902914841149;3.0084262975245;0.0;1.97704056331261
FR_CRS3035RES1000mN2092000E4230000;0;2A104,2A181;73.7760082947282;6.96271697398775;48.4592050160188;18.3540863047216;32.3508533439013;68.6057124437318;41.4251549508269;3.06704411957652;66.697941712755;6.07525781613176;0.0;2.10325173141993
FR_CRS3035RES1000mN2092000E4250000;0;2A099;250.628359480788;36.8909006578778;136.292856713962;77.4446021089482;119.355174486821;229.756733100557;131.273184993967;9.9413171814816;203.838900569943;42.8084953188346;2.97948628553159;10.930309198749
FR_CRS3035RES1000mN2093000E4214000;0;2A004;672.887625806696;99.0828714925917;430.299827550395;143.50492676371;336.200897706325;612.359189019161;336.686728100372;40.7907424323177;634.501070991881;33.8006828297329;0.0;19.7376943552178
FR_CRS3035RES1000mN2093000E4215000;0;2A004;3013.19724966844;650.847464045068;1726.58783363056;635.761951992809;1641.23105016341;2627.90934371412;1371.96619950503;177.323131999908;2785.94988954226;178.757256801411;15.4895887076837;207.964773954412
FR_CRS3035RES1000mN2093000E4216000;0;2A004;10436.6368432337;2109.83264687705;6065.0289060399;2261.77529031671;5589.98589625542;8411.96791823742;4846.65094697823;1110.50528522471;9561.33537808454;712.237774766505;35.7516746646163;914.163639771536
FR_CRS3035RES1000mN2093000E4217000;0;2A004;8536.08641636921;1472.94609915098;5194.66816428778;1868.47215293045;4583.54708948316;7245.36516045668;3952.53932688605;762.283383302444;7665.2209701784;760.14748222503;17.1147727194718;528.437872610083
FR_CRS3035RES1000mN2093000E4218000;0;2A004;659.738462794576;105.636556290425;414.041909749474;140.059996754677;377.794080161718;602.544708580057;281.944382632858;39.2061517813463;607.26202683128;41.3687898520677;1.14685523948612;17.9876024331735
FR_CRS3035RES1000mN2093000E4220000;0;2A004;1432.18297174664;315.425205296301;983.390045781937;133.367720668399;764.246243860291;1331.48536563714;667.936727886345;38.201575175207;1326.00897510127;94.9751470516117;0.0;62.4960309342846
FR_CRS3035RES1000mN2093000E4223000;0;2A032;53.6042368385022;7.08013267091228;37.2061770287027;9.31792713888718;29.8290342874602;51.5761025843546;23.775202551042;0.0;51.4870125382385;2.11722430026374;0.0;2.02813425414757
FR_CRS3035RES1000mN2093000E4224000;0;2A032;599.672036553978;88.3845991371537;350.446572202926;160.840865213897;320.77236562283;547.279370207372;278.899670931147;28.135390876076;535.392433681288;61.2251676840484;0.0;24.2572754705299
FR_CRS3035RES1000mN2093000E4229000;0;2A181;51.4413770650797;7.51054671678189;35.6150755042647;8.31575484403305;23.1312675899332;47.4645363064976;28.3101094751465;2.98327895170462;49.5507537157471;0.993561806877486;0.0;0.993561806877486
FR_CRS3035RES1000mN2093000E4231000;0;2A181;93.6972594260756;1.98971714482713;46.1323874668736;45.5751548143749;53.4020702923883;78.8753038055868;40.2951891336873;6.04563765293993;67.5147088143159;26.1825506117597;0.0;8.77631796754881
FR_CRS3035RES1000mN2093000E4246000;0;2A322;80.6142713723442;8.06142713723442;45.3455276469436;27.2073165881662;39.2994572940178;75.5758794115727;41.3148140783264;5.03839196077151;69.5298090586469;10.076783921543;0.0;0.0
FR_CRS3035RES1000mN2093000E4247000;0;2A268;19.5300719542964;0.930003426395064;8.37003083755558;10.2300376903457;10.2300376903457;15.8100582487161;9.30003426395064;1.86000685279013;17.6700651015062;1.86000685279013;0.0;1.86000685279013
FR_CRS3035RES1000mN2093000E4248000;0;2A089,2A268;40.9201507613828;3.72001370558026;21.3900788070865;15.8100582487161;20.4600753806914;35.3401302030125;20.4600753806914;3.72001370558026;37.2001370558026;3.72001370558026;0.0;1.86000685279013
FR_CRS3035RES1000mN2093000E4265000;0;2B342;43.7191777796066;5.13048207038769;29.1477696799421;9.44092602927674;23.1059782321116;40.9024308950571;20.613199547495;2.81674688454949;34.6986553472602;7.98598604870766;0.0;0.0
FR_CRS3035RES1000mN2093000E4269000;0;2B342;146.121656720481;23.6433368253286;92.4206783615093;30.0576415336427;73.2570380410458;120.543258536951;72.8646186794348;16.8428732208832;131.627453073254;14.4942036472265;0.0;8.73552496264627
FR_CRS3035RES1000mN2094000E4214000;0;2A004;119.366484774524;11.2398674582915;66.2470311907785;41.8795861254541;55.3971228503599;110.713009832073;63.9693619241642;3.84935938076438;114.99386224345;3.49615628458688;0.0;4.80411556168715
FR_CRS3035RES1000mN2094000E4215000;0;2A004;456.951407545932;63.1725824130115;277.051852662712;116.726972470208;238.501025236168;411.03792239233;218.450382309763;25.5526030188332;411.001152409936;43.5900505634749;0.968923035330756;20.3608821347681
FR_CRS3035RES1000mN2094000E4216000;0;2A004;1394.21237433532;218.721219256991;851.242704702944;324.248450375389;753.635790698955;1207.27158665709;640.576583636369;97.3428997143963;1229.12376604957;150.689648575036;2.9400530994352;89.59788796384
FR_CRS3035RES1000mN2094000E4217000;0;2A004;3580.93859823551;616.075610241516;2113.05649660089;851.806491393105;1851.83915138701;3022.68652992152;1729.0994468485;385.682898211541;3239.34031548835;310.994194353937;0.0;172.569170102443
FR_CRS3035RES1000mN2094000E4218000;0;2A004;412.008623773416;62.2432945105489;289.174751685548;60.5905775773192;221.111992996019;362.578863391311;190.896630777397;29.4139592992975;300.152563018088;107.257138607293;0.0;20.0158010828072
FR_CRS3035RES1000mN2094000E4219000;0;2A004,2A271;693.469506059223;112.64425338012;385.503527282633;195.321725396471;379.086255699187;613.712304125972;314.383250360037;34.8826233167436;653.340867270568;32.024924516232;3.55656678175072;44.874578616508
FR_CRS3035RES1000mN2094000E4220000;0;2A004,2A271;1459.77649061071;372.660278592078;963.54761611056;123.568595908076;822.280080650431;1263.97360006158;637.496409960284;102.329797966293;1316.75085310558;121.0529684673;1.28105686447492;93.4730925828422
FR_CRS3035RES1000mN2094000E4221000;0;2A004,2A271;106.499959737717;24.252649709005;60.8674044322863;21.3799055964253;52.6607158922021;91.2561917238985;53.8392438455145;9.21271114934277;103.096993910765;3.40296582695165;0.0;6.03105686447529
FR_CRS3035RES1000mN2094000E4223000;0;2A032;27.5923307200414;1.02804112410734;23.3884531455385;3.1758364503956;11.647460938162;24.3850141480508;15.9448697818794;2.14870442185874;26.5022384483146;1.09009227172687;0.0;1.05861215013187
FR_CRS3035RES1000mN2094000E4224000;0;2A032;157.468604504104;28.2611047986522;94.1265420668846;35.0809576385667;78.7653278258615;144.244691967131;78.703276678242;4.05367097141283;128.699897061313;25.7431030905598;0.0;9.17024156555985
FR_CRS3035RES1000mN2094000E4225000;0;2A032;158.133756491663;36.4972120534072;99.3714818771801;22.2650625610757;72.1016650057479;145.705549924301;86.032091485915;4.14273552245389;133.779442690064;23.3262726774917;0.0;8.28547104490779
FR_CRS3035RES1000mN2094000E4229000;0;2A181;36.008326953135;8.54619774197511;25.37085390528;2.09127530587986;17.4591324409176;34.1671859187927;18.5491945122174;0.944079491887202;30.1407336797063;4.92351378154147;0.0;0.897061542455104
FR_CRS3035RES1000mN2094000E4249000;0;2A089;35.449446604366;0.984706850121278;13.7858959016979;20.6788438525468;12.8011890515766;34.4647397542447;22.6482575527894;0.984706850121278;34.4647397542447;0.984706850121278;0.0;0.0
FR_CRS3035RES1000mN2094000E4250000;0;2A089;90.5930302111576;1.96941370024256;46.2812219557001;42.342394555215;42.342394555215;83.7000822603087;48.2506356559426;6.89294795084895;85.6694959605512;4.92353425060639;0.0;0.0
FR_CRS3035RES1000mN2094000E4269000;0;2B342;74.5235991881276;17.5538183704835;55.1437193087229;1.8260615089212;38.4169007466668;52.5465845203368;36.1066984414608;6.17370152797293;65.1687773077195;8.27629106910998;0.0;15.8033131398179
FR_CRS3035RES1000mN2094000E4270000;0;2B342;85.3985440912267;6.16501845402644;59.3543835622008;19.8791420749994;38.4378713653253;69.0889169322887;46.9606727259014;10.5951764482625;84.3640077075879;0.0;0.0;5.71445071067549
FR_CRS3035RES1000mN2095000E4215000;0;2A004,2A006;369.286852692453;74.5358984519127;211.230614720949;83.520339519591;180.932236424734;346.783881696578;188.354616267719;13.9513099218386;351.631722455297;13.6096172134404;0.0;8.55166107403646
FR_CRS3035RES1000mN2095000E4217000;0;2A004,2A006;82.9602579896272;18.0041879173374;43.2776150805437;21.678454991746;37.5128628109607;76.0145081812099;45.4473951786665;2.94126283213271;78.9602579896272;3.0;0.0;4.0044869762846
FR_CRS3035RES1000mN2095000E4218000;0;2A004;1072.44781882317;141.238891772907;620.404195661955;310.804731388312;471.854236883831;851.104361360256;600.593581939342;167.052904854092;987.647107333381;71.2423816039797;2.80781072326928;54.2905526088252
FR_CRS3035RES1000mN2095000E4219000;0;2A001,2A004,2A271;1277.33552290395;240.166724451911;820.302993596524;216.865804855518;669.881929372712;1161.29646382294;607.453593531241;50.8072598109638;1115.82388728798;133.171970565705;12.5141173706724;65.2317992700507
FR_CRS3035RES1000mN2095000E4220000;0;2A001,2A271;301.728225276185;30.6250897207161;243.629007518633;27.4741280368356;148.733021030762;247.644375462665;152.995204245423;19.3224251381789;252.954571228965;42.7320689498008;2.05885983045816;34.7614246753412
FR_CRS3035RES1000mN2095000E4221000;0;2A001,2A271;175.915124975016;20.9420921484354;119.320842516739;35.6521903098409;88.9799978203565;142.266188122322;86.9351271546591;10.2388434749104;146.312554840377;24.544233674426;3.05244112191183;23.4100933777828
FR_CRS3035RES1000mN2095000E4224000;0;2A032,2A103;81.7158455113977;21.9468129206588;53.2668986926601;6.50213389807882;43.5819887334983;72.42846390346;38.1338567778994;2.14870442185874;72.521086077104;8.16671831018637;0.0;7.13867718607903
FR_CRS3035RES1000mN2095000E4225000;0;2A032,2A103;161.674038455168;25.6500582941389;105.53677290619;30.4872072548387;84.8127932341286;147.151415307809;76.8612452210391;9.38065184213362;149.67687542452;11.9971630306482;0.0;5.14197130522505
FR_CRS3035RES1000mN2095000E4232000;0;2A181;200.330130395467;26.7040749688447;118.7584819896;54.8675734370224;99.7218574241541;186.822294139852;100.608272971313;11.306950324458;188.550648595764;10.8354023078161;0.0;2.20088593115686
FR_CRS3035RES1000mN2095000E4269000;0;2B342;66.4311646647826;7.12046567877739;38.5185261565451;20.79217282946;33.919262022004;62.6220812444004;32.5119026427786;1.86488881950504;66.4311646647826;0.0;0.0;1.94419460087715
FR_CRS3035RES1000mN2095000E4270000;0;2B342;148.424517330513;19.8961358663446;84.1303073878324;44.3980740763363;74.2612767903425;128.001138865955;74.1632405401707;16.6142950441762;143.742881626459;3.72977763901008;0.951858065044443;3.80908342038219
FR_CRS3035RES1000mN2096000E4210000;0;2A351;91.7859258245619;14.2208955232672;59.1563907505033;18.4086395507913;46.3311444256876;87.7099745004804;45.4547813988743;1.05152234447929;78.8844367107974;11.9349359063355;0.0;3.02442897960218
FR_CRS3035RES1000mN2096000E4211000;0;2A351;101.023381262887;11.2812910733871;74.6181557259824;15.1239344635177;46.6767685848833;88.1168157128855;54.3466126780039;10.8902795636002;99.9718589184079;1.05152234447929;0.0;2.01628598640145
FR_CRS3035RES1000mN2096000E4214000;0;2A006;53.3991202881472;9.05511907154233;28.1782590518322;16.1657421647727;28.2014850360535;47.3391538439285;25.1976352520937;6.05996644421874;50.3778342709294;2.01998881473958;0.0;0.0
FR_CRS3035RES1000mN2096000E4215000;0;2A004,2A006;356.234508749729;64.2706844534307;234.508507028963;57.455317267335;171.109558979613;329.068788365503;185.124949770115;11.0796422824043;340.125254808405;12.0908920687774;0.0;16.0860781018208
FR_CRS3035RES1000mN2096000E4216000;0;2A006;50.3371888166119;5.02965348239355;40.2604539639735;5.04708137024488;28.18990555822;46.3001186168986;22.1472832583919;1.00999440736979;44.3004483325215;6.03674048409041;0.0;3.0270757923435
FR_CRS3035RES1000mN2096000E4218000;0;2A004,2A006;329.990285562771;45.2133357478737;211.13843415951;73.638515655387;166.981305475874;299.736003097608;163.008980086897;15.1345957654474;313.792705007658;14.1949778287729;0.0;15.1196866997158
FR_CRS3035RES1000mN2096000E4219000;0;2A004,2A006;93.8851469799494;21.8673999090936;59.9007132185221;12.1170338523338;45.8848979153242;79.7974335905279;48.0002490646252;3.02998322210937;82.7897372540489;11.0954097259005;0.0;11.0577301673122
FR_CRS3035RES1000mN2096000E4220000;0;2A001;69.5205508390968;11.2028140526409;43.9282858121515;14.3894509743043;35.8294221680103;61.3394174792811;33.6911286710865;1.01748037397061;61.3907194189174;8.12983142017939;0.0;7.16365298584507
FR_CRS3035RES1000mN2096000E4221000;0;2A001,2A271;102.81980976885;13.1454935133222;75.4485868028473;14.2257294526805;47.89143857699;92.7403104114594;54.92837119186;3.01315679373454;98.6877432703534;4.13206649849664;0.0;7.06634256365613
FR_CRS3035RES1000mN2096000E4222000;0;2A271;489.314045584978;66.9519016345275;322.528840452707;99.8333034977439;250.562450054469;442.782056600586;238.751595530509;21.8554671981373;443.914642470334;45.3994031146441;0.0;24.6765217862543
FR_CRS3035RES1000mN2096000E4223000;0;2A103;63.7427830381395;10.4300590397707;44.9120226299645;8.40070136840429;36.540354440423;50.5070777126675;27.2024285977165;9.1282035554614;53.9782634775609;9.76451956057867;0.0;4.10750177001059
FR_CRS3035RES1000mN2096000E4224000;0;2A103;253.214761607376;37.6253490398343;164.024253156545;51.5651594109969;120.936026173172;222.269832294351;132.278735434204;21.1251244146572;203.805457533023;43.746158707887;0.0;9.81980489836761
FR_CRS3035RES1000mN2096000E4225000;0;2A103;233.980157020658;34.8137208621942;131.664294517778;67.5021416406859;121.19420578559;202.837941611585;112.785951235068;19.4007513120983;223.316162229486;8.66552924395521;0.0;11.7414640969747
FR_CRS3035RES1000mN2096000E4252000;0;2A200;92.3648435394266;5.95902216383397;39.7268144255598;46.6790069500328;45.6858365893938;83.4263102936756;46.6790069500328;6.95219252447297;91.3716731787875;0.993170360638995;0.0;1.98634072127799
FR_CRS3035RES1000mN2096000E4261000;0;2B277;48.6338638680348;1.0239198131887;23.3075475400347;24.3023965148114;29.7950480533581;48.6338638680348;18.8388158146767;0.0;47.7876355868573;0.846228281177494;0.0;0.0
FR_CRS3035RES1000mN2096000E4269000;0;2B277,2B342;70.3572358720077;7.19955483766519;41.4541286106263;21.7035524237162;36.0115173289901;67.5404889874582;34.3457185430176;2.81674688454949;62.2463014400863;6.04186166464388;0.0;0.0
FR_CRS3035RES1000mN2096000E4270000;0;2B277,2B342;120.020384675965;19.4038984115125;69.3858135359943;31.2306727284583;62.3510425567387;107.479222032994;57.6693421192264;9.52023181064885;113.264509087558;5.72133920476873;0.0;3.02093083232194
FR_CRS3035RES1000mN2097000E4211000;0;2A351;67.3534623154517;9.50775162634955;43.9760264553569;13.8696842337452;30.5646486928131;59.2847392388322;36.7888136226386;5.96567838766091;61.2160560881834;5.17085301983932;0.0;2.10304468895858
FR_CRS3035RES1000mN2097000E4214000;0;2A006;375.670717457307;40.0957640795365;187.253351877951;148.32160149982;193.466979194273;316.147767679856;182.203738263034;40.3504838528585;355.557851527154;19.1173252171994;0.0;19.1724659245926
FR_CRS3035RES1000mN2097000E4215000;0;2A006;48.2822606756612;14.0673280235265;28.1607810674476;6.054151584687;22.1269563826227;46.2622718609216;26.1553042930384;1.00999440736979;44.2655090063104;4.01675166935083;0.0;1.00999440736979
FR_CRS3035RES1000mN2097000E4216000;0;2A006;332.230637741607;52.2325340321606;229.515551604417;50.4825521050296;166.205303149241;292.001914877488;166.025334592366;18.1479928827511;300.052871116098;27.1481215126152;0.0;22.0807299813686
FR_CRS3035RES1000mN2097000E4217000;0;2A006;45.3481222984796;9.04638843683801;24.1730535029201;12.1286803587215;25.1917869627493;43.32813348374;20.1563353357303;2.01998881473958;39.2997855733243;5.04124974755134;0.0;0.0
FR_CRS3035RES1000mN2097000E4218000;0;2A006;380.454857590973;80.3642324088421;244.581461057489;55.5091641246417;186.207702836432;332.146304745576;194.247154754541;19.149273370323;367.374298038781;12.0734725745882;0.0;29.1592794750745
FR_CRS3035RES1000mN2097000E4219000;0;2A006,2A017;558.827218585795;78.3835582008959;354.870132268693;125.573528116206;278.347457266334;482.049257661735;280.479761319461;19.7045027430287;485.101790101855;65.5425685136228;0.0;57.0734581810312
FR_CRS3035RES1000mN2097000E4220000;0;2A001,2A017;95.4103593576959;19.1493338209775;62.9402531919817;13.3207723447367;43.6261736233702;84.2884714199001;51.7841857343258;10.0940849718125;85.2249230467796;10.1854363109163;0.0;1.02780296598331
FR_CRS3035RES1000mN2097000E4221000;0;2A001;324.846857321296;45.4813845539115;214.74475147417;64.6207212932148;162.038923008307;294.207032455993;162.807934312989;13.269673587027;300.312641497525;21.5020062332119;0.0;17.3701512782762
FR_CRS3035RES1000mN2097000E4222000;0;2A001,2A271;93.28159789323;19.610560372824;53.4845896840615;20.1864478363445;46.4840146042562;86.4262299459528;46.7975832889738;6.85536794727727;93.28159789323;0.0;0.0;0.0
FR_CRS3035RES1000mN2097000E4223000;0;2A271;85.057064736422;2.01902157880732;12.0190215788073;71.0190215788073;47.0095107894037;83.0380431576147;38.0475539470183;0.0;85.057064736422;0.0;0.0;2.01902157880732
FR_CRS3035RES1000mN2097000E4224000;0;2A103;370.444418465132;54.6158314512923;236.670276254939;79.1583107589005;201.698207186742;333.942173077877;168.74621127839;21.4570213084925;336.984448547741;28.5824855685087;2.88226233909855;15.0452240787628
FR_CRS3035RES1000mN2097000E4225000;0;2A103;277.748904712427;38.0004507515278;185.009866189562;54.7385877713371;144.782478356879;240.007525595166;132.966426355548;25.9231086716771;248.428720301375;26.4901436217932;1.93993667199535;11.818270445584
FR_CRS3035RES1000mN2097000E4226000;0;2A103;38.871811352213;3.82458800620176;26.474178889376;8.57304445663523;23.9886445270962;35.7584867544505;14.8831668251168;3.11332459776247;37.9294856851098;0.942325667103203;0.0;0.0
FR_CRS3035RES1000mN2097000E4228000;0;2A103;65.4599097089038;14.2548267954557;38.5211028541582;12.6839800592898;31.0495521621882;62.5191184945842;34.4103575467156;2.94079121431955;47.0482330863343;16.4717399505741;0.0;0.0
FR_CRS3035RES1000mN2097000E4260000;0;2B365;24.5228836684951;0.0;11.3182540008439;13.2046296676512;10.3750661674402;22.6365080016878;14.1478175010549;1.88637566680732;24.5228836684951;0.0;0.0;0.0
FR_CRS3035RES1000mN2097000E4268000;0;2B277;48.3989748191176;8.2339431818051;32.8591271254155;7.30590451189703;20.6044304815982;46.414166180021;27.7945443375194;1.0239198131887;48.3989748191176;0.0;0.0;0.96088882590791
FR_CRS3035RES1000mN2097000E4270000;0;2B251,2B277;23.0782245061242;1.0236605811444;13.8649852255631;8.18957869941664;13.978464866343;22.05877672418;9.09975963978122;1.0194477819442;21.0224429272179;2.05578157890633;0.0;0.0
FR_CRS3035RES1000mN2097000E4271000;0;2B251;33.6761886812955;5.05963493591541;19.3993783067717;9.2171754386084;16.303171280477;29.6108110626799;17.3730174008185;4.06537761861558;31.6288675190067;2.04732116228881;0.0;0.0
FR_CRS3035RES1000mN2098000E4210000;0;2A006,2A351;101.568888987384;11.2893801425448;60.1428159133491;30.13669293149;46.3823824345027;86.3148164700305;55.1865065528812;11.178121193272;91.8600513882929;7.81560523097546;0.0;4.07595132408147
FR_CRS3035RES1000mN2098000E4214000;0;2A006;82.3265153925865;23.0559437460667;53.2540912748755;6.01648037164432;40.1619688392217;74.2871888971322;42.1645465533647;8.03932649545424;73.277194537879;5.03543488801961;0.0;0.0
FR_CRS3035RES1000mN2098000E4215000;0;2A006;150.953825962852;29.1505653147629;97.624233698331;24.1790269497576;65.4232997707075;141.901622666482;85.530526192144;3.02126930231142;139.867121811412;9.07253019623186;0.0;6.03093399405833
FR_CRS3035RES1000mN2098000E4218000;0;2A006;368.474205401859;48.2416736873766;262.740983031869;57.4915486826135;176.20933506034;334.195267447029;192.264870341518;26.2192928566647;334.265054107095;30.1778875850828;2.01998881473958;8.05964509816507
FR_CRS3035RES1000mN2098000E4219000;0;2A006,2A017;219.723909817467;25.3864585053655;130.62099974802;63.7164515640816;108.910773373912;198.408256043869;110.813136443555;11.0114874096878;200.444370211899;18.2724526279642;0.0;10.3041663639099
FR_CRS3035RES1000mN2098000E4220000;0;2A001,2A017;767.803657501226;118.123465449445;461.642124127873;188.038067923908;403.701383859056;697.888846815464;364.102273642171;41.7706899428354;696.678179262178;67.0759945802402;0.0;28.1441207429266
FR_CRS3035RES1000mN2098000E4221000;0;2A001;801.143124495816;133.864203516029;463.560104755841;203.718816223947;401.377711745791;745.743111508762;399.765412750026;36.9608699551966;752.505759775852;40.5788625370533;4.04958733228425;18.4391430318576
FR_CRS3035RES1000mN2098000E4222000;0;2A001,2A271;77.1336952044192;10.0423683277097;50.7162808841439;16.3750459925656;37.5287723085433;71.1100501064314;39.6049228958758;2.00440662457636;72.0765374787334;3.05275110110933;0.0;4.01923847341144
FR_CRS3035RES1000mN2098000E4224000;0;2A103,2A271;143.328703110516;20.183949983112;91.2184024278599;31.9263506995445;68.8435307268577;124.422633180752;74.4851723836587;10.8299836145355;126.705858503442;16.6228446070744;0.0;8.07608631522929
FR_CRS3035RES1000mN2098000E4225000;0;2A103;185.185051590286;20.0829786823813;133.824756597046;31.2773163108586;96.0766813330791;173.781999119998;89.1083702572066;2.05375088500529;158.707431436373;25.4800091490209;0.0;9.34930158528249
FR_CRS3035RES1000mN2098000E4226000;0;2A103;40.6812504927071;4.76997746125382;20.062307164468;15.8489658669853;20.0554394991799;37.5128308523676;20.6258109935271;0.0;40.6812504927071;0.0;0.0;3.16841964033944
FR_CRS3035RES1000mN2098000E4229000;0;2A103;93.5135094289699;18.1930492651842;55.0610466527528;20.2594135110329;44.3734829001801;85.2788438234157;49.1400265287899;5.34609594107479;86.4097408116389;5.10854660754676;0.0;2.88856966447947
FR_CRS3035RES1000mN2098000E4230000;0;2A103;195.03083759479;37.1377708602465;128.218552277418;29.6745144571255;102.331636599711;186.810011227017;92.6992009950789;5.10750177001059;173.875847439079;18.272727816612;0.0;3.11332459776247
FR_CRS3035RES1000mN2098000E4260000;0;2B365;53.7617065040085;1.88637566680732;31.1251985023207;20.7501323348805;31.1251985023207;50.9321430037975;22.6365080016878;0.0;51.8753308372012;1.88637566680732;0.0;2.82956350021097
FR_CRS3035RES1000mN2098000E4262000;0;2B135;52.5675110311465;0.0;28.4291145877176;24.1383964434288;25.2255502145044;50.635911649164;27.3419608166421;0.958794393848962;51.6087166372975;0.958794393848962;0.0;0.972804988133485
FR_CRS3035RES1000mN2098000E4265000;0;2B277;40.0372498516886;0.0;28.5054694974703;11.5317803542183;21.3256269601349;39.0133300384999;18.7116228915537;1.0239198131887;40.0372498516886;0.0;0.0;0.0
FR_CRS3035RES1000mN2098000E4267000;0;2B277;68.4466687938205;8.96551091825218;40.0612791487826;19.4198787267857;37.835747990394;55.5655267035018;30.6109208034265;12.8811420903187;66.3988291674431;2.0478396263774;0.0;0.0
FR_CRS3035RES1000mN2098000E4268000;0;2B277;32.8831712531155;5.46957849018597;21.135742679226;6.27785008370348;18.1228796119359;31.9814333202599;14.7602916411796;0.901737932855611;30.0005047753918;1.92177765181582;0.0;0.0
FR_CRS3035RES1000mN2098000E4270000;0;2B251;228.226769352847;44.6423022206807;142.599867628606;40.9845995035605;114.092104705895;190.518956603005;114.134664646953;14.2809200765152;194.751261884248;33.4755074685999;0.0;23.4268926733275
FR_CRS3035RES1000mN2098000E4271000;0;2B251;131.453017321903;23.3429982834401;74.4255434578863;33.6844755805771;71.3334626855921;116.177581717758;60.1195546363114;9.13347211727909;103.877166138207;25.5536341540254;0.0;6.14196348686643
FR_CRS3035RES1000mN2099000E4210000;0;2A017;77.4788108478474;4.03355151223051;31.0372384627166;42.4080208729003;40.7764554057753;66.9141255360294;36.7023554420721;7.70862405133833;75.6007261268208;1.87808472102657;0.0;2.8560612604797
FR_CRS3035RES1000mN2099000E4214000;0;2A006,2A017;83.5421383552722;16.0525864847327;45.3394919291206;22.1500599414189;42.2775075540009;74.4753560865286;41.2646308012713;6.03970647640003;76.4692616802556;7.07287667501655;0.0;3.0270757923435
FR_CRS3035RES1000mN2099000E4215000;0;2A006;200.370684024167;32.1717763192067;130.834837282269;37.3640704226912;93.6392724849896;195.346820316899;106.731411539178;3.02126930231142;180.266439949592;20.1042440745749;0.0;2.00259440495642
FR_CRS3035RES1000mN2099000E4217000;0;2A006,2A017;193.093591214956;38.8671320668414;116.126299998198;38.1001591499165;95.9319768460355;176.914930128309;97.1616143689202;10.1159453920798;191.08521538028;2.00837583467541;0.0;6.06271569456661
FR_CRS3035RES1000mN2099000E4218000;0;2A006,2A017;319.037673550053;54.4665916562673;181.69647184748;82.8746100463059;161.198099375341;291.241710652502;157.839574174712;14.6254118743668;298.24288248433;19.7906031483851;0.0;13.1705510231837
FR_CRS3035RES1000mN2099000E4219000;0;2A001,2A017;222.485606041789;42.7799005529313;149.500392485032;30.205313003826;115.437877838361;209.319153251416;107.047728203428;3.99468426357868;205.363470097065;16.1036109537983;0.0;9.17176852679461
FR_CRS3035RES1000mN2099000E4220000;0;2A001;409.239973036744;67.5804419584804;261.45784269855;80.2016883797136;203.673678314787;370.500663538132;205.566294721956;20.4032929100149;373.625568058061;34.6071435232489;0.0;18.3360165885968
FR_CRS3035RES1000mN2099000E4221000;0;2A001;55.6210551845859;9.04583588053614;35.3198685383854;11.2553507656643;28.3908587982404;51.5303848312023;27.2301963863454;4.09067035338358;54.6438388040237;0.0;0.0;0.0
FR_CRS3035RES1000mN2099000E4222000;0;2A001,2A271;49.9155213666016;4.03063716770515;35.5858951792309;10.2989890196655;24.5151682647857;48.8877184006183;25.4003531018159;0.0;46.8216851513699;3.09383621523163;0.0;1.02780296598331
FR_CRS3035RES1000mN2099000E4223000;0;2A271;42.7194425599946;4.85945488571299;21.8321669710014;16.0278207032802;27.7433242962648;32.6014472498024;14.9761182637298;2.01902157880732;42.7194425599946;0.0;0.0;8.09897373138487
FR_CRS3035RES1000mN2099000E4224000;0;2A209,2A271;132.35817916624;18.4853467843016;76.0624282786232;37.8104041033153;68.7247532848557;123.311465382938;63.6334258813844;5.99377726120183;121.421876833389;10.9363023328511;0.0;3.05293652210041
FR_CRS3035RES1000mN2099000E4225000;0;2A209;443.679734791043;66.8651565370641;281.170803982717;95.6437742712622;231.249384527144;388.270311093417;212.430350263899;16.3271501980549;383.884094657744;54.6158339817141;0.877143142180705;39.0822734995711
FR_CRS3035RES1000mN2099000E4226000;0;2A209;309.882051177038;52.3417343871303;202.758899644095;54.781417145813;139.694562742364;289.218008817702;170.187488434674;6.4573312751419;286.508812825584;21.3633510139312;0.0;14.2067110841941
FR_CRS3035RES1000mN2099000E4230000;0;2A103;134.437040520812;18.8976177493134;77.3818480563095;38.1575747151891;65.7292433288805;126.412110607525;68.7077971919316;5.08413869896733;121.963197157741;12.4738433630711;0.0;2.94079121431955
FR_CRS3035RES1000mN2099000E4263000;0;2B135;43.0617641286705;1.98846368240608;29.3277390377736;11.7455614084908;20.6147366437301;42.1029697348215;22.4470274849403;0.958794393848962;41.0733004462644;0.0;0.0;0.0
FR_CRS3035RES1000mN2099000E4267000;0;2B251,2B277;137.884597506224;20.3219145816413;84.7281555984884;32.8345273260948;62.3583352944796;121.396368575201;75.5262622117449;11.3741214153928;118.51899058762;16.311459034509;0.0;5.11410751563037
FR_CRS3035RES1000mN2099000E4269000;0;2B251;382.592616172298;68.0182968279054;230.587358548815;83.9869607955771;186.700635166403;333.637486933342;195.891981005895;32.6353657545269;340.819979250504;34.6490715672849;0.0;16.319763484429
FR_CRS3035RES1000mN2099000E4270000;0;2B251;634.407348934299;128.705235424794;393.16129023198;112.540823277525;311.713927668511;514.286074119262;322.693421265788;60.1363554579894;580.542916455825;45.7421895266655;1.02789078945317;59.9849193570475
FR_CRS3035RES1000mN2099000E4271000;0;2B251;632.656640291482;105.386687926241;365.853503376255;161.416448988986;343.789203730906;481.008816627533;288.867436560575;102.742715840738;573.643046128339;52.9052293302128;1.0236605811444;48.9051078232105
FR_CRS3035RES1000mN2099000E4272000;0;2B251;23.5063304008451;1.0194477819442;14.3017759507288;8.18510666817214;13.2865409679848;19.4243264738681;10.2197894328603;4.082003926977;22.4826698197007;1.0236605811444;0.0;0.0
FR_CRS3035RES1000mN2099000E4274000;0;2B123;32.2503376649175;5.0328044367103;22.1715134316448;5.04601979656238;15.1210626552629;20.1491421431921;17.1292750096545;7.05612106942724;31.2415118433107;1.00882582160677;0.0;5.04507445229812
FR_CRS3035RES1000mN2099000E4275000;0;2B123;30.2364647436769;6.04068491570916;19.1516507199339;5.04412910803386;13.1024665519846;22.1819024857291;17.1339981916923;0.0;28.2188131004633;2.01765164321354;0.0;8.05456225794782
FR_CRS3035RES1000mN2100000E4211000;0;2A017;29.9105818964744;8.44723961842583;17.5903702991759;3.87297197887268;17.5463897367381;24.8112990608501;12.3641921597363;1.91701889996642;25.6675633155973;3.18226393565783;0.0;3.18226393565783
FR_CRS3035RES1000mN2100000E4217000;0;2A017;159.843421377131;22.2846020903262;101.195080299633;36.3637389871722;77.0985641484178;146.79538539611;82.7448572287131;9.95023135395007;153.169206065191;5.56948010428335;0.0;3.09780462707086
FR_CRS3035RES1000mN2100000E4218000;0;2A017;65.4485820186997;10.6550288309191;40.3185759906829;14.4749771970978;36.1664710334886;63.4910146672606;29.2821109852111;1.95756735143908;59.6585911398606;5.7899908788391;0.0;0.0
FR_CRS3035RES1000mN2100000E4219000;0;2A001,2A017;462.932000429412;67.9115963285172;293.282531981193;101.737872119703;229.932731528945;417.190804027983;232.999268900467;24.2292786960605;438.66467737547;21.1716076607821;0.0;21.5119177053688
FR_CRS3035RES1000mN2100000E4220000;0;2A001;133.036018600224;22.1407500135958;90.3895739170165;20.5056946696117;62.9768563353588;114.760391801156;70.0591622648653;12.1907697808744;128.914379419009;4.12163918121494;0.0;6.08485701819326
FR_CRS3035RES1000mN2100000E4221000;0;2A001;24.4419418673739;2.0145229108673;21.3996159905233;1.02780296598331;12.2313458883341;22.4068774459569;12.2105959790397;2.03506442141696;24.4419418673739;0.0;0.0;0.0
FR_CRS3035RES1000mN2100000E4222000;0;2A001,2A271;36.3585479445599;8.81079264366693;21.5384895116052;6.00926578928775;15.6249321365381;32.4048880872388;20.7336158080218;0.0;36.3585479445599;0.0;0.0;3.95365985732113
FR_CRS3035RES1000mN2100000E4224000;0;2A271;138.286755526474;19.315616154138;103.004861204502;15.9662781678345;64.4055061732009;130.273065595378;73.8812493532733;3.99674259855447;129.570008872548;7.74898667358007;0.0;4.01694733254127
FR_CRS3035RES1000mN2100000E4225000;0;2A209,2A271;214.544544363418;41.4661511233203;144.510733854027;28.5676593860705;108.608709296641;190.955618965821;105.935835066776;15.3085628886954;180.005688932908;25.0676193374276;3.95735914176238;8.28036250890141
FR_CRS3035RES1000mN2100000E4226000;0;2A209;363.946223965857;60.2821050286564;214.681853037251;88.9822658999494;189.212964669724;340.999195309987;174.733259296133;13.3554482835909;334.986257198922;26.5762107248874;0.0;9.59158037227885
FR_CRS3035RES1000mN2100000E4227000;0;2A209;189.121541643795;30.0777810327975;116.878603095188;42.1651575158095;92.1377543826069;160.504043476503;96.9837872611884;19.4096250853291;176.307168532586;12.8143731112097;0.0;9.2078730819633
FR_CRS3035RES1000mN2100000E4228000;0;2A209;98.9691948812766;14.5227744935205;60.2783336301757;24.1680867575805;51.2937901314158;91.2838164816054;47.6754047498608;7.68537839967116;92.1988783994085;6.77031648186804;0.0;0.0
FR_CRS3035RES1000mN2100000E4229000;0;2A209;45.0866749017532;8.60548590712729;26.0558787684301;10.4253102261958;19.5724295363955;29.6838108342087;25.5142453653577;1.00494366876166;34.9756937621269;0.877143142180705;9.23383799744556;14.3979203987828
FR_CRS3035RES1000mN2100000E4230000;0;2A209;57.7234048408843;8.61030302723472;42.0959566762039;7.01714513744564;22.9412310424941;53.1525044498356;34.7821737983902;2.69315765325717;51.0765448124464;6.64686002843792;0.0;1.87774273779153
FR_CRS3035RES1000mN2100000E4231000;0;2A209;82.262902925347;14.1908738440671;44.9969784395392;23.0750506417407;37.6250509305261;75.7394993503392;44.6378519948209;5.51845990624614;67.0932955886368;14.1646636679486;0.0;1.00494366876166
FR_CRS3035RES1000mN2100000E4241000;0;2A031;144.963754085511;12.0028767586908;80.675369128372;52.2855081984482;72.4832945544861;135.365129605069;72.4804595310249;2.02784648512955;131.31560484218;8.8323539590905;2.98066133495561;7.57077799531251
FR_CRS3035RES1000mN2100000E4242000;0;2A031;252.110440648601;30.2776105184652;142.65681430679;79.1760158233459;131.558908424331;241.704806718315;120.55153222427;4.96776889159268;232.348515504774;17.8530861780091;0.0;5.4378650386934
FR_CRS3035RES1000mN2100000E4261000;0;2B135;65.5544308294857;4.124988655329;28.6482950575932;32.7811471165635;32.4144978363206;52.8935459236754;33.1399329931651;8.75544962609662;61.6063495682326;2.96106094593978;0.0;3.90543527971371
FR_CRS3035RES1000mN2100000E4262000;0;2B135;33.922693434797;0.972804988133485;15.5232574930727;17.4266309535908;14.5362371777594;32.9498884466635;19.3864562570376;0.0;30.0454840765476;3.87720935824942;0.0;0.972804988133485
FR_CRS3035RES1000mN2100000E4264000;0;2B251;27.6096937055014;2.0305046404133;17.3771616353268;8.20202742976129;12.2672321723254;18.409230477409;15.342461533176;2.05578157890633;27.6096937055014;0.0;0.0;7.1446816491861
FR_CRS3035RES1000mN2100000E4267000;0;2B251;84.6319363433939;17.2719276270606;49.9661001239194;17.393908592414;48.9341006319827;71.3620906061022;35.6978357114112;11.2267373742031;73.4010727862478;11.2308635571462;0.0;2.0431083630886
FR_CRS3035RES1000mN2100000E4268000;0;2B251;482.518241876161;86.2221016547191;287.724161275874;108.571978945568;254.069936359864;410.09845902475;228.448305516297;37.7748722139352;414.381503922463;62.0326203811342;0.0;34.6449106374758
FR_CRS3035RES1000mN2100000E4269000;0;2B251;385.373120529274;73.1198006211541;229.328091854755;82.9252280533651;201.924670631813;328.29597308542;183.448449897461;30.6091431921082;341.528058524865;39.7756618001072;1.0194477819442;26.4680042517457
FR_CRS3035RES1000mN2100000E4270000;0;2B251;221.031691347865;39.5244996780879;134.384858887659;47.1223327821181;103.914565337576;174.345641559146;117.117126010289;29.3636549725759;204.808286493189;13.202614039016;0.0;17.3223948161436
FR_CRS3035RES1000mN2100000E4272000;0;2B123;40.3511554511627;1.00788136237054;27.2383060336631;12.1049680551291;19.1667505764325;31.2698305981172;21.1844048747302;4.03435971221887;36.3139605911791;3.02931349761309;0.0;5.04696514082663
FR_CRS3035RES1000mN2100000E4275000;0;2B123;64.4007975219718;15.0899387890044;47.2969822749281;2.0138764580392;20.1152166865694;26.1634396219531;44.2855808354024;4.02398391285411;53.3357624078313;4.02775114933505;5.02435108180298;34.2133739871646
FR_CRS3035RES1000mN2101000E4217000;0;2A017;49.5576666786136;9.59427418569978;33.0298688630893;6.93352362982452;25.2449907264041;46.5426401573089;24.3126759522095;0.977976539453133;49.5576666786136;0.0;0.0;2.03704998185159
FR_CRS3035RES1000mN2101000E4218000;0;2A017;76.0460412539675;9.33564353550608;48.0363127976009;18.6740849208606;37.305096811623;73.1121116356081;38.7409444423446;2.9339296183594;72.9837386948714;3.0623025590961;0.0;0.0
FR_CRS3035RES1000mN2101000E4224000;0;2A271;26.0385735237505;6.94000057538536;17.0795513695578;2.01902157880732;11.9669089473281;25.0501585594202;14.0716645764224;0.0;20.0232501874774;5.02690837194274;0.0;0.988414964330283
FR_CRS3035RES1000mN2101000E4225000;0;2A271;101.29637468311;28.9983686363447;63.275246167355;9.02275987941062;60.8856474301368;96.2699165611654;40.4107272529735;3.02853236821098;88.6663597968949;9.80678314788699;0.0;1.99792575373394
FR_CRS3035RES1000mN2101000E4226000;0;2A209,2A271;163.317802130808;14.4816649434918;112.460162753491;36.3759744338254;83.0140152069967;147.744317107374;80.3037869238113;7.77960422378053;147.457717635141;15.8600844956674;0.0;7.79388079965371
FR_CRS3035RES1000mN2101000E4227000;0;2A209,2A323;75.4851651180604;13.7808111657153;47.9349095963703;13.7694443559748;31.7715509938249;74.4094993657093;43.7136141242354;1.07566575235107;67.7453719556707;6.74371624068799;0.0;0.0
FR_CRS3035RES1000mN2101000E4228000;0;2A209,2A323;80.9343802309422;12.1636927114717;51.4583901763414;17.3122973431291;36.5588850278607;76.9098286623577;44.3754952030815;0.996076921701643;70.5932473364975;10.3411328944447;0.0;3.02847464688285
FR_CRS3035RES1000mN2101000E4262000;0;2B135;39.9612234053893;2.00288673418564;19.6007277794377;18.357608891766;19.5578740732986;37.986975050163;20.4033493320908;0.972804988133485;39.0024290115404;0.958794393848962;0.0;1.00144336709282
FR_CRS3035RES1000mN2101000E4264000;0;2B251;27.6076464909527;1.0;11.2146658990078;15.3929805919449;16.3735502191093;22.4851133769219;11.2340962718434;5.12253311403078;25.5518649120464;2.05578157890633;0.0;0.0
FR_CRS3035RES1000mN2101000E4267000;0;2B251;145.841728348403;24.3704585540897;88.688715129623;32.7825546646906;79.5767906793986;131.514606252328;66.2649376690047;12.2798009337867;118.3583155957;24.4334603303454;0.0;2.04732116228881
FR_CRS3035RES1000mN2101000E4271000;0;2B123;1283.83570618244;263.721339237941;778.983154476465;241.131212468033;624.815010138747;779.036731917147;659.020696043693;379.835741728871;1132.71188857954;129.988486615196;11.0697168190157;124.963232536422
FR_CRS3035RES1000mN2101000E4272000;0;2B123;200.593088474168;23.1652429211417;135.058088695874;42.3697568571529;93.7604081769904;162.278467667347;106.832680297178;24.2023848565371;178.405526304962;22.1875621692063;0.0;14.1122359502845
FR_CRS3035RES1000mN2102000E4212000;0;2A048;34.441166853041;5.30955122841266;15.1411834681001;13.9904321565283;17.3419251443501;34.441166853041;17.0992417086909;0.0;33.416590301707;0.0;0.0;0.0
FR_CRS3035RES1000mN2102000E4218000;0;2A017;89.5342493980482;14.8610704819355;58.2811828190486;16.3919960970642;44.3838137354987;83.8610610560287;45.1504356625495;3.79510362099298;74.4127973577748;14.1029270493476;0.0;1.87808472102657
FR_CRS3035RES1000mN2102000E4223000;0;2A336;263.265352896568;56.1763550604497;161.040279238962;46.0487185971563;130.444968498358;242.323915694288;132.82038439821;8.83619936055689;221.710426855356;38.1643819770797;0.0;12.1052378417234
FR_CRS3035RES1000mN2102000E4224000;0;2A271,2A336;109.425259654545;21.1346754444538;70.1182978844777;18.1722863256133;59.7218170342489;104.419006266587;49.7034426202959;2.01902157880732;96.5319101037493;11.9255895704498;0.0;2.98723180915081
FR_CRS3035RES1000mN2102000E4225000;0;2A271;19.9880753422084;3.85212066488216;12.0548193695692;4.08113530775702;9.04783307642938;17.9475076883298;10.940242265779;0.0;17.9475076883298;2.04056765387851;0.0;2.04056765387851
FR_CRS3035RES1000mN2102000E4228000;0;2A323;25.9091195843384;0.970196490074031;21.9758823885294;2.96304070573498;12.927280200033;25.9091195843384;12.9818393843054;0.0;25.9091195843384;0.0;0.0;0.0
FR_CRS3035RES1000mN2102000E4229000;0;2A062,2A323;53.3319859909271;7.87877475920987;32.1383584704359;13.3148527612813;27.0570210365291;44.2140257635278;26.274964954398;4.07052734113382;49.186835904307;4.14515008662007;0.0;5.04743288626543
FR_CRS3035RES1000mN2102000E4266000;0;2B251;49.0011240657689;4.0694002043017;31.6156237342926;13.3161001271745;20.4185494013531;47.9858717455622;28.5825746644157;1.01525232020665;47.9816762838247;1.0194477819442;0.0;0.0
FR_CRS3035RES1000mN2102000E4270000;0;2B123;163.280723815956;25.158376622446;95.747869811886;42.374477381624;78.6082384445007;126.00320872462;84.6724853714554;32.2343286733109;132.044871657777;21.1674152105897;8.0555022986701;5.04318641802511
FR_CRS3035RES1000mN2102000E4271000;0;2B123;810.380647499881;150.036643176533;512.023893742253;148.320110581094;436.462063588226;663.2289162862;373.918583911655;87.6923551509683;690.438904429389;102.808699949259;5.04035127108892;59.4593760627119
FR_CRS3035RES1000mN2102000E4272000;0;2B123;166.257143207594;36.2469517040272;112.865805140334;17.1443863632335;82.6293421725075;136.032005788668;83.627801035087;15.1087926396751;144.091287694338;14.1075154208459;2.01765164321354;15.1163447792513
FR_CRS3035RES1000mN2103000E4217000;0;2A048;40.5227350933404;6.30072371542028;25.294962923871;8.92704845404908;15.1944997539167;34.4619177652807;25.3282353394237;2.98444227453266;38.5909027175554;1.93183237578494;0.0;3.07637505352696
FR_CRS3035RES1000mN2103000E4218000;0;2A048;181.301068684677;23.1981795849518;115.481612679853;42.6212764198727;98.7007722383553;166.430496990164;82.6002964463218;9.98319494781409;160.769873205778;17.3320756798496;0.0;4.88737674669919
FR_CRS3035RES1000mN2103000E4223000;0;2A336;222.944809191369;51.2154240355894;140.238387204881;31.4909979508981;110.387128191733;197.762775256689;112.557680999636;9.73950106674589;190.291841420874;30.3136023400447;0.0;15.4425328679335
FR_CRS3035RES1000mN2103000E4224000;0;2A271,2A336;308.941475869514;35.3340756343853;140.014771132792;133.592629102337;174.819656333858;261.35946974016;134.121819535656;18.9802481350626;283.444448498204;22.6135391566606;0.0;28.6017579942913
FR_CRS3035RES1000mN2103000E4229000;0;2A323;158.400346541496;28.3985730119601;113.658330424235;16.3434431053015;78.5931075643369;144.577803469748;79.8072389771596;10.8336219343855;122.373794405861;34.0343982922325;0.0;2.9889211373626
FR_CRS3035RES1000mN2103000E4231000;0;2A062;42.5694411582025;4.90382974734216;30.6776364877263;6.98797492313403;21.7354375336356;39.5627566000541;20.8340036245668;0.0;40.5684887269753;2.00095243122712;0.0;3.0066845581484
FR_CRS3035RES1000mN2103000E4232000;0;2A062;21.9897003026933;3.98621953000638;13.996319998925;4.00716077376196;9.98910429084617;16.0025283414598;12.0005960118472;0.0;21.9897003026933;0.0;0.0;5.9871719612335
FR_CRS3035RES1000mN2103000E4261000;0;2B135,2B236;40.0213556020909;1.00144336709282;13.7120353791408;25.3078768558573;19.5917220057854;39.0485506139575;20.4296335963056;0.972804988133485;33.0977903431185;5.92212189187957;0.0;0.0
FR_CRS3035RES1000mN2103000E4266000;0;2B251;70.3594933065639;20.3387657784421;42.8550860510024;7.16564147711939;33.6379104691022;65.2495466490968;36.7215828374617;3.05839528686953;61.1760202615572;5.10568191722996;0.0;2.05155137059757
FR_CRS3035RES1000mN2103000E4269000;0;2B123;31.2405797612137;2.01482091727544;27.2062165121962;2.01954233174206;13.094917064179;20.149154518675;18.1456626970347;5.04602245081788;28.2169330223315;3.02364673888221;0.0;6.04540279172081
FR_CRS3035RES1000mN2103000E4270000;0;2B123;64.513904826125;3.02270051207484;46.3597579090727;15.1314464049774;28.2348565353115;43.3587472647419;36.2790482908135;13.0902124370924;64.513904826125;0.0;0.0;8.06494512429066
FR_CRS3035RES1000mN2104000E4217000;0;2A048;46.9775360414709;10.5216414466892;28.6129734771682;7.84292111761343;22.4042084061974;43.9930937669382;24.5733276352735;2.98444227453266;46.9775360414709;0.0;0.0;0.0
FR_CRS3035RES1000mN2104000E4229000;0;2A323;104.033412650813;11.5720609539846;70.7675127224138;21.6938389744149;47.5285174967717;92.7290196968339;56.5048951540415;10.2817452283925;81.5792364193737;22.4541762314396;0.0;1.02264772558692
FR_CRS3035RES1000mN2104000E4230000;0;2A345;47.7226806626814;12.205702854344;31.669813236789;3.84716457154836;21.2541168980425;42.4246290263353;26.4685637646389;4.18997785175617;47.7226806626814;0.0;0.0;1.10807378458998
FR_CRS3035RES1000mN2104000E4233000;0;2A062;42.8800474513693;6.93563654314109;26.924357233783;9.0200536744452;19.9471656589004;42.8800474513693;22.9328817924689;0.0;32.9065191977557;7.99340777092677;0.0;0.0
FR_CRS3035RES1000mN2104000E4234000;0;2A062,2A330;227.912754146456;28.7012494829624;138.322407721206;60.8890969422874;118.44037702383;214.958738633299;109.472377122626;6.99287662099634;201.097703557801;25.8250039377238;0.0;5.96113889216023
FR_CRS3035RES1000mN2104000E4235000;0;2A330;47.4011800810213;6.44977006082564;31.1407933949992;9.81061662519646;24.7515258878212;42.6461770446267;22.6496541932001;3.92661720103588;43.6901744331527;2.67826185930948;0.0;0.828385835358691
FR_CRS3035RES1000mN2104000E4236000;0;2A330;44.4504304578131;10.6608648781927;29.2614276963602;4.52813788326028;19.1015901650578;43.5254924458377;25.3488402927553;0.924938011975396;40.950461132451;2.21245366866876;0.0;0.0
FR_CRS3035RES1000mN2104000E4269000;0;2B123;21.1862929081746;2.01576272474107;13.1137938767359;6.05673630669766;13.1147392210001;16.1431064893209;8.07155368717448;5.04318641885367;21.1862929081746;0.0;0.0;0.0
FR_CRS3035RES1000mN2104000E4270000;0;2B123;45.3792269788103;4.03246990871838;27.2203577647483;14.1263993053436;20.1689651825571;39.3291054268783;25.2102617962532;2.01765164321354;45.3792269788103;0.0;0.0;4.03246990871838
FR_CRS3035RES1000mN2104000E4271000;0;2B123;66.4655441587249;5.03374801174707;57.3946021720223;4.0371939749556;19.1573201262964;21.1759073900612;47.3082240324285;36.2130377519115;57.3908331754171;9.07471098330779;0.0;9.07659901675224
FR_CRS3035RES1000mN2104000E4274000;0;2B123;28.2395761780657;1.00788136237054;25.2149858624904;2.01670895320479;8.06777761862846;9.07754613024398;20.1717985594373;18.1522588819507;13.1100195765888;8.07060922793824;7.0589473735387;1.00977116587103
FR_CRS3035RES1000mN2105000E4217000;0;2A048;30.2751370057693;3.1043825354854;21.2010053650138;5.96974910527009;16.1927979357019;22.431351331951;14.0823390700674;3.92232511501149;30.2751370057693;0.0;0.0;3.92146055880672
FR_CRS3035RES1000mN2105000E4222000;0;2A060,2A295;45.7777309206541;2.82587044769328;33.1940100594462;9.75785041351455;20.9485714527754;42.009903657063;24.8291594678787;1.88391363179552;45.7777309206541;0.0;0.0;1.88391363179552
FR_CRS3035RES1000mN2105000E4231000;0;2A345;156.218015053087;19.3060696186364;103.019666491602;33.892278942848;80.3732223129362;142.438626458161;75.8447927401506;11.1821191009672;147.844542236513;7.39402293053728;0.0;2.59726949395869
FR_CRS3035RES1000mN2105000E4232000;0;2A345;79.3727573067624;15.7207394789755;51.2554489251715;12.3965689026154;47.1366573938173;69.0189713206739;32.2360999129451;5.92149084772862;72.6021735876076;4.81168394708174;0.0;4.43229513835991
FR_CRS3035RES1000mN2105000E4236000;0;2A330;290.435624824379;41.2614209141064;184.79171399213;64.382489918142;149.818944759091;271.432532566682;140.616680065287;14.4465602850404;265.669922441579;23.7329585942409;0.0;4.55653197265613
FR_CRS3035RES1000mN2105000E4262000;0;2B236;36.2765724662014;2.01536513701119;13.0998733905727;21.1613339386175;18.1382862331007;26.1997467811454;18.1382862331007;10.0768256850559;35.2688898976958;1.00768256850559;0.0;0.0
FR_CRS3035RES1000mN2105000E4268000;0;2B123;40.3209442377716;6.04162849074593;24.1938909086667;10.085424838359;21.1692961737496;39.3121184161649;19.151648064022;1.00882582160677;39.3111730719006;1.00977116587103;0.0;0.0
FR_CRS3035RES1000mN2105000E4269000;0;2B123;147.173421092187;28.1970940715135;102.831330727852;16.1449962928214;70.5658967432346;124.989631457213;76.6075243489525;12.1011937516693;128.006670517412;14.1254521910233;3.02742280908457;10.0825958833047
FR_CRS3035RES1000mN2106000E4217000;0;2A048,2A295;143.15521265181;19.247111996078;77.259168448877;46.6489322068555;72.5723357841989;125.571061808627;70.5828768676115;11.681905341963;125.370230924648;16.7604051758287;0.0;5.90224550122023
FR_CRS3035RES1000mN2106000E4223000;0;2A270;150.919442627516;11.9708828367715;82.9589700538502;55.9895897368942;83.9592591703023;136.915771054893;66.9601834572135;12.0049433445428;142.929902953604;6.99107163476713;0.0;1.99872822808049
FR_CRS3035RES1000mN2106000E4231000;0;2A345;96.0284537919792;25.7663419588114;59.308765340159;10.9533464930088;42.7931813321701;82.3433357896799;53.2352724598091;6.94965369197686;75.1669190738298;15.9175330431062;1.73151299597246;6.73546431032251
FR_CRS3035RES1000mN2106000E4232000;0;2A345;82.3807997529503;19.3509215880641;52.5007120121087;10.5291661527775;46.650407484782;77.8246304869186;35.7303922681683;2.59726949395869;77.186260765033;5.19453898791738;0.0;1.95889977207306
FR_CRS3035RES1000mN2106000E4235000;0;2A330;58.4068024150826;5.52483204885024;37.5396576384565;15.3423127277758;28.1960141651541;56.1005727672612;30.2107882499285;0.0;55.7285405557731;2.67826185930948;0.0;2.30622964782141
FR_CRS3035RES1000mN2106000E4262000;0;2B236;126.968003631705;10.0768256850559;67.5147320898747;49.3764458567741;64.491684384358;120.921908220671;62.4763192473468;5.03841284252797;120.921908220671;6.04609541103356;0.0;1.00768256850559
FR_CRS3035RES1000mN2106000E4268000;0;2B123,2B149;39.2923106385458;3.00571892256347;25.1885605639876;11.0980311519948;16.107716838488;35.2607851890637;23.1845938000578;4.03152544948214;36.2686665514342;3.02364408711161;0.0;0.0
FR_CRS3035RES1000mN2106000E4269000;0;2B123;275.178227437131;42.3017725778521;164.281001819726;68.595453039553;134.086061473611;218.748143664482;141.09216596352;40.2983125650469;251.983725709706;21.1796825777204;0.0;16.1317712076015
FR_CRS3035RES1000mN2107000E4215000;0;2A070;43.8419796686382;2.8889822415527;23.2898231904165;17.663174236669;17.7871729175148;32.3740921447337;26.0548067511234;4.65728162574302;33.2343632434372;9.66550889079282;0.942107534408195;6.81060589816146
FR_CRS3035RES1000mN2107000E4216000;0;2A070,2A295;236.595893835481;19.6084130234723;133.286468078741;83.7010127332669;119.712110633953;197.550114911448;116.883783201527;22.9602005272449;185.564170064926;47.7617356513102;0.743034818266964;16.0855783967875
FR_CRS3035RES1000mN2107000E4220000;0;2A070;58.1698819102978;6.14361315108508;34.7595550877477;17.2667136714651;34.3242342035753;53.1157754480828;23.8456477067225;2.43865652337563;51.8274579318796;6.34242397841818;0.0;2.61544993883944
FR_CRS3035RES1000mN2107000E4223000;0;2A270;149.795735716048;21.9359137365476;92.8649498082557;34.9948721712441;68.9160251742044;140.80411802716;80.879710541843;3.0007837835375;116.844459754385;28.9609624341842;1.99873465577469;5.99083390535036
FR_CRS3035RES1000mN2107000E4232000;0;2A345;90.0786966829804;12.6253569977129;48.5941999264675;28.8591397588;43.3702494948329;84.8841576950631;46.7084471881475;3.46302599194492;83.9148885486481;6.16380813433237;0.0;1.73151299597246
FR_CRS3035RES1000mN2107000E4238000;0;2A324;91.6823294334922;7.56283590246441;55.7638362279299;28.3556573030979;44.5360387852583;75.0581572381511;47.1462906482339;10.5432439737442;80.3036753904593;10.539139154965;0.0;6.08092822159691
FR_CRS3035RES1000mN2107000E4239000;0;2A324;244.077105138615;41.7315969451364;139.592589128131;62.7529190653478;122.891366806916;229.126637996585;121.185738331699;5.68535229143266;213.128976981819;26.9534945965413;0.0;9.26511485059819
FR_CRS3035RES1000mN2107000E4268000;0;2B123;100.835391928331;10.074096632721;62.5094411449876;28.2518541506225;51.4321872153048;83.6995154277336;49.4032047130262;6.04917797772371;88.7427009615592;9.06999045469698;1.00788136237054;11.0866985228737
FR_CRS3035RES1000mN2107000E4269000;0;2B123;37.2596136089125;3.02175693703806;28.1830110537053;6.05484561816915;9.07660078597972;11.0904745914198;28.1830128229328;21.1278432871676;29.2031571413561;7.05328415491913;1.00317231263722;5.04129573032515
FR_CRS3035RES1000mN2107000E4275000;0;2B123;22.1903946635442;2.01576272474107;16.1402731116122;4.03435882719085;7.05800291430246;12.0993004146837;15.1323917492417;10.0910942488605;21.1806234976731;1.00977116587103;0.0;0.0
FR_CRS3035RES1000mN2108000E4220000;0;2A070,2A270;67.2866762196418;7.19196136030421;39.3597925970186;20.7349222623189;33.5883603531051;62.8342948896505;33.6983158665367;3.61571012777568;62.3349035863185;4.95177263332329;0.0;0.83667120221562
FR_CRS3035RES1000mN2108000E4238000;0;2A324;31.0568372073222;4.2579876622938;16.4191006399051;10.3797489051233;16.3129217021647;26.2030503437899;14.7439155051576;3.83204107282552;31.0568372073222;0.0;0.0;1.02174579070681
FR_CRS3035RES1000mN2108000E4239000;0;2A324;41.6627370539649;5.15455850385134;24.631694606024;11.8764839440895;17.8019509674252;33.6978832679948;23.8607860865397;2.8709521905347;39.8014763751901;1.02174579070681;0.0;5.09390159543535
FR_CRS3035RES1000mN2108000E4242000;0;2A040;60.0925288262615;12.6101704930337;42.0668532453898;5.41550508783806;28.1009208363751;59.0716180396463;31.9916079898864;1.02091078661523;50.0441521057042;9.09970317957778;0.0;0.0
FR_CRS3035RES1000mN2108000E4243000;0;2A040;27.4123291964132;0.948673540979482;16.0213344232099;10.4423212322237;15.2014121553116;26.3914184097979;12.2109170411016;1.02091078661523;24.4218340822032;2.04182157323046;0.0;0.0
FR_CRS3035RES1000mN2108000E4262000;0;2B149;30.9664821829904;2.99675634028939;14.983781701447;12.985944141254;17.9805380417364;24.9729695024116;12.985944141254;3.99567512038586;24.9729695024116;5.99351268057879;0.0;1.99783756019293
FR_CRS3035RES1000mN2108000E4268000;0;2B123;159.373740648592;7.05705845506622;81.6941293757986;70.6225528177267;78.6827694531257;148.283264287944;80.6909711954659;6.04823617108586;140.201321546686;19.172419101906;0.0;5.04224018956139
FR_CRS3035RES1000mN2109000E4242000;0;2A040;155.4552425631;9.9082626951445;99.8620857445805;45.6848941233751;73.4102974188975;138.182363342059;82.0449451442026;11.1020457906602;135.080548612782;20.3746939503186;0.0;6.17083343038102
FR_CRS3035RES1000mN2109000E4243000;0;2A040;89.7468823164187;4.47486407262578;48.6824655146874;36.5895527291055;45.5028780702255;77.1795011792193;44.2440042461932;11.4687325618937;83.9103665792703;5.83651573714839;0.0;1.09864857530571
FR_CRS3035RES1000mN2109000E4268000;0;2B123;71.5803990332044;7.05045784749498;50.4044889946861;14.1254521910233;35.2966399333605;60.4927542843511;36.283759099844;6.04634901852819;67.5450957467773;4.03530328642709;0.0;5.04129573032515
FR_CRS3035RES1000mN2110000E4213000;0;2A090;36.0703895258658;1.83721353170143;18.7060535915083;15.5271224026561;17.1991983322176;34.2008355537139;18.8711911936483;0.0;36.0703895258658;0.0;0.0;1.86955397215196
FR_CRS3035RES1000mN2110000E4214000;0;2A090;126.234711413934;13.5476208634688;78.8273558089413;33.8597347415243;62.9519753170063;104.359393263499;63.2827360969281;17.0339361278815;106.966080042875;18.3338543849832;0.0;4.84138202255367
FR_CRS3035RES1000mN2110000E4215000;0;2A090;39.992405374171;4.45529669068765;23.9177918293546;11.6193168541288;23.110097309273;38.0893519835843;16.882308064898;1.90305339058671;39.0899688285456;0.0;0.0;0.0
FR_CRS3035RES1000mN2110000E4222000;0;2A022;77.2913291828153;2.97274343010828;45.582065928327;28.7365198243801;30.7183487777856;71.3458423225988;46.5729804050297;5.94548686021656;70.354927845896;6.93640133691932;0.0;0.0
FR_CRS3035RES1000mN2110000E4268000;0;2B123,2B229;203.733796984544;37.3999102894224;108.224917250804;58.1089694443172;103.305406994118;170.085555837703;100.428389990426;22.7612663425343;191.922559577391;10.8176258774655;0.0;10.8869748043069
FR_CRS3035RES1000mN2110000E4271000;0;2B002;22.3715075645135;4.98794486740051;13.9313811867153;3.45218151039764;8.22453827930693;9.69684442735369;14.1469692852066;6.01130225404562;14.7475935705681;4.38732058203897;3.23659341190642;6.66336088311417
FR_CRS3035RES1000mN2110000E4279000;0;2B009;158.737017933141;2.92891632487941;148.673349745836;7.13475186242557;17.3189823597679;146.389191846184;141.418035573373;9.26086956521742;155.888683599682;2.84833433345879;0.0;3.08695652173914
FR_CRS3035RES1000mN2110000E4280000;0;2B009;44.9426574192692;7.82591181632814;28.3527797483392;8.76396585460186;26.3610838534613;42.9973646940107;18.5815735658079;1.94529272525855;43.0209797813746;1.92167763789459;0.0;0.0
FR_CRS3035RES1000mN2111000E4213000;0;2A090;96.3033042117556;6.38733249187322;47.6882123498914;42.2277593699909;54.0295922315159;75.4496285983004;42.2737119802397;12.3992294756611;93.363775067739;2.93952914401654;0.0;8.45444613779408
FR_CRS3035RES1000mN2111000E4214000;0;2A090;65.7303034471507;5.6098208944401;30.3600703761215;29.7604121765891;35.2014523986751;55.2432416216884;30.5288510484756;3.87310561804293;58.01639111745;5.81085893911399;0.968276404510733;6.6139562074194
FR_CRS3035RES1000mN2111000E4224000;0;2A144;28.0606291278999;0.935354304263331;13.0949602596866;14.03031456395;13.0949602596866;27.1252748236366;14.9656688682133;0.935354304263331;27.1252748236366;0.935354304263331;0.0;0.0
FR_CRS3035RES1000mN2111000E4225000;0;2A144;74.8283443410665;2.80606291278999;43.9616523003766;28.0606291278999;34.6081092577432;71.0869271240132;40.2202350833232;3.74141721705332;73.8929900368031;0.935354304263331;0.0;0.0
FR_CRS3035RES1000mN2111000E4255000;0;2B124;166.950846082655;3.57891593569926;69.4143702168064;93.9575599301491;89.4568752546514;154.913646307904;77.4939708280033;9.11855313394894;160.971848275187;5.00611559386737;0.0;2.91864664080208
FR_CRS3035RES1000mN2111000E4272000;0;2B002;61.7755049597704;3.43506187912064;44.0021760695564;14.3382670110933;27.2430528760524;40.1955775720661;34.532452083718;12.1720617898795;60.8302683103935;0.0;0.945236649376828;9.40786559782483
FR_CRS3035RES1000mN2111000E4277000;0;2B009;132.88253640523;26.5471034214831;80.4033519081895;25.9320810755578;65.0752433807173;113.652301764121;67.807293024513;11.6346764185527;131.898497652264;0.984038752966061;0.0;7.59555822255677
FR_CRS3035RES1000mN2111000E4278000;0;2B009;32.2315477405826;5.881172622299;22.5525960070052;3.79777911127839;18.5357189651989;24.4048072782013;13.6958287753837;5.92785090674215;32.2315477405826;0.0;0.0;1.89888955563919
FR_CRS3035RES1000mN2111000E4280000;0;2B009;70.0883722494799;6.81839471293769;39.3625372633181;23.9074402732241;34.5120833193729;56.6123316727931;35.576288930107;8.60210994295443;66.2678050559461;3.82056719353378;0.0;4.87393063373235
FR_CRS3035RES1000mN2112000E4213000;0;2A090;141.670100254625;18.5668278707885;62.8801214019504;60.2231509818863;72.4420330527732;120.710635010623;69.228067201852;15.1498068169376;133.184272119085;7.58339158991435;0.0;5.8096584270644
FR_CRS3035RES1000mN2112000E4277000;0;2B009;67.7264342576314;3.92448585591275;42.6744782151872;21.1274701865315;34.8476010158663;45.6256323926744;32.8788332417652;12.5149282838603;62.8758402948574;4.850593962774;0.0;9.5858735810967
FR_CRS3035RES1000mN2112000E4278000;0;2B009;36.8594524328475;10.7427421909662;20.3400098131906;5.77670042869062;19.3675018382918;34.9491688360806;17.4919505945556;1.91028359676689;36.8594524328475;0.0;0.0;0.0
FR_CRS3035RES1000mN2112000E4279000;0;2B009;65.2029287343643;14.7618383199091;39.8365808036641;10.604509610791;38.9224235707418;44.698842281445;26.2805051636225;13.7313996989055;58.4188495801675;5.78823120675789;0.0;6.77268675401378
FR_CRS3035RES1000mN2112000E4280000;0;2B009;999.051915292432;202.403659449103;548.905808825371;247.742447017957;519.884936454605;706.884584960266;479.166978837826;208.184271028274;868.402735656074;111.855168864525;3.8901702971719;83.9830593038911
FR_CRS3035RES1000mN2112000E4281000;0;2B009;46.6116417486439;9.88875133798762;30.9574456452091;5.76544476544713;27.1842503454908;41.7956417610164;19.4273914031532;4.81599998762754;46.6116417486439;0.0;0.0;0.0
FR_CRS3035RES1000mN2113000E4211000;0;2A348;71.974933025986;9.71174263742893;35.5291144741373;26.7340759144197;37.4080161823404;65.2839575852164;34.5669168436455;5.73623221788072;68.1636702444211;3.81126278156484;0.0;0.954743222888848
FR_CRS3035RES1000mN2113000E4212000;0;2A348;62.348878811404;7.75517335284402;33.6200061722604;20.9736992862995;30.7010489014029;54.7185803677267;31.6478299100011;5.72081199789961;57.5828728069503;4.76600600445368;0.0;1.9094864457777
FR_CRS3035RES1000mN2113000E4213000;0;2A090,2A348;119.333785320321;8.41809606874547;61.4143661501699;49.5013231014054;56.8196152476665;91.4716391008168;62.5141700726542;21.0631211818163;115.459479190228;3.87430613009253;0.0;6.79902503768761
FR_CRS3035RES1000mN2113000E4217000;0;2A090;47.0557781157682;8.09182623192084;29.2393679040888;9.72458397975849;24.496206277984;40.2036829090913;22.5595718377841;5.94965866105137;42.2767575811948;3.90780554852728;0.0;0.902436545625448
FR_CRS3035RES1000mN2113000E4229000;0;2A266;64.3850200721181;3.96215508136111;29.7161631102084;30.7067018805486;31.6972406508889;54.4796323687153;32.6877794212292;8.91484893306251;59.4323262204167;3.96215508136111;0.0;0.990538770340278
FR_CRS3035RES1000mN2113000E4268000;0;2B002,2B075;25.14513782368;1.02981932995652;15.8142111126142;8.30110738110932;11.6454948422614;22.0193546742141;13.4996429814187;2.09596381950938;25.14513782368;0.0;0.0;1.02981932995652
FR_CRS3035RES1000mN2113000E4278000;0;2B009;54.2966518892087;5.90437255631777;35.9352833360801;12.4569959968109;25.214772394558;44.5953288676658;29.0818794946507;7.74491467156232;46.5289507763356;6.78366235990702;0.0;1.95640834998063
FR_CRS3035RES1000mN2113000E4280000;0;2B009;99.4500877745431;10.8606991388719;56.0234151616124;32.5659734740587;51.1836682922078;68.7707877524137;48.2664194823353;13.417561341879;92.6892102150022;4.79280005360877;0.0;17.2617386802503
FR_CRS3035RES1000mN2114000E4213000;0;2A090,2A348;23.0436725296299;3.84229153319829;18.1984046614366;1.00297633499508;9.6325171642595;14.4276021114303;13.4111553653704;3.83451865265066;23.0436725296299;0.0;0.0;4.78155176554895
FR_CRS3035RES1000mN2114000E4217000;0;2A090;51.507818281664;3.67442706340286;13.0580558326312;34.7753353856299;27.6934216959121;47.6000127331367;23.8143965857519;2.93952914401654;45.8321575283386;5.67566075332539;0.0;0.968276404510733
FR_CRS3035RES1000mN2114000E4227000;0;2A262;50.837941045946;5.86591627453223;27.3742759478171;17.5977488235967;24.441317810551;47.9049829086799;26.396623235395;2.93295813726612;45.9496774838358;4.88826356211019;0.0;0.0
FR_CRS3035RES1000mN2114000E4233000;0;2A259;42.3922685806923;0.0;14.1307561935641;28.2615123871282;23.9135874044931;40.2183060893747;18.4786811761992;1.08698124565878;41.3052873350335;1.08698124565878;0.0;1.08698124565878
FR_CRS3035RES1000mN2114000E4274000;0;2B016;44.0236861765195;1.87412570929797;27.5025454775765;14.647014989645;17.322747853896;32.2020332415417;26.7009383226234;11.8216529349778;44.0236861765195;0.0;0.0;0.0
FR_CRS3035RES1000mN2114000E4275000;0;2B016;116.964007918934;24.4371118761655;77.4208138825002;15.106082160268;47.1344233028989;96.0964843345181;69.8295846160349;17.051891075107;110.093609475631;2.06285509183237;3.81563250930865;3.81563250930865
FR_CRS3035RES1000mN2114000E4276000;0;2B009;99.7450360798898;17.6200411771098;60.9402810367309;21.1847138660491;53.4146043342179;78.4439073707091;46.330431745672;15.5015034612951;87.0917351773329;12.6533009025569;0.0;5.79962524788559
FR_CRS3035RES1000mN2114000E4277000;0;2B009;48.2979557203747;7.79090268783648;34.6957586287011;5.81129440383708;29.9372790763597;35.725787038886;18.360676644015;5.7654431245025;34.7880097760732;12.5259071913354;0.0;6.8067255569862
FR_CRS3035RES1000mN2114000E4278000;0;2B009;61.2882981564811;11.7740144005495;44.6870281050605;4.82725565087102;32.009555302021;55.4883977937717;29.2787428544601;3.84349201272875;50.7304651891885;8.63615532939794;0.0;1.95640834998063
FR_CRS3035RES1000mN2114000E4280000;0;2B009,2B320;36.9991850464377;9.97127734134252;16.5042568611858;10.5236508439094;17.4020668765001;26.318451919055;19.5971181699376;10.6807331273827;31.1466778954453;4.8159983466829;1.03650880430957;0.0
FR_CRS3035RES1000mN2115000E4204000;0;2A065;692.456673546916;98.7701631424808;397.160873498133;196.525636906303;357.159358331016;566.234289296774;335.2973152159;74.0213418774422;588.53035794672;87.5127701113337;7.52085888982447;52.2010423727005
FR_CRS3035RES1000mN2115000E4206000;0;2A065;22.1313439144948;2.29354378285771;8.450095108139;11.3877050234981;9.50495678439515;18.0413612586619;12.6263871300997;2.0665686694484;20.984572023066;0.0;0.0;2.0234139863845
FR_CRS3035RES1000mN2115000E4236000;0;2A204;18.6647960014533;0.982357684287018;9.82357684287018;7.85886147429615;7.85886147429615;17.6824383171663;10.8059345271572;0.0;17.6824383171663;0.982357684287018;0.0;0.982357684287018
FR_CRS3035RES1000mN2115000E4237000;0;2A204;39.2943073714807;2.94707305286106;27.5060151600365;8.84121915858317;12.7706498957312;38.3119496871937;26.5236574757495;0.982357684287018;39.2943073714807;0.0;0.0;0.0
FR_CRS3035RES1000mN2115000E4267000;0;2B075;46.3418698480433;8.23855463965215;15.4472899493478;22.6560252590434;22.6560252590434;45.3120505180868;23.6858445889999;1.02981932995652;38.1033152083912;5.14909664978259;2.05963865991304;0.0
FR_CRS3035RES1000mN2115000E4274000;0;2B016;47.0278044462719;3.01524923024022;36.9417750733986;7.07078014263308;13.9133141989776;27.8708680157331;33.1144902472944;19.1569364305388;38.7763840789424;8.2514203673295;0.0;0.0
FR_CRS3035RES1000mN2115000E4278000;0;2B009;21.2088758814789;2.92891632487941;10.6274311284042;7.65252842819525;11.5078263338151;18.3377534657647;9.70104954766379;2.87112241571418;18.3377534657647;2.87112241571418;0.0;0.0
FR_CRS3035RES1000mN2116000E4204000;0;2A065;144.403325171166;21.8617700344757;68.4790563888275;54.0624987478626;72.8895312932097;129.769178850931;71.513793877956;4.13313733889679;129.759633149702;13.5438348854333;0.0;10.5010089813384
FR_CRS3035RES1000mN2116000E4205000;0;2A065;64.4228797056575;5.78677770391135;38.805822014779;19.8302799869672;34.2827691765068;58.0900280947008;30.1401105291507;5.23299447492678;60.0234511615376;3.29957140808995;0.0;1.09985713602998
FR_CRS3035RES1000mN2116000E4221000;0;2A019;37.9988763631261;2.84991572723446;12.349634818016;22.7993258178756;18.999438181563;37.0489044540479;18.999438181563;0.949971909078152;36.0989325449698;0.949971909078152;0.0;0.0
FR_CRS3035RES1000mN2116000E4250000;0;2B354;33.937376565673;2.00103138385882;22.9505689981155;8.98577618369862;16.959261325476;25.9497565523274;16.978115240197;3.99263024588461;28.9536520207469;2.98740663974746;0.995802213249153;3.99498976746099
FR_CRS3035RES1000mN2116000E4274000;0;2B126,2B201;31.1534484590659;5.99821508885236;20.1567207961699;4.99851257404363;16.9949427517483;20.1024972961715;14.1585057073176;1.99940502961745;29.1540434294485;0.999702514808726;0.0;9.051546133277
FR_CRS3035RES1000mN2117000E4204000;0;2A065;73.8787291975015;15.925905460215;39.1810869799953;18.7717367572912;39.1869798130094;67.4576489247919;34.6917493844921;3.16458502876844;52.2169631163528;20.5619089451187;0.0;3.25649524394115
FR_CRS3035RES1000mN2117000E4205000;0;2A065;38.2843063562836;8.1741509975668;14.4093311572265;15.7008242014903;21.7634110698348;36.1295875439974;16.5208952864487;1.09985713602998;37.1375344648547;0.0;0.0;1.05486167625615
FR_CRS3035RES1000mN2117000E4219000;0;2A348;29.9188386447624;2.92692103077121;21.2788157260821;5.71310188790905;14.4859027659321;21.2867779403728;15.4329358788303;5.73635775899488;28.9326221451453;0.0;0.0;2.89570294539476
FR_CRS3035RES1000mN2117000E4250000;0;2B354;149.986763978162;7.02255857799771;88.9662957981248;53.9979096020391;77.9938922520897;137.99018251384;71.9928717260719;5.00682086747017;140.969462458936;6.00154707578822;3.01575444343742;6.98976059685133
FR_CRS3035RES1000mN2117000E4260000;0;2B229;125.689906955677;5.91870901884479;76.7049592616481;43.0662386751845;71.8598592689812;112.635227777266;53.8300476866961;13.0546791784112;124.710598197429;0.0;0.0;0.0
FR_CRS3035RES1000mN2117000E4271000;0;2B016;33.4535630239481;0.0;14.0478465831235;19.4057164408245;20.2805911606433;33.4535630239481;13.1729718633047;0.0;33.4535630239481;0.0;0.0;0.0
FR_CRS3035RES1000mN2117000E4274000;0;2B126,2B201;55.3632028144692;5.99821508885236;42.3670701219558;6.99791760366108;27.154638399831;43.3667726367645;28.2085644146382;9.99702514808726;51.3643927552343;1.99940502961745;0.0;1.99940502961745
FR_CRS3035RES1000mN2118000E4205000;0;2A065;28.1672076341713;3.44031567428657;18.5271859515396;6.19970600834519;17.3410194493818;25.0889319715307;10.8261881847895;2.0665686694484;28.1672076341713;0.0;0.0;1.01170699319225
FR_CRS3035RES1000mN2118000E4206000;0;2A065;68.3958079514981;10.4269542369477;47.0934219950519;10.8754317194985;30.893573588054;60.7792002552508;37.502234363444;5.41497412856226;62.7970133925904;5.59879455890767;0.0;2.201633567685
FR_CRS3035RES1000mN2118000E4220000;0;2A348;152.277670671486;17.4509236432635;95.5797101967344;39.2470368314879;73.3711898477087;136.629267005371;78.9064808237771;9.87330704549544;137.490543768606;12.8463585749365;0.0;5.77509662061889
FR_CRS3035RES1000mN2118000E4221000;0;2A348;371.597390805919;45.411222993337;203.548153940821;122.63801387176;196.299736042957;325.29760998251;175.297654762962;29.9048164428213;340.44454737248;26.3401363530702;0.954743222888848;16.3949643805874
FR_CRS3035RES1000mN2118000E4222000;0;2A348;21.9829797472436;0.0;5.75196731271898;16.2310124345246;12.4120395429692;18.1640068556882;9.57094020427437;1.9094864457777;21.9829797472436;0.0;0.0;1.9094864457777
FR_CRS3035RES1000mN2118000E4223000;0;2A174;78.148088483179;5.93529785948195;45.5039502560283;26.7088403676688;37.590219776719;68.2559253840424;40.55786870646;7.91373047930926;64.2990601443878;12.8598120288776;0.0;1.97843261982732
FR_CRS3035RES1000mN2118000E4233000;0;2A131;102.764968181142;4.23773064664504;47.6744697747567;50.8527677597405;59.3282290530306;86.8734782562234;43.4367391281117;9.53489395495134;96.4083722111747;6.35659596996756;0.0;6.35659596996756
FR_CRS3035RES1000mN2118000E4234000;0;2A131;24.366951218209;2.11886532332252;6.35659596996756;15.8914899249189;10.5943266166126;20.129220571564;13.7726246015964;4.23773064664504;24.366951218209;0.0;0.0;0.0
FR_CRS3035RES1000mN2118000E4252000;0;2B354;49.0445804752421;12.0606862590928;23.0261855309341;13.9577086852152;28.0194039912299;44.0561535805809;21.0251764840122;4.98842689466124;47.0482681345361;1.99631234070605;0.0;0.0
FR_CRS3035RES1000mN2118000E4253000;0;2B171;33.8856660552971;0.0;23.9192936860921;9.96637236920503;16.9428330276486;26.9092053968536;16.9428330276486;1.99327447384101;33.8856660552971;0.0;0.0;4.98318618460252
FR_CRS3035RES1000mN2118000E4258000;0;2B347;24.3958984363231;0.0;13.9296371136613;10.4662613226618;12.6167183303496;22.443290904488;11.7791801059735;1.95260753183509;23.4651080208108;0.930790415512341;0.0;0.0
FR_CRS3035RES1000mN2118000E4266000;0;2B016;168.408404943803;11.2656198578678;75.1995006077897;81.9432844781455;88.8730185070363;153.963696386953;79.5353864367667;2.10394610026114;161.831718010388;6.57668693341496;0.0;12.3407624565893
FR_CRS3035RES1000mN2118000E4273000;0;2B201;52.9842332848625;5.99821508885236;20.9937528109832;25.9922653850269;25.9922653850269;40.9878031071578;26.9919678998356;11.9964301777047;51.9845307700538;0.999702514808726;0.0;0.0
FR_CRS3035RES1000mN2118000E4281000;0;2B143;44.5385981165501;12.0720511064626;25.3414325938429;7.12511441624461;22.293426649959;28.3463257422982;22.2451714665911;16.1922723742519;42.5144606701072;1.02412117301219;0.0;0.0
FR_CRS3035RES1000mN2119000E4221000;0;2A348;52.7694680751493;5.8066321443529;29.8237185787404;17.1391173520559;23.9939586679163;48.0111094101291;28.775509407233;4.7583586650202;44.0987971373015;5.79089550808598;0.0;0.0
FR_CRS3035RES1000mN2119000E4229000;0;2A240;50.4816202236234;0.0;37.7643728289197;12.7172473947037;14.8586236973518;38.6701219604876;35.6229965262716;6.85862369735183;47.4816202236234;3.0;0.0;4.95287456578394
FR_CRS3035RES1000mN2119000E4252000;0;2B354;167.884213468776;14.0332637191115;95.9813534718129;57.8695962778517;81.9457637627757;161.899978796393;85.9384497060004;4.98607850202989;155.896884644817;10.98681313203;0.0;0.998156170353023
FR_CRS3035RES1000mN2119000E4258000;0;2B347;216.36100798435;15.8857521740649;113.76434046238;86.7109153479049;104.274009771742;179.818195647114;112.086998212608;9.62872309828568;204.656998791596;8.622538806526;1.95483302216093;26.91408923895
FR_CRS3035RES1000mN2120000E4219000;0;2A028;112.036024141991;10.0933355082875;68.6346814563547;33.3080071773486;45.4200097872935;88.8213524729296;66.6160143546972;8.07466840662996;101.942688633703;10.0933355082875;0.0;15.1400032624312
FR_CRS3035RES1000mN2120000E4257000;0;2B263;34.4496526039186;0.0;18.2380513785451;16.2116012253735;16.2116012253735;27.3570770678177;18.2380513785451;3.03967522975752;30.3967522975752;4.05290030634336;0.0;4.05290030634336
FR_CRS3035RES1000mN2121000E4225000;0;2A141;122.473342121492;5.18954839497849;72.6536775296989;44.630116196815;50.8575742707892;100.677238862583;71.6157678507032;20.758193579914;113.132155010531;8.30327743196559;0.0;1.0379096789957
FR_CRS3035RES1000mN2121000E4255000;0;2B177;59.9601537439707;1.73797547083973;30.4145707396953;27.8076075334357;29.5455830042754;51.2702763897721;30.4145707396953;8.68987735419866;58.222178273131;1.73797547083973;0.0;0.0
FR_CRS3035RES1000mN2121000E4257000;0;2B263;35.4628776805044;5.0661253829292;17.2248263019593;13.1719259956159;19.251276455131;30.3967522975752;16.2116012253735;3.03967522975752;30.3967522975752;5.0661253829292;0.0;2.02645015317168
FR_CRS3035RES1000mN2121000E4282000;0;2B143;255.483301047846;42.3264678797144;160.131097096523;53.0257360716085;118.737428780358;172.661045604103;136.745872267488;77.725984681316;226.026283566607;26.4282263963652;0.0;5.09627076242687
FR_CRS3035RES1000mN2121000E4284000;0;2B143;82.4391580975952;12.1440439601001;33.5532944427535;36.7418196947416;42.7266972451111;30.539127220182;39.7124608524841;19.30304259022;77.3428180551903;4.08675065099512;0.0;32.5969882871933
FR_CRS3035RES1000mN2122000E4282000;0;2B143;65.9090071428748;11.0911352471818;40.5288456787905;14.2890262169025;30.447322952463;57.803182846426;35.4616841904117;8.1058242964488;49.745751635333;15.1584640760034;0.0;0.0
FR_CRS3035RES1000mN2123000E4223000;0;2A258;42.3613977607123;3.94059514053138;26.5990171985868;11.8217854215941;19.7029757026569;40.3911001904466;22.6584220580554;1.97029757026569;31.524761124251;9.85148785132844;0.0;0.0
FR_CRS3035RES1000mN2123000E4268000;0;2B126,2B201;58.7724188440469;6.21510908884624;22.6983608257721;29.8589489294286;33.0207269738502;57.7727163292382;25.7516918701967;0.999702514808726;56.718790314431;0.999702514808726;0.0;0.0
FR_CRS3035RES1000mN2123000E4275000;0;2B320;39.940487551498;6.91054232327636;28.0079600763761;5.02198515184551;23.0332623299242;30.0575918470876;16.9072252215738;8.91497341599816;34.8514868815808;5.0890006699172;0.0;0.967922288412235
FR_CRS3035RES1000mN2123000E4282000;0;2B143;111.635409328778;20.1919252920611;65.9328818414882;25.510602195229;54.812867192501;89.3036218031735;56.8225421362773;17.2548923254176;100.525105152755;8.07671513127848;0.0;5.07689520018711
FR_CRS3035RES1000mN2124000E4268000;0;2B201;35.9892905331141;0.0;18.9943477813658;16.9949427517483;21.993455325792;32.990182988688;13.9958352073222;1.99940502961745;35.9892905331141;0.0;0.0;0.999702514808726
FR_CRS3035RES1000mN2124000E4282000;0;2B143;35.6209821806085;5.06240956859593;22.3947590911422;8.16381352087037;12.1827262442918;24.4139378739618;23.4382559363167;8.16381352087037;32.5680174637011;1.02412117301219;1.01925415248537;3.04323078577631
FR_CRS3035RES1000mN2124000E4283000;0;2B143;24.43310570619;1.01441026192544;11.1779115733864;12.2407838708781;12.2165644180784;14.2259631197558;12.2165412881115;5.10113778295368;23.4186954442645;0.0;0.0;5.10600480348049
FR_CRS3035RES1000mN2125000E4252000;0;2B341;434.10559926019;52.5493659038598;251.68313053501;129.87310282132;217.604278054437;368.901549002765;216.501321205753;31.1618058904679;368.879805080214;57.991523081498;2.08431709697008;34.0422443669567
FR_CRS3035RES1000mN2125000E4265000;0;2B218;61.0437622995735;6.37770650891066;22.7775232461095;31.8885325445533;30.0663306848645;49.1994502115965;30.9774316147089;9.1110092984438;51.9327530011297;8.19990836859942;0.0;2.73330278953314
FR_CRS3035RES1000mN2125000E4266000;0;2B226;41.4056605554513;0.985849060844079;19.7169812168816;20.7028302777257;18.7311321560375;34.5047171295428;22.6745283994138;3.94339624337632;38.4481133729191;1.97169812168816;0.985849060844079;2.95754718253224
FR_CRS3035RES1000mN2125000E4272000;0;2B320;80.5621153639469;2.90376686523671;39.1538956091681;38.5044528895421;38.3007919737995;67.6850514383205;42.2613233901475;3.98443298383397;76.5096234983393;4.05249186560763;0.0;8.89263094179248
FR_CRS3035RES1000mN2125000E4282000;0;2B143;38.501216530794;1.01441026192544;31.3905646161737;6.09624165269487;9.16855902172024;20.3416958746022;29.3326575090737;18.1595206561918;34.4338645720055;4.06735195878849;0.0;0.0
FR_CRS3035RES1000mN2125000E4283000;0;2B143;26.5298100877806;0.0;7.14451310845124;19.3852969793294;12.2407838708781;8.16376726093662;14.2890262169025;2.04337532549756;26.5298100877806;0.0;0.0;16.3226675013464
FR_CRS3035RES1000mN2126000E4208000;0;2A212;111.646339318683;15.3811447856664;62.6633848106045;33.601809722412;50.7971818211492;81.73393244889;60.8491574975338;11.7817988186601;95.6237857279827;9.09693388131996;2.06898345269373;18.1306080511328
FR_CRS3035RES1000mN2126000E4221000;0;2A154;80.3596174857647;6.85996734634576;29.3998600557676;44.0997900836513;36.2598274021133;70.5596641338421;44.0997900836513;8.81995801673027;65.6596874578809;14.6999300278838;0.0;0.979995335192252
FR_CRS3035RES1000mN2126000E4224000;0;2A100;44.6013344989678;1.01366669315836;15.2050003973754;28.3826674084341;19.2596671700088;37.5056676468593;25.341667328959;6.08200015895016;39.533001033176;5.0683334657918;0.0;1.01366669315836
FR_CRS3035RES1000mN2126000E4252000;0;2B315,2B341;223.212204147945;19.4548156788015;119.190965680779;84.5664227883637;116.431642990902;182.272532383774;106.780561157042;22.5207287716087;208.709554459182;14.5026496887625;0.0;18.4189429925622
FR_CRS3035RES1000mN2126000E4262000;0;2B012;43.0445791498958;2.93485766931108;22.5005754647183;17.6091460158665;21.5222895749479;41.0880073703551;21.5222895749479;1.95657177954072;42.0662932601254;0.978285889770359;0.0;0.0
FR_CRS3035RES1000mN2126000E4265000;0;2B218;27.3330278953314;2.73330278953314;14.5776148775101;10.0221102282882;14.5776148775101;16.3998167371988;12.7554130178213;2.73330278953314;27.3330278953314;0.0;0.0;8.19990836859942
FR_CRS3035RES1000mN2126000E4283000;0;2B057,2B143;35.5199272923704;4.0698844059411;23.3816028728989;8.06844001353043;17.2935298869051;22.3144680551134;18.2263974054653;7.10446599402456;30.4671136435175;5.05281364885297;0.0;6.10099324323243
FR_CRS3035RES1000mN2127000E4207000;0;2A212;104.198456363986;10.6651608860789;58.0500967067082;35.4831987711993;49.142027083013;85.9813239039599;55.0564292809735;8.06331954379089;96.3613633434042;7.83709302058221;0.0;10.1538129162356
FR_CRS3035RES1000mN2127000E4208000;0;2A212;161.399446037679;11.6566143199259;81.2472854329518;68.4955462848009;81.6926982859037;130.366041485643;79.7067477517749;10.112109353988;143.369002622202;15.9614599627825;2.06898345269373;20.9212951980477
FR_CRS3035RES1000mN2127000E4252000;0;2B074,2B315;395.486756540732;62.4619598536776;277.476343445186;55.548453241868;196.877912786778;341.039251424171;198.608843753953;27.4212829813421;327.726238910757;63.743379100343;0.0;27.0262221352191
FR_CRS3035RES1000mN2127000E4253000;0;2B260;113.31518626688;11.6220703863467;71.6694340491377;30.0236818313955;50.3623050075022;100.724610015004;62.9528812593777;4.84252932764444;103.630127611591;9.68505865528888;0.0;7.74804692423111
FR_CRS3035RES1000mN2127000E4262000;0;2B116;30.3425439850209;4.33464914071727;18.4222588480484;7.58563599625523;16.2549342776898;30.3425439850209;14.0876097073311;0.0;26.0078948443036;4.33464914071727;0.0;0.0
FR_CRS3035RES1000mN2127000E4269000;0;2B356;25.3511436164757;0.0;9.12641170193126;16.2247319145445;15.2106861698854;21.2949606378396;10.1404574465903;4.05618297863612;23.3230521271577;2.02809148931806;0.0;0.0
FR_CRS3035RES1000mN2127000E4273000;0;2B328;79.5622149913104;6.12017038394695;35.7009939063572;37.7410507010062;38.7610790983307;71.4019878127145;40.8011358929797;7.14019878127145;73.4420446073635;6.12017038394695;0.0;1.02002839732449
FR_CRS3035RES1000mN2127000E4280000;0;2B057,2B143;30.3364457138806;6.02874858922999;19.2271383740163;5.08055875063425;13.1288679525625;17.2198442495243;17.2075777613181;8.06580031198899;30.3364457138806;0.0;0.0;5.05080115236728
FR_CRS3035RES1000mN2127000E4283000;0;2B057,2B303;108.005749898057;6.40106146633576;74.0496477537488;27.555040677972;39.6556242126964;60.0343968728946;68.3501256853602;41.9223267109896;81.7132564107381;8.04029639197637;18.2521970953421;6.04902631417239
FR_CRS3035RES1000mN2128000E4217000;0;2A198;30.2330845923612;3.14526103169657;18.7567800327318;8.33104352793286;12.5033462603757;25.0303932280048;17.7297383319855;5.20269136435643;30.2330845923612;0.0;0.0;0.0
FR_CRS3035RES1000mN2128000E4221000;0;2A108;158.311453623614;18.0220147649516;79.5651332613518;60.7243055973104;80.219103035902;132.035995411516;78.0923505877118;18.9812356412675;145.958161790272;12.3532918333414;0.0;7.29422257082981
FR_CRS3035RES1000mN2128000E4222000;0;2A108;50.7667481422135;4.99153120090021;27.8540910764913;17.921125864822;26.509671161006;45.9075915682208;24.2570769812075;3.93142142445469;45.6330618717934;3.06751558765383;0.0;0.927735149538015
FR_CRS3035RES1000mN2128000E4252000;0;2B074;224.574085728809;36.0483205310044;125.719602910926;62.8061622868789;120.701973790624;212.761907471853;103.872111938185;9.89914187917832;202.436135061916;20.1126428129466;1.03184157937045;1.91303637777741
FR_CRS3035RES1000mN2128000E4253000;0;2B074,2B238,2B260;189.460151156907;16.2138175687478;125.044268493283;48.2020650948768;97.8003139906224;164.244990043234;91.6598371662849;20.1668373858495;160.214643852301;23.1811639019021;5.05369742697066;5.04832372782361
FR_CRS3035RES1000mN2128000E4269000;0;2B356;101.404574465903;1.01404574465903;52.7303787222695;47.6601499989744;43.6039670203382;97.3483914872668;57.8006074455646;2.02809148931806;92.2781627639716;8.11236595727223;0.0;2.02809148931806
FR_CRS3035RES1000mN2128000E4277000;0;2B143;71.2516285726798;1.01925415248537;37.5917446381828;32.6406297820116;36.6499470243355;64.102202183768;34.6016815483443;5.10118404288743;70.2275073996676;1.02412117301219;0.0;2.04824234602437
FR_CRS3035RES1000mN2128000E4280000;0;2B057;77.3450841109952;8.49946957215614;48.9224865391868;19.9231279996522;40.5970804433563;68.3884527613915;36.7480036676389;7.95253373380483;75.2950952142573;2.04998889673785;0.0;1.00409761579884
FR_CRS3035RES1000mN2128000E4281000;0;2B057;42.84914885003;3.13767384281701;24.6851241599817;15.0263508472313;21.3836157942984;39.9171031952194;21.4655330557315;0.963974019505879;38.7475009877071;4.10164786232289;0.0;1.96807163530472
FR_CRS3035RES1000mN2128000E4283000;0;2B303;278.596453761393;57.3063264688225;150.645172352336;70.6449549402345;147.467247372569;197.106917341764;131.129206388824;63.3231581475815;230.724273776757;37.651304258802;5.09884980447756;18.1663782720472
FR_CRS3035RES1000mN2129000E4213000;0;2A198;129.256644412785;19.8782431036392;77.1350917041482;32.2433096049972;72.9628763599612;104.263383028602;56.2937680528235;21.8648219028499;129.256644412785;0.0;0.0;3.12843948133223
FR_CRS3035RES1000mN2129000E4214000;0;2A198;78.1655890416044;5.24661511804057;46.8851852078955;26.0337887156683;42.729758696409;67.7769953220133;35.4358303451954;1.04053827287129;77.1216820962519;0.0;0.0;9.34805544671986
FR_CRS3035RES1000mN2129000E4216000;0;2A198;37.4662566276412;1.04728652368383;16.6722475321734;19.746722571784;19.7736720220204;33.3108191398048;17.6925846056209;4.15543748783646;37.4662566276412;0.0;0.0;0.0
FR_CRS3035RES1000mN2129000E4217000;0;2A198;111.611406938658;14.6586755532913;76.1453019884515;20.8074293969153;56.3580789706353;101.192516837663;55.2533279680227;9.3783518281236;104.310784795496;7.30062214316239;0.0;1.04053827287129
FR_CRS3035RES1000mN2129000E4261000;0;2B105;81.4848448527361;3.25939379410945;39.1127255293134;39.1127255293134;44.5450485194958;74.9660572645173;36.9397963332404;5.43232299018241;80.3983802546997;1.08646459803648;0.0;1.08646459803648
FR_CRS3035RES1000mN2129000E4266000;0;2B364;30.2863563221609;0.0;16.1527233718192;14.1336329503418;16.1527233718192;25.2386302684674;14.1336329503418;3.02863563221609;26.2481754792061;4.03818084295479;0.0;2.0190904214774
FR_CRS3035RES1000mN2129000E4277000;0;2B143;30.5394495034143;0.0;12.1878462675505;18.3516032358638;13.2360027319631;28.4912071573899;17.3034467714512;2.04824234602437;27.5057454673255;3.03370403608885;0.0;0.0
FR_CRS3035RES1000mN2129000E4279000;0;2B057;30.4742565373934;1.045891280939;16.4502637236551;12.9781015327993;12.1779620361597;23.1042655764566;18.2962945012337;7.36999096093681;26.1165584238531;4.35769811354028;0.0;0.0
FR_CRS3035RES1000mN2129000E4280000;0;2B057;30.9760585729102;4.31416486609421;17.6651387609193;8.99675494589663;14.5675885143953;22.856280665086;16.4084700585149;5.14760865672061;26.8342871142943;4.14177145861586;0.0;2.97216925110357
FR_CRS3035RES1000mN2130000E4212000;0;2A198;35.4729403421254;4.18915703589223;19.8479357101221;11.4358475961111;22.9425573844858;33.3749767752696;12.5303829576396;0.0;32.3209092126094;3.152031129516;0.0;2.09796356685583
FR_CRS3035RES1000mN2130000E4213000;0;2A198;30.2195877382363;2.09457304736765;21.8817197593132;6.24329493155543;12.5101162171951;28.1452267961424;17.7094715210411;2.07436094209389;30.2195877382363;0.0;0.0;0.0
FR_CRS3035RES1000mN2130000E4270000;0;2B155;44.9933650011372;1.07127059526517;20.3541413100382;23.5679530958338;22.4966825005686;44.9933650011372;22.4966825005686;0.0;37.494470834281;7.4988941668562;0.0;0.0
FR_CRS3035RES1000mN2130000E4272000;0;2B161;55.3708077507887;0.971417679838398;27.1996950354752;27.1996950354752;28.1711127153136;52.4565547112735;27.1996950354752;2.91425303951519;50.5137193515967;4.85708839919199;0.0;0.0
FR_CRS3035RES1000mN2130000E4277000;0;2B057;27.9642592702789;0.0;15.1918554389447;12.7724038313342;12.0541815961277;23.9879924033765;15.9100776741512;2.97216925110357;23.8626114079561;4.10164786232289;0.0;1.00409761579884
FR_CRS3035RES1000mN2130000E4279000;0;2B057,2B088;33.3719685197783;3.10865764461865;15.8427069611841;14.4206039139756;17.6497074650844;33.3719685197783;15.722261054694;0.0;32.4249662134398;0.947002306338572;0.0;0.0
FR_CRS3035RES1000mN2130000E4283000;0;2B303;17.119529643905;0.0;6.03441731357727;11.0851123303277;7.05832324235826;9.04306679114257;10.0612064015467;2.01339454398471;15.0985068743124;2.02102276959256;0.0;6.06306830877767
FR_CRS3035RES1000mN2131000E4268000;0;2B213;33.8555568095895;1.93460324626226;16.4441275932292;15.476825970098;16.4441275932292;33.8555568095895;17.4114292163603;0.0;27.0844454476716;6.77111136191789;0.0;0.0
FR_CRS3035RES1000mN2131000E4277000;0;2B088;31.9453142988374;1.98121375561242;21.3548520586191;8.60924848460596;16.4243560168542;31.9453142988374;15.5209582819833;0.0;28.0710773459243;3.87423695291309;0.0;0.0
FR_CRS3035RES1000mN2131000E4278000;0;2B088;33.3859760613974;4.03058936570177;20.613807438776;8.74157925691967;14.7553901438329;28.341716998233;18.6305859175645;2.07243842974577;30.3895981449695;0.947002306338572;0.0;2.97182063341863
FR_CRS3035RES1000mN2131000E4280000;0;2B088,2B303;88.2292431968157;11.1124072623058;51.5231660998406;25.5936698346692;37.7794195708919;68.6151904806073;50.4498236259238;5.87584592320382;86.2480294412032;0.0;0.99060687780621;13.7382067930045
FR_CRS3035RES1000mN2131000E4281000;0;2B303;67.1417745503307;10.236248222125;41.7706822105474;15.1348441176584;32.5523388539425;58.0317415683354;34.5894356963883;9.11003298199533;66.1388913911423;1.00288315918843;0.0;0.0
FR_CRS3035RES1000mN2131000E4283000;0;2B303;36.8271381204109;8.17667683936257;22.5870430683412;6.06341821270713;21.4527305541721;27.5855008331486;15.3744075662388;7.22061451766973;25.5566744429684;4.06528011993811;5.16872982774639;2.02102276959256
FR_CRS3035RES1000mN2132000E4251000;0;2B096;185.797711833283;17.8544184137364;128.668307455025;39.2749859645218;92.4204357843744;170.802113871403;93.3772760489087;12.0022215658814;164.082204238077;17.8880912687278;2.8296241944792;2.99337639599857
FR_CRS3035RES1000mN2132000E4252000;0;2B096;129.625066577403;23.2480150857757;87.9426615318485;18.4343899597788;57.7450958242906;117.464892490188;71.8799707531124;2.74774809371951;118.254607610826;11.3704589665769;0.0;9.41242599349541
FR_CRS3035RES1000mN2132000E4253000;0;2B096,2B306;49.4328679229089;6.91793182935753;29.3441392778037;13.1707968157477;22.7208496974554;45.6873276971899;26.7120182254535;0.997792131999522;44.8803201778175;4.55254774509144;0.0;2.74774809371951
FR_CRS3035RES1000mN2132000E4260000;0;2B110;37.3440039434272;4.03718961550564;22.204542885281;11.1022714426405;18.1673532697754;36.3347065395508;19.1766506736518;0.0;35.3254091356744;2.01859480775282;0.0;1.00929740387641
FR_CRS3035RES1000mN2132000E4262000;0;2B292;21.843215456895;0.0;6.55296463706851;15.2902508198265;14.1980900469818;19.6588939112055;7.64512540991326;1.09216077284475;19.6588939112055;2.1843215456895;0.0;1.09216077284475
FR_CRS3035RES1000mN2132000E4263000;0;2B292;36.0413055038768;0.0;8.73728618275801;27.3040193211188;16.3824115926713;32.7648231853425;19.6588939112055;3.27648231853425;36.0413055038768;0.0;0.0;0.0
FR_CRS3035RES1000mN2132000E4275000;0;2B225;99.0478694179426;5.05346272540523;59.6308601597818;34.3635465327556;50.5346272540523;91.9730216023753;48.5132421638902;5.05346272540523;91.9730216023753;7.07484781556733;0.0;2.02138509016209
FR_CRS3035RES1000mN2132000E4279000;0;2B088,2B303;27.4288079069846;1.04160894278064;19.3572134566416;7.02998550756237;14.178894315696;24.4734917975862;13.2499135912885;1.98675687117011;26.4259247477961;1.00288315918843;0.0;0.968559238228273
FR_CRS3035RES1000mN2132000E4283000;0;2B087,2B303;121.449130278861;15.7060441719074;69.6319507847276;36.1111353222263;53.7809321229524;96.3677840132149;67.6681981559089;17.2209851096567;105.601588681034;13.8417752794507;2.00576631837687;7.86036115598964
FR_CRS3035RES1000mN2133000E4214000;0;2A279;83.671635027224;1.96874435358174;50.2029810163344;31.4999096573079;44.2967479555892;67.92168019857;39.3748870716348;12.7968382982813;81.7028906736422;1.96874435358174;0.0;2.95311653037261
FR_CRS3035RES1000mN2133000E4250000;0;2B096;1588.4257877324;124.971062016197;1185.48161308027;277.97311263593;873.003806853648;1403.24603187102;715.421980878748;121.60414868574;1294.67949362834;275.68769200057;13.1441984280373;63.5756071756388
FR_CRS3035RES1000mN2133000E4251000;0;2B096;3177.02599864676;250.834495046573;2581.84641868802;344.345084912176;1685.87330216083;2622.09359796211;1491.15269648594;236.087628874011;2604.1627859764;537.489206348873;16.3854581766541;318.844771810647
FR_CRS3035RES1000mN2133000E4252000;0;2B096;265.000716475739;62.9532230576904;181.752541829645;20.2949515884029;123.914934477963;237.662262735143;141.085781997775;12.7629292687798;243.727077440914;14.2238666607965;0.0;14.5755244718162
FR_CRS3035RES1000mN2133000E4283000;0;2B087;33.1391156668297;2.09737226376016;15.1433280322347;15.8984153708349;16.2060961289457;30.1666462416956;16.9330195378841;2.97246942513411;32.1849699436985;0.95414572313125;0.0;0.0
FR_CRS3035RES1000mN2134000E4211000;0;2A203;33.5777053424479;2.96273870668658;17.7764322401195;12.8385343956418;17.7764322401195;27.6522279290747;15.8012731023284;0.987579568895526;28.6398074979702;4.93789784447763;0.0;4.93789784447763
FR_CRS3035RES1000mN2134000E4250000;0;2B096;1654.22922058141;207.77008501804;1017.14664802319;429.312487540181;891.153361544031;1502.96331437204;763.075859037376;89.739634909289;1456.86402846423;180.068560213618;5.59140993391539;61.526271300075
FR_CRS3035RES1000mN2134000E4251000;0;2B096;372.136082735141;40.0707662756397;298.059765851503;34.0055506079988;204.501941466694;354.084199161153;167.634141268447;10.868151937083;284.211101254956;83.2635252232259;2.74774809371951;7.18373163690506
FR_CRS3035RES1000mN2134000E4260000;0;2B275;74.3483816845632;7.33012213791469;37.6977709949898;29.3204885516587;37.6977709949898;72.2540610737305;36.6506106895734;2.09432061083277;70.1597404628977;4.18864122166553;0.0;0.0
FR_CRS3035RES1000mN2134000E4272000;0;2B179;44.4673702139993;5.17062444348829;20.6824977739532;18.6142479965579;24.8189973287438;38.2626208818134;19.6483728852555;4.13649955479063;44.4673702139993;0.0;0.0;2.06824977739532
FR_CRS3035RES1000mN2134000E4277000;0;2B293;88.3599585975256;18.506925112017;47.5010139924134;22.3520194930952;46.0252117360586;84.4438442324771;42.334746861467;3.91611436504849;80.557918228898;6.92330870440387;0.0;0.0
FR_CRS3035RES1000mN2134000E4278000;0;2B293,2B303;114.573758346141;10.8229942667139;55.5447480997596;48.2060159796677;63.541137636927;95.1951523811983;51.0326207092141;17.3752178414124;107.374250702164;5.41044656361854;0.0;2.00338812353039
FR_CRS3035RES1000mN2134000E4279000;0;2B303;32.5992177106189;5.09884980447756;19.4005544275505;8.09981347859081;14.224488255588;26.4045455379108;18.3747294550309;5.16872982774639;31.581020077677;1.01819763294184;0.0;1.02594234496167
FR_CRS3035RES1000mN2134000E4281000;0;2B087,2B303;43.4021965021125;6.10695909942558;26.4087402274879;10.8864971751991;23.2155626119163;39.395095657228;20.1866338901962;4.00710084488452;40.3154651747561;3.08673132735642;0.0;0.0
FR_CRS3035RES1000mN2134000E4282000;0;2B087,2B303;45.2296083897618;6.33166817013634;26.1732519790478;12.7246882405777;22.0287716398937;40.2359954983036;23.2008367498682;2.93579200655399;41.2253545618998;2.93579200655399;0.0;2.05782088490428
FR_CRS3035RES1000mN2134000E4283000;0;2B087;206.304241942259;18.9204065455429;130.4591508494;56.9246845473154;97.2000795557513;178.311196761759;109.104162386507;15.1771314905391;180.028943312409;25.2463881873976;0.0;12.8159136899604
FR_CRS3035RES1000mN2135000E4212000;0;2A203;27.6522279290747;1.97515913779105;18.764011809015;6.91305698226868;12.8385343956418;22.7143300845971;14.8136935334329;0.987579568895526;22.7143300845971;4.93789784447763;0.0;3.9503182755821
FR_CRS3035RES1000mN2135000E4250000;0;2B096;192.297144508374;22.598361357448;131.676382185755;38.0224009651719;102.227852683911;174.607599262101;90.0692918244638;12.1732928836155;154.960980524305;36.3383718520701;0.0;5.51625236265761
FR_CRS3035RES1000mN2135000E4263000;0;2B045;60.6563805791758;6.06563805791758;31.3391299659075;23.2516125553507;29.3172506132683;56.6126218738974;31.3391299659075;2.02187935263919;60.6563805791758;0.0;0.0;2.02187935263919
FR_CRS3035RES1000mN2135000E4271000;0;2B208,2B216;37.5038200922645;2.98714578904383;25.6177419177687;8.89893238545199;21.6973858473898;34.5791792849002;15.8064342448748;0.0;32.5460787710846;4.95774132117988;0.0;2.92464080736433
FR_CRS3035RES1000mN2135000E4272000;0;2B216,2B334;40.9953018499239;2.71933293161139;13.6651006166413;24.6108683016712;18.2657581279113;37.301088649191;22.7295437220126;3.69421320073284;39.1824132288496;0.906444310537131;0.0;0.0
FR_CRS3035RES1000mN2135000E4278000;0;2B087;26.3047098538088;1.02891044245214;11.0937749049653;14.1820245063913;15.1375801116832;24.3597409889662;11.1671297421256;1.94496886484262;23.2179785264524;3.08673132735642;0.0;0.0
FR_CRS3035RES1000mN2135000E4279000;0;2B087;140.824201438761;27.1376439598263;68.8566224960991;44.8299349828351;68.2222175479025;132.896206422909;72.601983890858;7.92799501585162;119.236188545169;20.4784793360626;0.0;0.0
FR_CRS3035RES1000mN2135000E4280000;0;2B087;60.4204528117413;4.11564176980856;25.8827129975212;30.4220980444115;28.6675656832728;56.4571602448958;31.7528871284685;3.96329256684549;57.3337214843849;3.08673132735642;0.0;0.0
FR_CRS3035RES1000mN2135000E4281000;0;2B087;132.954965881992;16.3116335496944;83.3573872363318;33.2859450959659;67.1584389522442;119.955719295086;65.7965269297479;5.9873099934454;117.506776855968;13.3508167622641;0.0;7.01193659346114
FR_CRS3035RES1000mN2135000E4282000;0;2B087;331.559799601679;52.0638391714548;205.712964785095;73.7829956451287;167.995981438769;283.612210326078;163.563818162909;16.3307212197698;291.754567512898;35.6851418053765;2.01973358416351;31.616868055831
FR_CRS3035RES1000mN2135000E4283000;0;2B087;82.615377208202;2.05782088490428;45.1446651517492;35.4128911715485;39.8786390385995;73.7713237699599;42.7367381696024;2.93579200655399;76.5180891549706;6.09728805323131;0.0;5.90826143168811
FR_CRS3035RES1000mN2136000E4207000;0;2A197;29.2620823954242;0.975402746514141;6.82781922559899;21.4588604233111;16.5818466907404;21.4588604233111;12.6802357046838;6.82781922559899;29.2620823954242;0.0;0.0;0.975402746514141
FR_CRS3035RES1000mN2136000E4236000;0;2B007;99.292630780968;7.91231410101614;52.7023127119479;38.678003968004;48.3541296081219;93.2376628369721;50.9385011728461;0.0;88.9552650952681;10.3373656856999;0.0;6.05496794399592
FR_CRS3035RES1000mN2136000E4237000;0;2B007;60.230844953638;4.29150200490232;26.5102316308504;29.4291113178853;33.015253591148;54.2340856517278;27.2155913624901;4.87134018917239;59.2440247610666;0.986820192571437;0.0;1.1254191127379
FR_CRS3035RES1000mN2136000E4238000;0;2B047;25.0266452818156;1.00872742824017;8.01510688358985;16.0028109699856;11.0206905443865;22.0210150949907;14.0059547374291;3.00563018682496;25.0266452818156;0.0;0.0;0.0
FR_CRS3035RES1000mN2136000E4252000;0;2B329;33.9903236508941;3.99886160598755;21.9937388329315;7.99772321197509;14.9957310224533;33.9903236508941;18.9945926284408;0.0;33.9903236508941;0.0;0.0;0.0
FR_CRS3035RES1000mN2136000E4256000;0;2B306;45.936493202037;1.91402055008488;25.8392774261458;18.1831952258063;17.2261849507639;44.0224726519521;28.7103082512731;1.91402055008488;44.9794829269946;0.957010275042438;0.0;0.0
FR_CRS3035RES1000mN2136000E4270000;0;2B227;27.7139330878933;1.97956664913524;9.89783324567618;15.8365331930819;12.867183219379;27.7139330878933;14.8467498685143;0.0;26.7241497633257;0.0;0.0;0.0
FR_CRS3035RES1000mN2136000E4272000;0;2B334;40.7899939741709;0.906444310537131;19.9417748318169;19.9417748318169;22.6611077634283;38.0706610425595;18.1288862107426;2.71933293161139;35.3513281109481;5.43866586322279;0.0;0.0
FR_CRS3035RES1000mN2136000E4278000;0;2B087;565.951734487736;68.7197285143663;321.042284221131;176.189721752238;275.758838877701;527.694437117874;290.192895610034;26.9305522301522;500.011897572826;62.8531055875533;0.0;11.3267451397097
FR_CRS3035RES1000mN2136000E4279000;0;2B087,2B335;601.892710796702;79.6486875555006;345.735116271321;176.508906969881;315.306521834343;558.517092800875;286.586188962359;28.047492988531;544.659505856217;49.558418511625;1.98164628342274;15.328125007296
FR_CRS3035RES1000mN2136000E4280000;0;2B087,2B335;53.1507778165102;9.54112459816929;27.6274602410194;15.9821929773215;27.7404111158081;43.4104565919304;25.4103667007021;4.09499848158296;48.1686975353729;3.91277472046105;0.0;5.64532274299679
FR_CRS3035RES1000mN2136000E4281000;0;2B087,2B335;42.3353885436508;5.56599658466374;22.8592187854558;13.9101731735313;20.6758229294682;40.3790011834203;21.6595656141826;0.0;42.3353885436508;0.0;0.0;1.95638736023052
FR_CRS3035RES1000mN2136000E4282000;0;2B335;88.273953396115;10.8467604575205;46.4010862862826;31.0261066523119;40.9231837390814;76.6034511173222;47.3507696570336;5.71022831754022;80.7471054081475;7.52684798796749;0.0;5.96027396125253
FR_CRS3035RES1000mN2137000E4234000;0;2B007;17.6628176425094;1.05384358685508;9.09097715719159;7.51799689846275;7.90734940236806;16.7387582236228;9.75546824014136;0.924059418886646;17.6628176425094;0.0;0.0;0.0
FR_CRS3035RES1000mN2137000E4238000;0;2B047,2B147;30.3571832598708;4.06249988682307;17.2642215444449;9.03046182860278;14.1571062791199;30.3571832598708;16.2000769807508;0.0;26.2946833730477;4.06249988682307;0.0;0.0
FR_CRS3035RES1000mN2137000E4239000;0;2B047;189.295857320009;25.391048132347;83.7049435320463;80.1998656556158;86.5276189178664;172.187658979952;102.768238402143;15.1180532287145;178.111781606683;8.13715363372767;0.0;1.99014511134288
FR_CRS3035RES1000mN2137000E4255000;0;2B329;58.9832086883163;4.99857700748443;37.9891852568817;15.9954464239502;33.9903236508941;53.9846316808319;24.9928850374222;2.99914620449066;52.984916279335;4.99857700748443;0.0;1.99943080299377
FR_CRS3035RES1000mN2137000E4279000;0;2B311;21.549505544124;3.13598884783669;13.3521177414993;5.06139895478799;11.2929766196641;18.4671483285547;10.2565289244599;3.08235721556928;21.549505544124;0.0;0.0;0.0
FR_CRS3035RES1000mN2138000E4238000;0;2B147;78.4968184753024;2.01273893526416;41.2611481729154;35.2229313671229;35.2229313671229;72.4586016695099;43.2738871081795;5.03184733816041;75.4777100724061;2.01273893526416;1.00636946763208;1.00636946763208
FR_CRS3035RES1000mN2138000E4269000;0;2B234;16.7183804467155;0.0;12.3188066449483;4.39957380176723;5.27948856212068;14.9585509260086;11.4388918845948;0.0;16.7183804467155;0.0;0.0;1.75982952070689
FR_CRS3035RES1000mN2138000E4272000;0;2B111;32.5938602905967;0.958642949723432;9.58642949723432;22.0487878436389;20.1315019441921;29.7179314414264;12.4623583464046;2.8759288491703;32.5938602905967;0.0;0.0;0.0
FR_CRS3035RES1000mN2138000E4276000;0;2B317;23.6575161020043;0.0;6.6241045085612;17.0334115934431;13.2482090171224;18.9260128816034;10.4093070848819;4.73150322040086;21.7649148138439;1.89260128816034;0.0;0.0
FR_CRS3035RES1000mN2138000E4279000;0;2B311;54.7136314705179;7.32236682574921;29.9880793696777;17.403185275091;29.9882528341439;51.64485733276;24.725378636374;3.06877413775792;46.2999482395809;7.35006480289842;0.0;0.0
FR_CRS3035RES1000mN2138000E4280000;0;2B311;210.394314372396;34.4431404795375;127.901683510373;48.0494903824848;111.188270089674;197.043066226932;99.2060442827213;10.2824740077061;200.071444881301;9.27301218254508;0.0;3.06877413775792
FR_CRS3035RES1000mN2138000E4281000;0;2B311;71.241969173594;14.6715460272726;45.3187138797855;11.2517092665359;33.0293358456688;55.8171249587436;38.2126333279251;11.3333766504614;57.903957177009;12.301737765847;0.0;4.09146756438899
FR_CRS3035RES1000mN2138000E4282000;0;2B311;212.986201565439;30.4061786610574;133.519678433598;49.060344470784;107.475569916724;171.449684920999;105.510631648715;24.8052976738053;190.144951981056;22.8412495843833;0.0;16.7312189706343
FR_CRS3035RES1000mN2139000E4206000;0;2A197;36.0899016210232;2.92620823954242;29.2620823954242;3.90161098605656;14.6310411977121;35.1144988745091;21.4588604233111;0.0;36.0899016210232;0.0;0.0;0.975402746514141
FR_CRS3035RES1000mN2139000E4241000;0;2B095;56.3983548140683;1.97888964259889;25.7255653537855;28.6938998176839;27.7044549963844;49.4722410649722;28.6938998176839;0.989444821299444;52.4405755288705;3.95777928519778;0.0;5.93666892779666
FR_CRS3035RES1000mN2139000E4242000;0;2B095;53.43002035017;0.0;30.6727894602828;22.7572308898872;24.7361205324861;52.4405755288705;28.6938998176839;0.989444821299444;47.4933514223733;5.93666892779666;0.0;0.0
FR_CRS3035RES1000mN2139000E4251000;0;2B289;22.731173667854;0.988311898602347;12.8480546818305;8.89480708742113;11.8597427832282;21.7428617692516;10.8714308846258;0.988311898602347;20.7545498706493;1.9766237972047;0.0;0.0
FR_CRS3035RES1000mN2139000E4252000;0;2B289;82.0298875839948;14.8246784790352;58.3104020175385;8.89480708742113;42.4974116399009;69.1818329021643;39.5324759440939;2.96493569580704;76.1000161923808;5.92987139161409;0.0;9.88311898602347
FR_CRS3035RES1000mN2139000E4259000;0;2B264;26.3545213587066;1.88246581133619;14.1184935850214;10.353561962349;13.1772606793533;25.4132884530385;13.1772606793533;0.941232905668094;26.3545213587066;0.0;0.0;0.0
FR_CRS3035RES1000mN2139000E4262000;0;2B068;25.297067524685;0.0;9.10694430888661;16.1901232157984;11.1307097108614;22.2614194217228;14.1663578138236;3.0356481029622;21.2495367207354;4.0475308039496;0.0;0.0
FR_CRS3035RES1000mN2139000E4269000;0;2B067;35.651570992925;2.16070127229849;20.5266620868356;12.9642076337909;22.6873633591341;33.4908697206266;12.9642076337909;2.16070127229849;33.4908697206266;2.16070127229849;0.0;0.0
FR_CRS3035RES1000mN2139000E4275000;0;2B317;33.120522542806;9.46300644080172;16.0871109493629;7.57040515264137;13.2482090171224;28.3890193224051;19.8723135256836;1.89260128816034;32.1742218987258;0.0;0.0;2.83890193224051
FR_CRS3035RES1000mN2139000E4280000;0;2B311,2B313;83.7915757153363;14.332721010015;53.0875797080891;16.3712749972322;45.171976557615;73.5811994897161;38.6195991577213;7.11454132377788;77.5326492759478;6.25892643938849;0.0;3.09583490184239
FR_CRS3035RES1000mN2139000E4281000;0;2B311,2B313;121.079282678551;20.523968494437;81.0262350482921;19.5290791358217;67.6833777572107;102.627051268731;53.3959049213401;10.1883273023904;101.640709566724;18.3887158032779;0.0;8.26390410742984
FR_CRS3035RES1000mN2139000E4282000;0;2B311,2B313;41.2801346812257;7.39153550765381;20.6625108060351;13.2260883675368;22.6045536084157;35.1561672098167;18.6755810728099;4.07823368921443;31.7594083456688;9.52072633555692;0.0;2.0457337821945
FR_CRS3035RES1000mN2140000E4221000;0;2B153;42.0153957043896;1.02476574888755;26.6439094710763;14.3467204844257;17.4210177310884;39.9658642066145;24.5943779733012;1.02476574888755;38.941098457727;3.07429724666265;0.0;1.02476574888755
FR_CRS3035RES1000mN2140000E4222000;0;2B153;34.8420354621767;5.12382874443776;17.4210177310884;12.2971889866506;16.3962519822008;31.7677382155141;18.4457834799759;3.07429724666265;34.8420354621767;0.0;0.0;0.0
FR_CRS3035RES1000mN2140000E4254000;0;2B193;132.950741637441;12.465955153826;84.0843569335025;36.4004295501127;53.6723635955105;121.299507254674;79.2783780419307;7.84040712512083;115.732941670389;17.2177999670517;0.0;3.81082725764611
FR_CRS3035RES1000mN2140000E4260000;0;2B264;31.0606858870471;0.0;16.9421923020257;14.1184935850214;12.2360277736852;31.0606858870471;18.8246581133619;0.0;27.2957542643747;3.76493162267238;0.0;0.0
FR_CRS3035RES1000mN2140000E4262000;0;2B051;30.2443569174651;1.83299132833122;15.5804262908153;12.8309392983185;17.4134176191466;23.8288872683058;12.8309392983185;0.916495664165608;29.3278612532995;0.916495664165608;0.0;5.49897398499365
FR_CRS3035RES1000mN2140000E4269000;0;2B291;33.9382631864504;0.998184211366188;20.96186843869;11.9782105363943;17.9673158045914;28.9473421296195;15.970947381859;0.998184211366188;33.9382631864504;0.0;0.0;3.99273684546475
FR_CRS3035RES1000mN2140000E4271000;0;2B338;24.8372706760737;0.0;13.7984837089299;11.0387869671439;9.19898913928657;24.8372706760737;15.6382815367872;0.0;24.8372706760737;0.0;0.0;0.0
FR_CRS3035RES1000mN2140000E4272000;0;2B202;24.653607310967;0.0;10.7189597004204;13.9346476105466;10.7189597004204;22.5098153708829;13.9346476105466;0.0;19.2941274607568;5.35947985021021;0.0;2.14379194008409
FR_CRS3035RES1000mN2140000E4279000;0;2B313;134.915823945865;12.8894400122935;77.4173646662927;44.6090192672789;59.3446832698604;117.680519447117;75.5711406760046;9.05139412557622;118.911524913081;15.0087133395602;0.0;8.18391037317216
FR_CRS3035RES1000mN2140000E4280000;0;2B313;67.2944866485511;9.90300818761389;39.1784272861108;18.2130511748264;35.1039739971241;60.1603117331887;32.190512651427;3.0597216263757;53.2807025599548;12.0222874471581;0.0;4.07445328898672
FR_CRS3035RES1000mN2140000E4281000;0;2B313;342.378767217118;49.961582026976;189.819047101849;102.598138088294;185.366119704095;286.448312523165;157.012647513024;30.8912876682198;290.25612284386;42.2900159598576;5.9384984995876;25.0391670257339
FR_CRS3035RES1000mN2140000E4282000;0;2B313;102.056599447788;7.89399206426336;59.5090902383627;34.6535171451622;50.6402966960336;71.6763133233847;51.4163027517546;23.3550789387684;89.9629796611581;12.0936197866301;0.0;7.0252071856351
FR_CRS3035RES1000mN2141000E4250000;0;2B083;87.2561623341036;10.3206213513456;55.3560599753991;21.579481007359;47.8501535380568;81.6267325060969;39.4060087960468;3.75295321867112;80.6884942014291;6.56766813267447;0.0;1.87647660933556
FR_CRS3035RES1000mN2141000E4254000;0;2B193;76.149904890009;14.7114010397494;43.2934824716731;18.1450213785865;40.961545189484;70.1355451427734;35.188359700525;3.81082725764611;73.2060055317606;1.84213311345362;0.0;2.2035324895895
FR_CRS3035RES1000mN2141000E4268000;0;2B219;80.9843174367552;9.87613627277503;47.4054541093201;23.7027270546601;38.5169314638226;75.0586356730902;42.4673859729326;5.92568176366502;75.0586356730902;4.93806813638751;0.0;0.0
FR_CRS3035RES1000mN2141000E4278000;0;2B302,2B307;44.1834386849113;2.01254180766401;25.4310358660857;16.7398610111615;20.5435935328893;38.1977997419694;23.639845152022;1.01481026119842;40.3132718282126;3.87016685669866;0.0;4.97082868174343
FR_CRS3035RES1000mN2141000E4279000;0;2B307;19.36912730179;2.01254180766401;8.15380890173098;9.20277659239506;6.07178285245768;14.242962814591;13.2973444493324;5.12616448719906;19.36912730179;0.0;0.0;0.0
FR_CRS3035RES1000mN2141000E4280000;0;2B307,2B313;183.353966726371;29.1880025315009;111.69060199846;42.4753621964105;95.5093744858852;163.303929214683;87.8445922404858;12.0395358115829;176.417736680318;6.93623004605318;0.0;8.01050170010549
FR_CRS3035RES1000mN2141000E4281000;0;2B307,2B313;1199.13700931627;236.422382193669;679.8440799281;282.870547194501;649.308684270437;922.751988539594;549.828325045834;205.160877418137;1018.89827451796;153.698353731468;12.7171373711508;71.22414335854
FR_CRS3035RES1000mN2141000E4282000;0;2B307,2B313;427.914103454484;62.8710663761518;209.038761569864;156.004275508468;254.866907678773;312.080560689187;173.047195775711;79.4527661943343;380.058073981593;43.9932348571081;0.0;36.3807765709625
FR_CRS3035RES1000mN2142000E4249000;0;2B083;25.3324342260301;1.87647660933556;7.50590643734225;15.9500511793523;14.0735745700167;24.3941959213623;11.2588596560134;0.938238304667781;25.3324342260301;0.0;0.0;0.0
FR_CRS3035RES1000mN2142000E4254000;0;2B193;69.231224151948;9.73585307018447;43.1583829252839;16.3369881564796;33.3255559253091;55.0711974564985;35.9056682266389;8.8398854833278;66.1505550290133;1.92843939803778;0.0;5.3201412121217
FR_CRS3035RES1000mN2142000E4262000;0;2B304;75.8028669888941;9.0963440386673;47.503129979707;19.2033929705199;36.3853761546692;71.7600474161531;39.417490834225;3.03211467955577;70.7493425229679;5.05352446592628;0.0;1.01070489318526
FR_CRS3035RES1000mN2142000E4267000;0;2B052,2B176;21.1330197097216;0.0;7.78584936673954;13.3471703429821;10.0103777572366;20.0207555144731;11.1226419524851;1.11226419524851;18.9084913192246;2.22452839049701;0.0;0.0
FR_CRS3035RES1000mN2142000E4280000;0;2B307;44.0157958279833;1.94593223514792;35.9462599048402;6.12360368799516;23.1064013824605;39.9901324413378;20.9093944455228;2.02991286806633;40.971365044388;3.04443078359526;0.0;1.99575051857918
FR_CRS3035RES1000mN2142000E4281000;0;2B307;457.106324539136;78.1568074271887;260.181478757895;118.768038354053;236.011828344838;396.891912738504;221.094496194298;33.2203949399675;419.892157851728;37.2141666874073;0.0;26.9940168606643
FR_CRS3035RES1000mN2142000E4282000;0;2B307;283.371516571594;44.2999234503371;156.848174059118;82.2234190621386;152.301585204855;239.523643308899;131.069931366738;29.8078721528774;238.212217915077;44.1615671100512;0.0;14.0400011098173
FR_CRS3035RES1000mN2143000E4253000;0;2B193;49.4903212668839;11.0351497959461;28.5579201551797;9.8972513157582;21.8093483940932;47.3832955029414;27.6809728727907;0.0;40.6504357835561;8.8398854833278;0.0;2.10702576394253
FR_CRS3035RES1000mN2143000E4254000;0;2B193;132.078953048318;20.9971910478044;75.2875017877958;35.7942602127182;75.4463275806134;112.445203894728;56.632625467705;15.6905640729304;110.914108051407;19.1500993142897;0.0;3.94318508065971
FR_CRS3035RES1000mN2143000E4267000;0;2B176;43.7040125536162;3.97309205032874;22.8452792893903;16.8856412138972;18.8721872390615;42.710739541034;24.8318253145546;0.0;41.7174665284518;0.993273012582185;0.0;0.993273012582185
FR_CRS3035RES1000mN2143000E4268000;0;2B176,2B344;73.4300632612936;3.02475237154139;40.247653841928;30.1576570478242;32.1442030729886;65.4164791599439;41.285860188305;3.99555871722616;70.4277775566496;3.00228570464397;0.0;4.01802538412357
FR_CRS3035RES1000mN2143000E4271000;0;2B217;45.097520972556;3.758126747713;33.823140729417;7.51625349542599;19.7301654254932;45.097520972556;25.3673555470627;0.0;37.58126747713;6.57672180849774;0.0;0.0
FR_CRS3035RES1000mN2143000E4278000;0;2B242,2B340;50.4182532018948;8.46770880308091;23.2861992084725;18.6643451903413;24.1506630005623;49.3597896015096;26.2675902013325;1.05846360038511;46.1843988003543;4.23385440154046;0.0;0.0
FR_CRS3035RES1000mN2143000E4279000;0;2B242;46.460286964909;3.40959301753834;25.7610813418851;17.2896126054856;21.5080185446519;41.3148241114282;24.9522684202571;4.28099906139111;36.2108479627652;8.52051141796434;1.72892758417951;0.864463792089753
FR_CRS3035RES1000mN2143000E4281000;0;2B242,2B307;89.3756873486571;10.0834131070339;42.7310155649506;36.5612586766726;44.5841233737162;77.0031449550463;44.7915639749409;6.76187920894292;74.5573177530636;14.8183695955935;0.0;5.61066318466791
FR_CRS3035RES1000mN2143000E4282000;0;2B242,2B307;321.958300293478;43.560636727959;209.362262631711;69.0354009338076;157.397348050014;266.751518587738;164.560952243464;32.2889231836815;280.86188121112;35.8178548325402;0.0;22.9178585220582
FR_CRS3035RES1000mN2144000E4254000;0;2B003,2B193;121.73089192202;23.2250999719747;66.2814542969989;32.2243376530463;66.842575474214;105.806226827181;54.888316447806;8.3968573046424;114.582960418878;5.08704577986;0.0;7.52780779019682
FR_CRS3035RES1000mN2144000E4262000;0;2B267;42.3256506304467;1.00775358643921;18.1395645559057;23.1783324881018;18.1395645559057;39.3023898711291;24.186086074541;3.02326075931762;39.3023898711291;3.02326075931762;0.0;0.0
FR_CRS3035RES1000mN2144000E4277000;0;2B319,2B340;22.9157972538881;3.17539080115534;13.5857483820497;6.15465807068302;12.5163622273291;22.9157972538881;10.3994350265589;0.0;21.8573336535029;1.05846360038511;0.0;0.0
FR_CRS3035RES1000mN2144000E4278000;0;2B242,2B319,2B340;114.919256267714;12.7834551316408;60.769896794816;41.3659043412577;58.4851663737553;106.690696621966;56.4340898939592;3.73115530189277;103.364471132615;10.5269561604958;0.0;4.49740434385559
FR_CRS3035RES1000mN2144000E4279000;0;2B242;20.7338067263059;1.70127007944825;7.76651353261462;11.266023114243;8.63780762280095;18.1404153500366;12.0959991035049;2.59339137626926;19.8831716865817;0.0;0.0;0.0
FR_CRS3035RES1000mN2144000E4282000;0;2B242;337.138914334719;56.1166862836362;198.722701525967;82.2995265251158;169.571855715952;294.216965845626;167.567058618767;27.4166346797552;287.315797407012;39.6073414992302;5.11846633959396;15.5053138093376
FR_CRS3035RES1000mN2145000E4208000;0;2B121;34.9329102400201;7.45435028115225;18.5217029636318;8.95685699523608;18.4946129064707;33.9047524535595;16.4382973335494;0.0;25.1649986100188;9.76791163000135;0.0;1.02815778646063
FR_CRS3035RES1000mN2145000E4209000;0;2B121;119.5798613237;10.5064218096007;55.9980975643531;53.0753419497458;64.7732534465085;106.590215808242;54.8066078771911;7.03527793518907;114.411249245778;3.08447335938189;0.0;5.95436758026868
FR_CRS3035RES1000mN2145000E4268000;0;2B101;41.5749260099621;1.03937315024905;19.748089854732;20.787463004981;20.787463004981;40.535552859713;20.787463004981;1.03937315024905;39.496179709464;2.0787463004981;0.0;0.0
FR_CRS3035RES1000mN2145000E4271000;0;2B273,2B297;22.872650281614;2.07064278063014;11.61836380181;9.18364369917383;7.87982468153515;22.872650281614;14.9928256000788;0.0;20.9362563146456;1.93639396696833;0.0;0.0
FR_CRS3035RES1000mN2145000E4273000;0;2B299;88.6037051272963;11.9465669834557;38.826342696231;37.8307954476097;38.826342696231;85.6170633814324;49.7773624310653;1.99109449724261;79.6437798897046;7.96437798897046;0.0;0.995547248621307
FR_CRS3035RES1000mN2145000E4274000;0;2B252;100.367389583748;7.79552540456292;62.3642032365034;30.2076609426813;47.7475931029479;93.5463048547551;52.6197964807997;6.82108472899256;96.4696268814662;2.9233220267111;0.0;0.0
FR_CRS3035RES1000mN2145000E4276000;0;2B210;62.3120012409524;2.96723815433107;31.6505403128647;27.6942227737566;31.6505403128647;57.3666043170673;30.6614609280877;4.94539692388511;60.3338424713984;1.97815876955404;0.0;0.0
FR_CRS3035RES1000mN2145000E4281000;0;2B242,2B319;74.1141101512287;9.64110260272512;47.363989034191;17.1090185143125;38.9232344433535;62.1234221878121;35.1908757078752;5.54358063631804;73.1205665775314;0.0;0.0;6.44710732709848
FR_CRS3035RES1000mN2145000E4282000;0;2B242,2B319;176.143798519825;32.4476263030177;99.2624239058709;44.4337483109363;88.5309493572899;144.558520159383;87.6128491625349;23.310627372299;155.745645312992;19.5611257021216;0.0;8.27465098814285
FR_CRS3035RES1000mN2146000E4209000;0;2B121;94.5619450254679;16.5647495196702;56.1312493936559;21.8659461121418;47.7419419510389;81.3833442517622;46.820003074429;7.03527793518907;86.4706861582001;4.97896236226781;2.05631557292126;6.14332283851662
FR_CRS3035RES1000mN2146000E4248000;0;2B081;27.0107887646828;0.0;12.5407233550313;14.4700654096515;14.4700654096515;21.2227626008222;12.5407233550313;5.7880261638606;26.0461177373727;0.964671027310099;0.0;0.0
FR_CRS3035RES1000mN2146000E4251000;0;2B248;35.7018270400655;0.0;17.8509135200328;17.8509135200328;19.7299570484573;31.0042182190043;15.9718699916083;4.69760882106125;33.822783511641;1.8790435284245;0.0;0.0
FR_CRS3035RES1000mN2146000E4262000;0;2B082,2B122;21.7481472559954;0.0;9.33952934981804;12.4086179061773;11.3966103607859;18.6790586996361;10.3515368952095;3.06908855635929;17.5678533936895;4.18029386230583;0.0;0.0
FR_CRS3035RES1000mN2146000E4267000;0;2B246,2B255;197.194636470162;9.88364887839267;94.8325870072944;92.4784005844749;98.3744626490435;188.409382867173;98.8201738211185;6.83039490792001;184.348857580538;10.7364392852133;0.0;1.95485869506858
FR_CRS3035RES1000mN2146000E4268000;0;2B113,2B246;52.5614232615703;2.05822557728975;21.6624825886635;28.840715095617;23.6951511523927;45.3576337410562;28.8662721091776;6.17467673186924;49.4740848956356;3.08733836593462;0.0;1.02911278864487
FR_CRS3035RES1000mN2146000E4277000;0;2B210;44.508572314966;3.95631753910809;31.6505403128647;8.9017144629932;19.7815876955404;44.508572314966;24.7269846194256;0.0;43.519492930189;0.989079384777022;0.0;0.0
FR_CRS3035RES1000mN2146000E4281000;0;2B319;281.498908707328;46.6870273695075;165.911017786371;68.9008635514495;146.141069214903;245.136615308003;135.357839492425;21.6035030908211;248.955619431829;29.5737039010435;0.0;14.7587903085039
FR_CRS3035RES1000mN2146000E4282000;0;2B319;35.1699079156;2.96945831175838;15.6310692393043;16.5693803645373;12.7275174881022;35.1699079156;22.4423904274977;0.0;33.2272591377865;1.94264877781343;0.0;0.0
FR_CRS3035RES1000mN2147000E4249000;0;2B244;22.2050553965472;4.03728279937221;10.0932069984305;8.07456559874443;10.0932069984305;22.2050553965472;12.1118483981166;0.0;22.2050553965472;0.0;0.0;0.0
FR_CRS3035RES1000mN2147000E4275000;0;2B252;38.0031863472442;4.87220337785183;27.2843389159702;5.84664405342219;20.4632541869777;36.0543049961035;17.5399321602666;0.974440675570365;33.1309829693924;4.87220337785183;0.0;0.974440675570365
FR_CRS3035RES1000mN2147000E4277000;0;2B318;64.1016009728919;6.24474493559433;41.1277086467908;16.7291473905067;34.3385606387482;63.2845015073657;29.7630403341437;0.0;61.4984476490626;2.60315332382932;0.0;0.817099465526173
FR_CRS3035RES1000mN2147000E4278000;0;2B318;41.3459227321107;0.0;24.0602950464018;17.2856276857089;19.5239303669013;40.5288232665845;21.8219923652094;0.817099465526173;41.3459227321107;0.0;0.0;0.0
FR_CRS3035RES1000mN2147000E4281000;0;2B318,2B319;315.740424978544;59.3089188768028;207.685457162492;48.7460489392498;158.793698907645;285.107117818689;156.946726070899;18.1986480677335;283.96779871492;25.5782872997622;0.889793299849634;12.4346590921216
FR_CRS3035RES1000mN2147000E4282000;0;2B318,2B319;96.9655712057312;8.71744034707979;63.5961700730823;24.6519607855691;50.1440316654248;87.0343311785417;46.8215395403065;1.63419893105235;85.7843637650472;10.1988362763202;0.0;8.29704109613717
FR_CRS3035RES1000mN2148000E4263000;0;2B169;90.1095648215331;11.9050896696471;48.8482796286661;29.3561955232199;42.1195037061529;83.1357067681207;47.9900611153802;6.97385805341239;89.0514434995085;1.05812132202458;0.0;0.0
FR_CRS3035RES1000mN2148000E4277000;0;2B318;60.8229505487633;12.5987011113874;35.7271889593471;12.4970604780287;31.8790177031103;55.3194013052069;28.943932845653;4.53459485077939;57.3364711836882;3.48647936507508;0.0;0.968954392776972
FR_CRS3035RES1000mN2148000E4278000;0;2B207,2B318;81.1347410161795;21.0178089503379;48.3085379913904;11.8083940744513;44.2915242582599;78.8366790178714;36.8432167579196;2.29806199830813;70.7303657162907;8.3655510008851;0.0;0.0
FR_CRS3035RES1000mN2148000E4279000;0;2B207,2B318;168.240584006906;29.5156194363707;106.838940094757;31.8860244757787;81.4561168480633;150.431782427742;86.7844671588428;4.99493761917075;157.22710269614;10.0805889975272;0.0;12.8138639599934
FR_CRS3035RES1000mN2148000E4280000;0;2B207,2B318;982.553837104171;133.438721292998;579.298374728426;269.816741082746;528.117497861543;829.765226080057;454.436339242628;104.74208733547;900.443717094638;73.0502041001872;2.07735399158947;48.046523688644
FR_CRS3035RES1000mN2148000E4281000;0;2B207,2B318;59.0448742217862;8.4079376731391;36.1954088200016;14.4415277286455;25.3425797472421;53.1030495514527;33.7022944745441;4.94994512750349;56.2734080792569;1.77958659969927;0.0;0.991879542830043
FR_CRS3035RES1000mN2148000E4283000;0;2B207;46.1649299893185;6.59454874572567;22.0223867885319;17.547994455061;25.191658121289;45.1103334260037;20.9732718680295;1.05459656331487;44.1184538831736;2.04647610614491;0.0;0.0
FR_CRS3035RES1000mN2149000E4252000;0;2B220;53.8735217462787;4.34463885050635;27.8056886432406;21.7231942525317;23.4610497927343;51.2667384359749;30.4124719535444;1.73785554020254;53.8735217462787;0.0;0.0;0.86892777010127
FR_CRS3035RES1000mN2149000E4253000;0;2B220;23.4610497927343;2.60678331030381;16.5096276319241;4.34463885050635;12.1649887814178;21.7231942525317;11.2960610113165;0.86892777010127;23.4610497927343;0.0;0.0;0.86892777010127
FR_CRS3035RES1000mN2149000E4254000;0;2B220;27.8056886432406;3.47571108040508;13.033916551519;11.2960610113165;11.2960610113165;25.1989053329368;16.5096276319241;1.73785554020254;27.8056886432406;0.0;0.0;0.86892777010127
FR_CRS3035RES1000mN2149000E4262000;0;2B337;17.4935476670146;0.0;11.0485564212724;6.44499124574221;6.44499124574221;16.5728346319086;11.0485564212724;0.920713035106031;15.6521215968025;1.84142607021206;0.0;0.0
FR_CRS3035RES1000mN2149000E4268000;0;2B069;85.759424806098;6.12567320043557;53.0891677371083;26.5445838685541;47.9844400700786;81.6756426724743;37.7749847360194;3.06283660021779;71.466187338415;14.293237467683;0.0;1.02094553340593
FR_CRS3035RES1000mN2149000E4272000;0;2B280;103.249637196855;7.79242544881926;53.5729249606324;41.8842867874035;57.469137685042;90.5869458425238;45.7804995118131;7.79242544881926;80.8464140314998;21.429169984253;0.974053181102407;4.87026590551204
FR_CRS3035RES1000mN2149000E4274000;0;2B245;32.603905863589;1.97599429476297;21.7359372423926;8.89197432643335;16.7959515054852;26.6759229793001;15.8079543581037;5.9279828842889;28.651917274063;2.96399144214445;0.0;0.0
FR_CRS3035RES1000mN2149000E4278000;0;2B207;113.683356340904;16.5652360570365;63.5429532168317;33.5751670670355;55.7267101068969;103.57833235034;57.9566462340068;4.0292739422093;103.548415714491;8.12030365530772;0.991879542830043;6.07575004835421
FR_CRS3035RES1000mN2149000E4279000;0;2B207;305.176534418442;42.8902785965737;174.515162699444;87.7710931224243;150.299432953197;266.789041985215;154.877101465244;23.4101681784151;283.79151426314;20.4230862692341;0.0;14.9773242548111
FR_CRS3035RES1000mN2149000E4280000;0;2B207;905.937002893239;153.039691596088;552.756088153801;200.141223143351;486.259792503105;774.763773438923;419.677210390134;100.805718749177;761.295735375456;138.834265046551;0.0;30.3675107051396
FR_CRS3035RES1000mN2149000E4281000;0;2B207;409.060480107563;62.7904747179268;288.230102601784;58.039902787852;198.958198732875;364.361512745001;210.102281374688;22.0234307464944;383.693498608305;19.5636243582218;0.0;22.6755366160671
FR_CRS3035RES1000mN2150000E4255000;0;2B169;352.481886333038;52.8216852047917;216.090412376022;83.5697887522253;176.961038996937;332.585430632405;175.520847336102;9.72952263280838;312.117985616269;36.5199970019433;0.0;10.166933067825
FR_CRS3035RES1000mN2150000E4261000;0;2B337;69.9741906680583;9.20713035106031;40.5113735446654;20.2556867723327;33.1456692638171;68.1327645978463;36.8285214042412;1.84142607021206;64.4499124574222;5.52427821063618;0.0;0.0
FR_CRS3035RES1000mN2150000E4262000;0;2B337;45.1149387201955;1.84142607021206;19.3349737372266;23.9385389127568;23.0178258776508;41.4320865797714;22.0971128425447;3.68285214042412;45.1149387201955;0.0;0.0;0.0
FR_CRS3035RES1000mN2150000E4267000;0;2B195;61.248443912524;6.80538265694711;41.8044934641037;12.6385677914732;27.2215306277885;59.304048867682;34.0269132847356;1.94439504484203;52.4986662107349;8.74977770178914;0.0;0.0
FR_CRS3035RES1000mN2150000E4276000;0;2B207;24.9925974616628;4.8396150871006;12.960879992004;7.19210238255819;12.0317174696588;24.9925974616628;12.960879992004;0.0;24.9925974616628;0.0;0.0;0.0
FR_CRS3035RES1000mN2150000E4279000;0;2B077,2B207;360.412027555066;68.0119132388198;252.708803846088;39.6913104701574;179.013565698119;334.553235568256;181.398461856946;10.1532894929645;300.834865284517;52.6523410081578;0.0;15.7055024938448
FR_CRS3035RES1000mN2151000E4254000;0;2B169;29.8868960377764;9.38557880359588;17.3713628955942;3.12995433858629;16.487152316254;28.8287747157518;13.3997437215224;1.05812132202458;27.0956784494397;2.79121758833665;0.0;0.0
FR_CRS3035RES1000mN2151000E4255000;0;2B169;410.459345759244;48.751970135539;246.323286297117;115.384089326588;217.221078163535;354.297966918714;193.23826759571;23.2127253582159;352.771475380553;51.0935091634318;3.72162345111554;32.9486534823139
FR_CRS3035RES1000mN2151000E4264000;0;2B079;65.3244540274359;6.0718131955701;31.1959075918722;28.0567332399936;35.0904829432111;58.3249048780302;30.2339710842248;3.98666295112897;63.296657659898;2.02779636753784;0.0;3.01288619827667
FR_CRS3035RES1000mN2151000E4267000;0;2B102,2B195;56.9060630721138;6.00195543197317;32.8982413442211;18.0058662959195;28.9813228716292;54.9054112614561;27.9247402004846;1.00032590532886;54.9054112614561;1.00032590532886;0.0;1.00032590532886
FR_CRS3035RES1000mN2151000E4270000;0;2B166;75.0134661997799;12.4261723690293;39.3257909758022;23.2615028549485;40.4721246244179;67.9298876296405;34.5413415753621;1.95878192539842;60.6545504147102;11.3927224281407;2.01482286306135;5.12479664474103
FR_CRS3035RES1000mN2151000E4275000;0;2B286;30.0043086110374;4.15488819773317;18.0013729646564;7.84804744864775;10.9405858334576;30.0043086110374;19.0637227775797;0.0;25.989598556527;4.01471005451035;0.0;0.0
FR_CRS3035RES1000mN2151000E4276000;0;2B207;187.047945506887;11.8136497723555;99.9285281113672;75.3057676231639;92.7029276922978;164.60163371373;94.3450178145888;11.1641409470952;183.946872837427;2.10919312662973;0.0;11.2821708460609
FR_CRS3035RES1000mN2151000E4277000;0;2B077;148.74816417986;11.2178892473818;82.1013437318653;55.4289312006133;79.9219272394277;128.562038702677;68.8262369404328;16.1489407543829;130.503746104956;18.2444180749044;0.0;4.03718472280019
FR_CRS3035RES1000mN2151000E4278000;0;2B077;104.58117516873;21.39426076157;62.0104205189927;21.1764938881676;53.7885227808353;93.4082339888832;50.792652387895;7.12290882409639;85.2953615047675;17.2415255243613;0.0;4.05003235575063
FR_CRS3035RES1000mN2151000E4279000;0;2B077;249.958795566894;48.0800907615122;151.419976419445;50.4587283859369;119.868514659896;215.391804321654;130.090280906998;25.4253676578325;226.584363967091;20.3015142448956;0.0;9.14162358740722
FR_CRS3035RES1000mN2152000E4248000;0;2B162;47.6679112600538;2.07975102453826;35.5646739792009;10.0234862563146;25.2852286875203;42.7244927340741;22.3826825725334;2.94295060501458;44.6864598040839;2.98145145596994;0.0;2.00046792096508
FR_CRS3035RES1000mN2152000E4249000;0;2B162;35.4669033883912;4.13948868535775;21.3435699985054;9.98384470452801;20.2244113826631;32.4658237443534;15.2424920057281;2.0200961090329;31.3074013393146;4.15950204907652;0.0;0.980983535004861
FR_CRS3035RES1000mN2152000E4250000;0;2B162;92.7964629212316;3.07959980936985;51.4462721330189;38.2705909788428;40.688333723721;86.8139318212239;52.1081291975106;4.0013136045203;90.7763668121987;2.0200961090329;0.0;1.9812174954874
FR_CRS3035RES1000mN2152000E4255000;0;2B169;35.0409400867167;7.49591331710582;21.3295277199258;6.21549904968513;18.258128079456;33.0135166976425;16.7828120072607;2.02742338907425;27.4635065938039;3.65022394632852;0.0;0.0
FR_CRS3035RES1000mN2152000E4261000;0;2B079;119.839372443481;21.4268503166327;73.4827332254147;24.929788901434;60.3665143903529;107.87899382198;59.4728580531285;2.95605350406602;108.633869128668;8.157489098325;0.996665737782243;9.00432511743509
FR_CRS3035RES1000mN2152000E4265000;0;2B039;88.3418037505306;9.29913723689796;51.1452548029388;27.8974117106939;41.8461175660408;88.3418037505306;46.4956861844898;0.0;87.1794115959184;0.0;0.0;0.0
FR_CRS3035RES1000mN2152000E4270000;0;2B166;27.2715295207699;6.60827302770055;11.5088141222057;9.15444237086373;15.3995376312433;25.2274601620127;11.8719918895266;1.03665792722656;25.2567066577086;2.01482286306135;0.0;1.00741143153067
FR_CRS3035RES1000mN2152000E4273000;0;2B145;37.4926404272504;3.94659372918425;21.7062655105134;11.8397811875528;16.7730233490331;36.5059919949543;20.7196170782173;0.986648432296063;30.586101401178;6.90653902607244;0.0;0.0
FR_CRS3035RES1000mN2152000E4274000;0;2B145;169.703530354923;16.7730233490331;103.598085391087;49.3324216148032;84.8517651774614;167.730233490331;84.8517651774614;1.97329686459213;161.810342896554;7.8931874583685;0.0;0.0
FR_CRS3035RES1000mN2152000E4275000;0;2B286;37.895102876998;6.06865470901796;24.981819979949;6.84462818803103;20.8866580993594;32.9559848667308;17.0084447776386;3.95814417616155;31.7336629914166;5.13453323798447;0.0;0.980973834105603
FR_CRS3035RES1000mN2152000E4276000;0;2B286,2B343;125.894877270554;17.08679475174;78.4503206370052;30.3577618818086;67.4462749890663;104.170017001148;58.4486022814875;17.8117368113757;114.796418221082;9.05632675661759;0.0;3.91312345802991
FR_CRS3035RES1000mN2152000E4278000;0;2B077,2B286;40.0604766523079;6.11538674297507;24.0463051657807;9.89878474355205;21.0048999875596;25.0128692661643;19.0555766647483;9.95609818376132;30.9483828584329;7.06823893331144;1.0152256452571;5.09150920238229
FR_CRS3035RES1000mN2152000E4279000;0;2B077,2B286;40.8034570952341;8.19016399538995;28.5672844903471;4.04600860949701;21.4251645196295;33.6611329478461;19.3782925756046;3.05374786818512;38.784864733834;2.0185923614001;0.0;4.08857627920281
FR_CRS3035RES1000mN2152000E4280000;0;2B077;24.3518299759267;3.05358432030145;15.2294993082648;6.06874634736045;8.13224563358309;18.2832050026258;16.2195843423436;6.06862497330094;22.3332376145266;2.0185923614001;0.0;0.0
FR_CRS3035RES1000mN2153000E4247000;0;2B162;42.1729256984948;4.09984713357116;26.2042684922966;11.868810072627;26.029881375227;30.9332731737692;16.1430443232677;7.08015047564907;34.0528997105766;8.1200259879182;0.0;4.15950204907652
FR_CRS3035RES1000mN2153000E4248000;0;2B162;157.367355011415;17.7010238286918;89.5700465526395;50.0962846300838;86.0608934722602;145.146318804441;71.3064615391549;10.2205682860088;157.367355011415;0.0;0.0;2.00046792096508
FR_CRS3035RES1000mN2153000E4250000;0;2B162;39.3191138697077;7.57250938914078;15.5339616113809;16.212642869186;18.6351306041367;37.3182681861525;20.683983265571;2.00084568355522;39.3191138697077;0.0;0.0;0.0
FR_CRS3035RES1000mN2153000E4261000;0;2B079;226.560204282028;52.1262822391681;133.545915907244;40.8880061356156;117.151987936019;204.438605926174;109.408216346009;3.02472644348154;201.063673287323;25.4965309947048;0.0;19.0968719123722
FR_CRS3035RES1000mN2153000E4262000;0;2B039,2B079;39.0227030168102;4.36428950738875;24.337414313009;10.3209991964124;18.7988954066815;39.0227030168102;20.2238076101287;0.0;39.0227030168102;0.0;0.0;0.0
FR_CRS3035RES1000mN2153000E4263000;0;2B039;43.0085097206531;8.13674508228571;22.0854509376327;12.7863137007347;23.2478430922449;39.5213332568163;19.7606666284082;1.16239215461225;39.5213332568163;3.48717646383673;0.0;2.32478430922449
FR_CRS3035RES1000mN2153000E4267000;0;2B054;48.6028312782062;2.97568354764528;23.8054683811622;21.8216793493987;17.8541012858717;37.6919916035069;30.7487299923345;10.9108396746994;48.6028312782062;0.0;0.0;0.0
FR_CRS3035RES1000mN2153000E4275000;0;2B343,2B346;126.439783750133;10.1513782643416;73.2724627344257;43.0159427513654;59.2407232606122;114.249729993848;67.1990604895205;10.1671587127094;117.542464076692;7.88962726313605;0.0;2.02289504357556
FR_CRS3035RES1000mN2153000E4276000;0;2B343;152.85257130607;18.2872066053664;86.5915749245043;47.9737897761989;79.4125417956054;136.765423064304;73.4400295104642;13.0712030224605;138.758601057776;13.0936257450675;0.0;3.01594521930547
FR_CRS3035RES1000mN2153000E4277000;0;2B286,2B343;268.256741527198;61.8997020868037;163.575336210991;42.7817032294035;141.530596517577;237.093807402798;126.726145009621;25.1386618579347;211.692697477702;51.4959744770777;0.0;6.02427226646569
FR_CRS3035RES1000mN2153000E4278000;0;2B286,2B343;671.97240698527;124.675965785109;425.523347671565;121.773093528597;348.761759690176;600.276967479441;323.210647295094;47.7924915776154;585.686187861733;72.2413097333259;0.0;23.902947928214
FR_CRS3035RES1000mN2153000E4279000;0;2B286;46.5255860904163;3.99187650987897;37.6285836342064;4.90512594633095;23.7474424495977;45.5557707756155;22.7781436408186;0.969815314800775;35.576337753929;10.9492483364873;0.0;0.0
FR_CRS3035RES1000mN2153000E4280000;0;2B286;36.5811930017712;1.98452148262379;23.7597757317048;10.8368957874426;14.7949130699071;34.5622898428865;21.786279931864;2.01890315888468;31.6424631096243;4.93872989214689;0.0;0.0
FR_CRS3035RES1000mN2153000E4281000;0;2B286;30.4236642676366;1.99593825493948;24.5373062341892;3.89041977850793;8.86314173459103;24.515119060689;21.5605225330456;4.92757137284207;18.6281146561104;11.7955496115262;0.0;0.980973834105603
FR_CRS3035RES1000mN2154000E4221000;0;2B049;78.5192252624727;9.12426866611111;43.8171467440542;25.5778098523074;45.8620258480659;62.183649462177;32.6571994144068;9.21968852066276;76.4744677219922;2.04475754048055;0.0;7.11588727963301
FR_CRS3035RES1000mN2154000E4222000;0;2B049,2B165;63.8759933518772;14.1609444805491;38.5156529682695;11.1993959030586;31.4318241266878;52.7089963284774;32.4441692251894;3.04207891958322;50.7038241379094;12.1623191392963;0.0;8.12491810381654
FR_CRS3035RES1000mN2154000E4248000;0;2B162;203.9177581937;21.8633056961506;127.206868420612;54.8475840769376;97.3633055780322;185.410840705148;106.554452615668;10.4446203924142;181.356450990053;18.3201807629648;4.24112644068224;8.06229709613848
FR_CRS3035RES1000mN2154000E4267000;0;2B054;77.3677722387772;5.95136709529056;43.6433586987974;27.7730464446893;35.7082025717433;75.3839832070137;41.6595696670339;1.98378903176352;74.3920886911319;2.97568354764528;0.0;0.0
FR_CRS3035RES1000mN2154000E4272000;0;2B166,2B192;98.6844244490583;12.3355530561323;60.6498025259837;25.6990688669423;52.4261004885622;94.5725734303475;46.2583239604961;2.05592550935538;85.3209086382483;12.3355530561323;0.0;2.05592550935538
FR_CRS3035RES1000mN2154000E4274000;0;2B346;384.534875958786;52.0237398086758;208.3563669138;124.15476923631;199.83464089539;340.010153084525;184.700235063396;37.8901977246974;346.64990973262;34.1026768769813;0.0;6.63452514956272
FR_CRS3035RES1000mN2154000E4275000;0;2B343,2B346;141.056556423957;29.3186319333072;87.1062623866943;24.6316621039553;65.3154933422434;132.538312978112;75.7410630817134;5.67999277734248;114.563055224183;24.6010470340389;0.0;2.83825066850218
FR_CRS3035RES1000mN2154000E4276000;0;2B343,2B346;412.121528777361;66.4533089666462;265.466055788278;80.2021640224363;211.533071678345;342.828270001603;200.588457099015;28.0001515773016;389.947257349271;20.1366265972125;0.0;41.2931071984565
FR_CRS3035RES1000mN2154000E4277000;0;2B343;373.468314267323;55.7343413304344;243.641060263081;74.0929126738074;173.968619965761;294.931523244974;199.499694301562;42.2292296520228;328.187101525934;43.2731758278576;1.00034450322635;36.3075613703255
FR_CRS3035RES1000mN2154000E4278000;0;2B286,2B343;241.200969431036;44.6950623754906;153.439175063896;43.0667319916495;117.057648075843;216.918826619847;124.143321355193;15.190380449547;225.113873183019;13.0119336081859;0.0;9.09176236164198
FR_CRS3035RES1000mN2155000E4221000;0;2B049;83.3819641870995;18.221502256065;51.851156740238;13.3093051907966;48.7933420731551;57.9403580050732;34.5886221139444;11.2145221804858;83.3819641870995;0.0;0.0;14.2270840015405
FR_CRS3035RES1000mN2155000E4222000;0;2B165;55.5804232562718;12.1881674999727;29.3017683363194;14.0904874199798;26.2500135900703;45.510334901201;29.3304096662015;7.05318243350374;52.5508730322574;3.02955022401442;0.0;3.0169059215671
FR_CRS3035RES1000mN2155000E4247000;0;2B080;63.6056418400334;6.54763960117991;31.8028209200167;25.2551813188368;35.5443292635481;59.864133496502;28.0613125764853;1.87075417176569;61.7348876682677;0.935377085882843;0.0;1.87075417176569
FR_CRS3035RES1000mN2155000E4260000;0;2B059;62.2139033766119;5.65580939787381;32.0495865879516;24.5085073907865;25.4511422904321;58.4433637780294;36.7627610861798;1.88526979929127;58.4433637780294;3.77053959858254;0.0;1.88526979929127
FR_CRS3035RES1000mN2155000E4267000;0;2B054;32.7325190240981;1.98378903176352;15.8703122541081;14.8784177382264;18.8459958017534;31.7406245082163;13.8865232223446;0.0;28.764940960571;3.96757806352704;0.0;0.991894515881759
FR_CRS3035RES1000mN2155000E4268000;0;2B054,2B355;40.314443642991;3.66780641167814;26.5561394566968;10.0904977746161;23.9813165939752;39.3479866004997;16.3331270490158;0.966457042491327;40.314443642991;0.0;0.0;0.0
FR_CRS3035RES1000mN2155000E4269000;0;2B054,2B355;49.5651217108371;7.46950582250439;29.9544349616105;12.1411809267222;22.5515565502853;49.5651217108371;27.0135651605518;0.0;42.7744849400074;5.79874225494796;0.0;0.0
FR_CRS3035RES1000mN2155000E4271000;0;2B250;122.230582209181;9.77844657673446;88.9838638482836;23.4682717841627;55.7371454873864;106.585067686406;66.4934367217943;7.82275726138757;92.8952424789774;24.4461164418362;3.91137863069378;7.82275726138757
FR_CRS3035RES1000mN2155000E4275000;0;2B166,2B346;507.726162514044;94.6913442193406;340.546914143963;72.4879041507406;254.475014055824;456.483548592636;253.25114845822;20.9545702387846;450.916660288784;52.0788038458755;0.0;30.2880436826237
FR_CRS3035RES1000mN2155000E4276000;0;2B343,2B346;1560.22337630523;309.272657994808;940.149915690652;310.800802619774;848.383826478444;1303.71033726821;711.839549826791;190.229878848144;1215.66274960937;313.346044309009;0.944044328491399;66.2831601888768
FR_CRS3035RES1000mN2155000E4281000;0;2B343;24.1564144297655;2.03764483087757;15.1161969439943;7.00257265489359;14.1011018634506;22.1630197508092;10.0553125663148;0.0;21.0887628087178;3.06765162104763;0.0;1.99339467895626
FR_CRS3035RES1000mN2156000E4225000;0;2B049,2B165;208.131518531285;35.4518023547739;118.244961097905;54.4347550786068;109.116766783223;193.993478147159;99.0147517480623;9.08240312968873;174.682140260915;33.4493782703704;0.0;5.05563725443774
FR_CRS3035RES1000mN2156000E4226000;0;2B049;870.69503835913;113.621866074691;505.283585638246;251.789586646193;426.268942939919;786.113584640094;444.426095419211;41.9133658584282;821.760648761871;43.8452030611372;4.07135732707252;42.6680878606078
FR_CRS3035RES1000mN2156000E4227000;0;2B049;139.90777354766;10.1647243886674;76.5287998065378;53.2142493524548;76.6518010986518;128.656955834158;63.2559724490082;6.14343275162522;130.747209348533;9.1605641991271;0.0;5.10738496187658
FR_CRS3035RES1000mN2156000E4269000;0;2B355;46.4912936147361;5.40426714047098;28.0767260423048;13.0103004319603;23.0971859999068;41.9569216001554;23.3941076148293;4.53437201458066;46.4912936147361;0.0;0.0;0.0
FR_CRS3035RES1000mN2156000E4274000;0;2B148,2B166,2B192;103.062838205678;25.3425345908693;57.3130136196101;20.4072899951988;46.4283814046632;60.9816547673499;56.634456801015;36.9951472922542;75.4461529590384;12.2113325101983;14.3914785654877;5.08603614607404
FR_CRS3035RES1000mN2156000E4275000;0;2B166,2B346;455.365242306554;68.5466478256733;297.240839920891;89.5777545599897;220.117852522933;327.337817571548;235.247389783621;92.5546839732947;423.233532046411;29.2768195676686;0.951370493867748;35.4727407617113
FR_CRS3035RES1000mN2156000E4276000;0;2B346;284.932137235034;61.4746461234529;178.924893528067;44.5325975835133;152.399047678319;232.896162850211;132.533089556715;36.8919682860644;261.287340850939;21.7523422183596;0.0;15.1440060987587
FR_CRS3035RES1000mN2156000E4277000;0;2B346;71.9832388302418;7.5733145581285;55.883821450831;8.52610282128238;34.0939151739547;55.8873225786675;37.8893236562871;8.52172681575413;60.6110195116607;9.47714132755981;0.947538995510663;7.5741894358202
FR_CRS3035RES1000mN2156000E4278000;0;2B343,2B346;42.3911628976979;6.95487080552491;24.9695976770308;10.4666944151422;19.3026564731827;36.7050524298724;23.0885064245152;3.79103166826924;38.5992555432021;1.8968293634745;0.947538995510663;1.89507879955622
FR_CRS3035RES1000mN2156000E4279000;0;2B343,2B346;44.9566047523846;4.85537717406711;29.3249432881611;10.7762842901564;20.4479477156645;33.1931747648263;24.5086570367201;7.79281376113237;44.9566047523846;0.0;0.0;3.97061622642596
FR_CRS3035RES1000mN2156000E4281000;0;2B343;88.1215562392516;11.1291905070353;57.06571327015;19.9266524620662;48.0697999094447;74.1379700673049;40.0517563298069;6.96593988510227;80.0298689057847;6.07630251285666;0.0;7.01764628684442
FR_CRS3035RES1000mN2157000E4226000;0;2B049;75.4385009139996;11.1599675750864;38.7098429449225;25.5686903939907;40.7909567551388;65.2464994036213;34.6475441588608;3.05805743377654;69.317816058827;5.10738496187658;0.0;7.1339440766017
FR_CRS3035RES1000mN2157000E4227000;0;2B049;23.4467116048974;4.05319957318396;11.2235809921745;8.16993103953889;11.1916729655383;22.419762937532;12.2550386393591;0.0;23.4467116048974;0.0;0.0;1.02694866736535
FR_CRS3035RES1000mN2157000E4239000;0;2B156;25.3467089043636;0.0;16.5728481297762;8.77386077458739;10.7236076133846;24.371835484965;14.623101290979;0.0;23.3969620655664;1.9497468387972;0.0;0.974873419398599
FR_CRS3035RES1000mN2157000E4242000;0;2B339;24.8756525038268;0.0;10.9452871016838;13.930365402143;9.95026100153071;19.9005220030614;14.9253915022961;4.97513050076536;24.8756525038268;0.0;0.0;0.0
FR_CRS3035RES1000mN2157000E4248000;0;2B080;31.8028209200167;0.0;19.6429188035397;12.159902116477;14.0306562882427;29.932066748251;17.772164631774;0.935377085882843;28.9966896623682;2.80613125764853;0.0;0.935377085882843
FR_CRS3035RES1000mN2157000E4261000;0;2B140;98.2879393051697;13.4905014732586;50.1075769006747;34.6898609312364;45.2895406602252;90.5790813204505;52.9983986449444;6.74525073662929;83.8338305838212;12.5268942251687;1.9272144961798;0.963607248089899
FR_CRS3035RES1000mN2157000E4263000;0;2B036;27.0412471574896;1.86491359706825;10.2570247838754;14.919308776546;13.0543951794777;26.1087903589555;13.9868519780119;0.0;26.1087903589555;0.932456798534125;0.0;0.932456798534125
FR_CRS3035RES1000mN2157000E4264000;0;2B055;17.6315418949889;0.0;8.29719618587713;9.33434570911177;7.26004666264248;16.5943923717543;10.3714952323464;1.03714952323464;15.5572428485196;2.07429904646928;0.0;0.0
FR_CRS3035RES1000mN2157000E4268000;0;2B355;30.456990589814;1.93291408498265;18.5168302219002;10.0072462829312;15.6657400527267;26.5911624198487;14.7912505370873;3.86582816996531;21.8462503444949;8.61074024531908;0.0;0.0
FR_CRS3035RES1000mN2157000E4271000;0;2B350,2B355;75.6377284197593;8.56569179196017;49.1549036046195;17.9171330231797;34.5917194216292;71.6580236045181;41.0460089981301;3.01473800079183;71.5759651469272;4.06176327283206;0.0;0.964966814449312
FR_CRS3035RES1000mN2157000E4273000;0;2B250,2B350;32.7580321552126;5.26749584740942;24.5367979266211;2.95373838118209;17.4668754441528;28.5228017939307;15.2911567110598;0.0;31.7930653407633;0.964966814449312;0.0;4.23523036128184
FR_CRS3035RES1000mN2157000E4274000;0;2B148;280.546577284072;64.656956790424;183.345083409833;32.5445370838152;143.829653406396;236.005169453655;136.716923877677;25.3008388972993;266.34197975487;14.2045975292029;0.0;19.2405689331183
FR_CRS3035RES1000mN2157000E4275000;0;2B148,2B346;190.212527283711;29.3017742956006;134.508660364638;26.4020926234718;103.201656573648;169.924684745386;87.0108707100624;7.10742602700142;189.198653112757;0.0;0.0;13.1804165113235
FR_CRS3035RES1000mN2157000E4276000;0;2B346;24.6115528356879;4.72895669591977;9.4579158166977;10.4246803230705;12.3101467710898;14.1947375328826;12.3014060645981;10.4168153028054;24.6115528356879;0.0;0.0;0.0
FR_CRS3035RES1000mN2157000E4277000;0;2B346;71.0208470885458;4.72633609880383;41.6646172091252;24.6298937806168;30.3063846290463;47.3498527932901;40.7144624594995;17.9875084605053;71.0208470885458;0.0;0.0;5.68348583475039
FR_CRS3035RES1000mN2157000E4278000;0;2B346;32.1935919549785;5.67648842730053;21.7785328638981;4.7385706637799;12.3083865181835;30.2993872253256;19.8852054367951;1.8942047296529;27.4585216105003;4.73507034447824;0.0;0.0
FR_CRS3035RES1000mN2158000E4222000;0;2B049;81.4726022054555;16.2263862399937;47.8429273857517;17.40328857971;38.7188207744525;60.0842970056024;42.753781431003;8.17001220228377;68.2678970646497;11.1781053542138;0.0;13.2182929975693
FR_CRS3035RES1000mN2158000E4224000;0;2B049;98.579121431873;19.1275237838186;51.8427806185085;27.6088170295459;51.8613212359119;77.2403184604323;46.7178001959611;17.2538374516712;94.5259218586891;4.05319957318396;0.0;4.08496551976945
FR_CRS3035RES1000mN2158000E4225000;0;2B049,2B167;32.4269611964112;4.07135732707252;22.2076215565218;6.14798231281686;14.182351495861;27.3691690407349;18.2446097005502;2.04932743760562;32.4269611964112;0.0;0.0;3.00846471807065
FR_CRS3035RES1000mN2158000E4226000;0;2B049,2B167;47.149952445045;3.90352559462593;28.1960382877674;15.0503885626516;23.0735480794937;43.260814028619;24.0764043655513;1.87692580803395;44.0918950112684;2.04475754048055;0.0;2.01221260839198
FR_CRS3035RES1000mN2158000E4229000;0;2B361;43.4088148028809;10.4112280358657;29.0410176110341;3.95656915598105;23.1327476384452;35.8178555220756;20.2760671644357;6.58521857420086;36.5954916034325;6.81332319944836;0.0;1.00574070660442
FR_CRS3035RES1000mN2158000E4230000;0;2B361;227.696431647462;45.8887091372174;122.245133872661;59.5625886375844;118.463098998206;199.953641243868;109.233332649256;4.8970119316981;203.204758915136;22.6097276088014;0.0;22.8457784718966
FR_CRS3035RES1000mN2158000E4238000;0;2B235;20.307075889647;2.01919224310294;10.1343457017206;8.15353794482349;11.1727301879264;19.2878836465441;9.13434570172056;1.01919224310294;15.2111146741323;4.07676897241175;1.01919224310294;0.0
FR_CRS3035RES1000mN2158000E4239000;0;2B190;61.1642264515022;4.78561044941503;25.9766357074095;30.4019802946777;31.0018281088543;54.1820589371336;30.162398342648;5.97017190398204;53.0981064560388;8.0661199954634;0.0;1.01199561038665
FR_CRS3035RES1000mN2158000E4240000;0;2B190;118.170970092745;6.61056163128801;65.6881537408686;45.8722547205882;60.5441622961715;112.027039559717;57.6268077965733;6.14393053302795;108.88188223178;8.31183549521739;0.0;0.0
FR_CRS3035RES1000mN2158000E4263000;0;2B036;61.5421487032522;2.79737039560237;21.4465063662849;37.298271941365;27.9737039560238;55.9474079120475;33.5684447472285;4.66228399267062;61.5421487032522;0.0;0.0;0.932456798534125
FR_CRS3035RES1000mN2158000E4264000;0;2B055;87.1205599517098;4.14859809293856;31.1144856970392;51.857476161732;44.5974294990895;80.897662812302;42.5231304526203;6.22289713940784;79.8605132890673;7.26004666264248;0.0;0.0
FR_CRS3035RES1000mN2158000E4267000;0;2B355;93.9353220787434;15.9699320880929;52.4741908293115;25.491199161339;47.1633115877788;89.8739581205363;46.7720104909646;4.06136395820715;91.9494178855459;1.06543091413216;0.0;0.0
FR_CRS3035RES1000mN2158000E4274000;0;2B148;242.198691208429;66.7668141930547;156.114130713782;19.3177463015921;139.874113524259;179.45651851131;102.32457768417;54.6517146727885;212.785968084148;27.3875319106172;1.00874033512889;8.09045802433068
FR_CRS3035RES1000mN2158000E4275000;0;2B148;50.6683722178502;10.1002541798185;28.3681046103667;12.200013427665;24.3306057871795;47.6498226964199;26.3377664306707;3.01854952143032;48.6508850487022;0.0;0.0;0.0
FR_CRS3035RES1000mN2158000E4276000;0;2B148;227.027310642448;34.3870298099608;156.076255816926;36.5640250155609;114.519646289714;199.608819032379;112.507664352734;15.2287915612953;173.366051897218;48.5995332795897;3.03653425197689;12.189700048774
FR_CRS3035RES1000mN2159000E4222000;0;2B049;212.810888094682;59.9030410513489;131.405842580611;21.5020044627215;111.012861279059;173.115184161905;101.798026815623;23.4102541980583;111.963053805977;99.8300050796558;0.0;16.2854497347179
FR_CRS3035RES1000mN2159000E4223000;0;2B049,2B050;415.768532083627;132.285835394499;260.953763894975;22.5289327941535;208.764092702557;299.042710118952;207.004439381071;40.5781558463917;375.077384578952;30.5713944146149;3.06258674952917;76.1476661182835
FR_CRS3035RES1000mN2159000E4224000;0;2B049,2B167;186.057872294464;45.5449691518936;113.944541474006;26.5683616685646;101.716800742752;144.421182515118;84.3410715517126;16.2133026296865;154.554645924394;21.383714697323;4.05319957318396;25.4233871496596
FR_CRS3035RES1000mN2159000E4225000;0;2B167;22.9000700616661;2.93534502991462;13.9398260869323;6.02489894481916;10.9583126928725;18.8729965470389;11.9417573687936;4.02707351462719;20.9172298620391;1.0146240422176;0.0;0.0
FR_CRS3035RES1000mN2159000E4228000;0;2B167;94.8140777552197;9.47459258397798;50.1418702360579;35.1976149351838;52.3274756476601;87.8054908465328;42.4866021075596;5.04169755684479;86.8846481911514;7.92942956406834;0.0;1.96688935184219
FR_CRS3035RES1000mN2159000E4229000;0;2B167;100.572623902155;5.88567905767791;61.7365902698572;32.9503545746198;49.8569483457099;96.5612617146493;50.715675556445;4.01136218750557;90.5827668873548;9.98985701480005;0.0;0.0
FR_CRS3035RES1000mN2159000E4230000;0;2B361;33.6729501854486;5.80425787219685;20.7255174367202;7.14317487653164;16.7689482807391;30.722121736072;16.9040019047095;1.97828457799053;29.715247887919;3.95770229752966;0.0;0.972543871386111
FR_CRS3035RES1000mN2159000E4238000;0;2B235;63.1899190723821;4.07676897241175;38.7293052379116;20.3838448620587;28.5373828068822;58.0939578568674;34.6525362654999;3.05757672930881;52.9979966413527;9.17273018792643;1.01919224310294;2.03838448620587
FR_CRS3035RES1000mN2159000E4253000;0;2B223;30.7101919233146;3.86443726759052;13.8207262548217;13.0250284009025;15.7752374744237;29.7329302294361;14.9349544488909;0.977261693878505;24.9358407758906;3.81982775966701;0.0;0.0
FR_CRS3035RES1000mN2159000E4270000;0;2B350;104.391236750272;2.03031455196278;69.416151908379;32.94477028993;59.7363979062059;100.399040486931;44.6548388440659;2.99414719750558;96.2641119495571;8.12712480071475;0.0;0.998049065835194
FR_CRS3035RES1000mN2159000E4274000;0;2B148;67.837467461525;19.186582164528;34.4076501682042;14.2432351287928;34.4488514611623;38.5095276548843;33.3886160003627;27.2950315010046;61.7542028233055;3.04678247658986;0.0;2.03290830563608
FR_CRS3035RES1000mN2159000E4275000;0;2B148;430.523488589914;104.100558518688;261.390517607711;65.0324124635148;207.665343141862;347.421384412046;222.858145448052;34.4539003481517;369.755018744448;52.6882535136991;0.0;48.648203829716
FR_CRS3035RES1000mN2159000E4276000;0;2B148;363.853729331814;85.9815378818692;261.593477856501;16.278713593444;180.413783499061;322.331001380975;183.439945832753;6.08329073296391;308.085346212545;49.7005526318345;0.0;35.4394372178752
FR_CRS3035RES1000mN2159000E4277000;0;2B148;325.367776323416;60.7117433017698;229.087832176389;35.5682008452581;160.128628149577;286.819774335254;165.239148173839;14.1968804040715;283.816691657175;35.4832541788065;0.0;24.3511215840904
FR_CRS3035RES1000mN2159000E4278000;0;2B148;52.6651478128493;11.109007545803;29.3690234578189;12.1871168092274;25.3443885766838;44.5618063167627;27.3207592361654;6.07559315417906;45.5808469006174;6.07811773842173;0.0;2.02774834190755
FR_CRS3035RES1000mN2160000E4218000;0;2B050;296.087052802859;46.6797481498129;192.733139650037;56.6741650030094;161.827140187933;246.218587420106;134.259912614926;28.9724739192657;259.854449829128;32.2502602593705;1.04489755438393;20.8959914634877
FR_CRS3035RES1000mN2160000E4219000;0;2B050;28.37738051902;5.40766046439893;14.8955655603125;8.07415449430856;14.7066091302477;24.3686477695672;13.6707713887723;1.01615781574542;19.2255221744919;8.16364978554709;0.0;2.9925749337074
FR_CRS3035RES1000mN2160000E4221000;0;2B050;31.742992278453;7.7969464039809;23.9460458744721;0.0;16.9152297128757;19.8262630956829;14.8277625655773;1.04489755438393;30.7819642364388;0.0;0.0;10.8718316283862
FR_CRS3035RES1000mN2160000E4222000;0;2B050,2B167;266.218321607703;56.5040614058325;172.343095195124;37.3711650067462;131.164637739564;198.808137241369;135.053683868139;22.6456205353147;253.566877424656;11.6904161410323;0.0;44.764563831019
FR_CRS3035RES1000mN2160000E4229000;0;2B167;56.4055398511174;9.69786171603581;29.6468754790016;17.06080265608;30.6622218504921;47.430306878535;25.7433180006253;4.02707351462719;48.4741790526097;7.93136079850768;0.0;4.94815945795526
FR_CRS3035RES1000mN2160000E4231000;0;2B173;179.387776624565;20.7462039711384;115.248873729339;43.3926989240879;91.6588422816484;165.669104187273;87.7289343429169;7.79306577240294;153.459546687323;23.5483947295836;0.0;5.92560666488971
FR_CRS3035RES1000mN2160000E4233000;0;2B112;178.913382171409;24.6314847355154;108.729925753889;45.5519716820044;86.8362231848587;152.637967640331;92.0771589865498;13.181429146404;158.886077643765;18.0758296641223;0.0;13.093985384674
FR_CRS3035RES1000mN2160000E4253000;0;2B223;372.214175642968;46.7584510239544;198.618099033158;126.837625585855;193.664684708566;352.570901414989;178.549490934402;8.84566027912599;341.500809238768;27.8261908304878;0.977261693878505;10.7976139488523
FR_CRS3035RES1000mN2160000E4254000;0;2B223;59.9502620730987;6.66341198067926;25.2812036304591;28.0056464619603;30.6469131027518;57.9500872413298;29.3033489703469;2.00017483176894;50.3057781254496;9.64448394764914;0.0;0.0
FR_CRS3035RES1000mN2160000E4272000;0;2B148;61.8981590838354;10.1105088867629;33.4682850781165;18.3193651189559;36.5460403844498;57.8529039437664;25.3521186993856;1.0190341346823;58.8513504793419;2.03806826936461;0.0;3.02622100538668
FR_CRS3035RES1000mN2160000E4273000;0;2B042,2B148;134.938588191631;19.2225125164539;74.0388821256604;41.6771935495162;61.87751281295;122.759181925851;73.0610753786806;7.09715187310403;122.764322260482;9.13520706193721;0.0;5.08225439267511
FR_CRS3035RES1000mN2160000E4274000;0;2B042,2B148;220.090708902475;32.1653426076653;125.085994575663;62.8393717191462;117.9230555884;166.717808782758;102.167653314074;28.091005540403;192.653163198978;26.4800919419022;0.0;25.2818945793133
FR_CRS3035RES1000mN2160000E4275000;0;2B042,2B148;2048.14605554286;430.937454275352;1386.18372642991;231.024874837601;1085.70746512146;1736.86706978034;962.438590421399;162.884269618771;1682.78899368565;333.293798529009;7.917496573663;148.394716143756
FR_CRS3035RES1000mN2160000E4276000;0;2B148;597.75653489336;107.327155838781;427.409313326145;63.0200657284335;312.64547276837;528.80466981516;285.11106212499;30.419167064441;445.389061080436;141.209678405966;3.04935263560507;38.5326980137584
FR_CRS3035RES1000mN2160000E4277000;0;2B042,2B148;274.542815938317;63.7559554538006;192.493282103671;18.2935783808447;140.825143935673;247.178389662525;133.717672002643;16.2169376826011;248.140814415259;23.3629491858117;0.0;11.1474885931906
FR_CRS3035RES1000mN2160000E4282000;0;2B148;158.001758007115;26.2686434735569;99.2193552448294;32.5137592887285;82.0067948259109;145.812057958341;75.9949631812039;9.14034086460289;146.854223640365;11.1475343667503;0.0;3.0493591841711
FR_CRS3035RES1000mN2161000E4217000;0;2B050;40.4375637946976;5.90360831651453;18.2419912805262;16.2919641976569;16.0411461424219;33.2949288639671;24.3964176522757;1.01615781574542;39.3926662403136;1.04489755438393;0.0;6.12647711498509
FR_CRS3035RES1000mN2161000E4218000;0;2B050;411.598825629916;54.2976471972865;255.363072906409;101.93810552622;201.546217737133;340.25765628791;210.052607892782;32.4486869068352;375.303758939496;33.3818110829115;0.0;38.8924824351703
FR_CRS3035RES1000mN2161000E4219000;0;2B050;434.221373019454;70.8661316539156;273.471928021289;89.8833133442497;227.978131392279;299.372945073275;206.243241627175;81.4418095142674;413.058308280985;17.2033523549057;2.08979510876785;53.4066184319115
FR_CRS3035RES1000mN2161000E4220000;0;2B050;29.8325760017717;4.80514021007118;12.9391021431262;12.0883336485743;20.9340647900803;25.8494645476139;8.89851121169136;3.98311145415782;26.949491875729;0.0;0.0;0.0
FR_CRS3035RES1000mN2161000E4234000;0;2B175;105.343316959209;7.66133214248796;46.9256593727387;50.7563254439827;59.3753241042817;90.0206526742335;45.9679928549277;11.4919982137319;98.6396513345324;3.83066607124398;2.87299955343298;3.83066607124398
FR_CRS3035RES1000mN2161000E4273000;0;2B042;388.126133119651;53.5051888424875;226.036861007133;108.58408327003;192.111779984517;363.667144421461;196.014353135134;15.0783451912035;335.880253048259;46.3458008412638;2.89811862975445;9.38064350698676
FR_CRS3035RES1000mN2161000E4274000;0;2B042;947.106975006839;192.178813799103;587.236008061731;167.692153146005;475.365436502025;757.296386260216;471.741538504814;90.4952662318509;799.81446297983;132.574478257478;0.932980360792654;99.3153225147721
FR_CRS3035RES1000mN2161000E4275000;0;2B042;913.877182666089;167.038334936418;619.828462451908;127.010385277763;468.139147583589;798.977138102667;445.7380350825;50.626459174947;780.510323276754;120.666188351885;1.9651382689618;64.2735853884749
FR_CRS3035RES1000mN2161000E4281000;0;2B148;439.411591689177;51.6460744533831;272.865020141485;114.900497094309;203.967513161648;387.639388855848;235.444078527529;35.5397917583487;398.848685655378;36.5022494028567;1.01645087853502;16.2324110749805
FR_CRS3035RES1000mN2161000E4282000;0;2B148;150.044095212325;27.2924937700802;75.9870263122301;46.7645751300146;68.9335675569381;132.80808418669;81.1105276553868;10.1594075929199;133.811801646739;16.2322935655854;0.0;7.07660343271451
FR_CRS3035RES1000mN2162000E4217000;0;2B050;514.576512758534;95.735705978973;301.5842154003;117.256591379261;253.281603359237;442.509634406695;261.294909399297;34.1114677309147;404.30170778045;103.515276681314;0.0;37.9554106209243
FR_CRS3035RES1000mN2162000E4218000;0;2B050;2107.72282831734;412.813078486122;1324.42465500126;370.485094829959;1110.06258296637;1488.52661503127;997.660245350977;378.198889838827;1841.40227236668;225.194174305596;11.1095288173656;240.997323447241
FR_CRS3035RES1000mN2162000E4223000;0;2B150;71.075891239204;4.5970479069434;46.4598214476541;20.0190218846064;36.7102257252264;59.1824103773792;34.3656655139775;4.99077310654525;64.8874582870643;3.6886455072032;1.60564810736742;6.90270775527947
FR_CRS3035RES1000mN2162000E4224000;0;2B150;55.080282324359;2.68241801270705;35.2188916185843;17.1789726930677;27.4213122879518;44.2161645903686;27.6589700364073;3.88166251149473;47.1135538605571;7.96672846380191;0.0;6.98245522249573
FR_CRS3035RES1000mN2162000E4229000;0;2B025;56.8860972871558;9.14240849257862;28.4430486435779;19.3006401509993;26.4114023118938;46.7278656287352;30.4746949752621;4.06329266336827;50.7911582921034;6.09493899505241;0.0;6.09493899505241
FR_CRS3035RES1000mN2162000E4230000;0;2B025;22.3481096485255;0.0;15.237347487631;7.11076216089448;11.1740548242628;19.3006401509993;11.1740548242628;3.04746949752621;20.3164633168414;2.03164633168414;0.0;0.0
FR_CRS3035RES1000mN2162000E4232000;0;2B112;28.0348149317971;5.9730125201841;19.032316130097;3.02948628151601;13.9828745699485;24.0123941407235;14.0519403618487;0.0;24.0642679240541;2.97791025580726;0.0;4.02242079107365
FR_CRS3035RES1000mN2162000E4236000;0;2B290;72.205769516384;9.94780585052888;42.1014770996108;20.1564865662444;37.8892766498443;66.0962140512091;34.3164928665397;0.948568101795132;69.0582682343784;2.01348608137415;1.13401520063148;5.16098736337978
FR_CRS3035RES1000mN2162000E4237000;0;2B290,2B352;232.553518277595;16.121121296673;123.065447930483;93.3669490504388;99.6288019500603;212.519069569718;132.924716327535;15.9838830848065;221.202776610446;11.3507416671491;0.0;4.05056562307048
FR_CRS3035RES1000mN2162000E4274000;0;2B042;1088.14209471466;225.357818760387;707.082719758676;155.701556195601;569.557768347141;996.100923073646;518.584326367522;48.0966671778789;844.707088179678;226.856249301317;0.957453761594634;43.9445044631383
FR_CRS3035RES1000mN2162000E4275000;0;2B042;1963.52013160896;351.640638439721;1295.75531049138;316.124182677856;937.124785067031;1644.43273814128;1026.39534654193;183.719391636017;1763.09938667546;177.479261077386;9.43276735021556;135.368001831659
FR_CRS3035RES1000mN2162000E4281000;0;2B042,2B148;157.153168990095;14.0443459563295;89.3158340978854;53.7929889358806;79.3951854571534;145.279750901801;77.7579835329421;8.0165781621749;142.065153874299;15.0880151157961;0.0;3.85683992611936
FR_CRS3035RES1000mN2163000E4217000;0;2B050;111.421047736399;17.3845530256221;60.2158894047931;33.8206053059839;57.824423637725;94.9144225782315;53.5966240986741;6.86463635852877;106.254039441756;5.16700829464261;0.0;9.64198879963878
FR_CRS3035RES1000mN2163000E4218000;0;2B050;579.329264179142;89.9326105366342;344.136710995091;145.259942647417;317.499071903979;484.109847885546;261.830192275163;53.3116839301923;494.308402051266;72.4436920995256;1.01615781574542;41.9077323634035
FR_CRS3035RES1000mN2163000E4224000;0;2B150;177.775625340343;23.8939000237454;97.6401593867876;56.24156592981;89.3988276143973;141.104349840361;88.3767977259456;31.0509832009806;155.178171212189;20.270971544445;0.0;5.62029229900172
FR_CRS3035RES1000mN2163000E4228000;0;2B138;103.089585121291;10.2068896159694;62.2620266574135;30.6206688479083;53.075826003041;90.8413175821279;50.0137591182502;6.12413376958166;88.799939658934;14.2896454623572;0.0;6.12413376958166
FR_CRS3035RES1000mN2163000E4229000;0;2B084,2B138;232.791512173609;44.7874635727268;139.863801931904;48.1402466689785;123.536287489361;223.578898368705;109.255224684248;5.12006849638364;205.212425396155;24.5243987859621;1.02068896159694;4.09254530852031
FR_CRS3035RES1000mN2163000E4230000;0;2B084;29.650877533104;4.06799805979029;16.3421099938863;9.24076947942736;13.2841358561591;25.5828794733137;16.3667416769449;0.0;29.650877533104;0.0;0.0;4.06799805979029
FR_CRS3035RES1000mN2163000E4237000;0;2B352;37.1867412161908;7.53319376272798;16.4637630708014;13.1897843826614;17.5725948397815;31.163127306051;19.6141463764093;5.00507413929166;37.1867412161908;0.0;0.0;1.01853977084817
FR_CRS3035RES1000mN2163000E4238000;0;2B097;50.1812934784787;3.93578772380225;32.4702487213686;13.7752570333079;26.5665671356652;48.2133996165776;23.6147263428135;1.96789386190112;49.1973465475281;0.0;0.0;0.0
FR_CRS3035RES1000mN2163000E4239000;0;2B182;118.57397640611;3.78179151964483;68.0127465564223;46.7794383300433;52.3342112172594;107.682140955832;66.239765188851;8.95325698862214;116.496573097403;2.0774033087075;0.0;1.93857846165641
FR_CRS3035RES1000mN2163000E4252000;0;2B136;127.463518572152;6.16758960832992;74.0110752999591;47.2848536638627;62.7038276846876;120.267997362433;64.7596908874642;5.1396580069416;116.15627095688;11.3072476152715;0.0;2.05586320277664
FR_CRS3035RES1000mN2163000E4265000;0;2B172;422.069956303314;54.4148102360012;243.859183808326;123.795962258987;227.313661495047;396.964062532439;194.756294808267;19.1094506959935;372.952637819093;43.1380883852137;2.02482706310762;5.99644307488116
FR_CRS3035RES1000mN2163000E4268000;0;2B265;200.334680726253;22.3638984206599;105.47073457473;72.5000477308632;92.073484214861;183.207005253855;108.261196511392;15.3656791423802;188.590498894081;9.04754495676558;0.874250452318892;1.76199633001775
FR_CRS3035RES1000mN2163000E4273000;0;2B042;167.57433130891;35.4578562980625;120.106969511123;12.0095054997245;81.1239970523568;150.406504839403;86.4503342565531;5.74730729774508;144.603540301425;21.908853303186;0.0;11.4205191717615
FR_CRS3035RES1000mN2163000E4274000;0;2B042;737.03533900372;119.11464838515;525.337265287381;92.5834253311887;343.777689596923;660.018354230184;393.257649406797;32.4724541252849;679.465198470723;50.7668607382048;0.932980360792654;44.5445306482503
FR_CRS3035RES1000mN2163000E4275000;0;2B042;27.7156341006365;7.81032233007467;19.9053117705618;0.0;11.517753963045;25.7504958316747;16.1978801375914;0.0;23.5099394825192;3.2482408565226;0.0;1.9651382689618
FR_CRS3035RES1000mN2163000E4276000;0;2B042;636.282738491832;93.8615052258422;444.237661222726;98.1835720432642;317.531600465577;574.066884649696;318.751138026255;40.270021250037;600.773273536033;30.6964388028558;0.932980360792654;21.9458325920994
FR_CRS3035RES1000mN2163000E4281000;0;2B042;87.2177696994355;14.6162036928839;60.4226069798729;12.1789590266787;42.0229498835953;80.5877460359087;45.1948198158401;3.83045701846282;85.3518089778502;1.86596072158531;0.0;2.79956664506395
FR_CRS3035RES1000mN2164000E4224000;0;2B150;393.281234134254;27.5557375935161;276.244421526386;89.4810750143516;132.700897483836;253.342428807655;260.580336650418;83.7379702929508;368.213109428814;21.3794791982365;1.99168211595048;56.2008350336483
FR_CRS3035RES1000mN2164000E4225000;0;2B150;136.50906624559;6.08673123173342;55.6287978885995;74.7935371252568;79.6678713883402;117.100304545752;56.8411948572496;15.1988583937863;118.412818581615;18.0962476639748;0.0;4.20990330605151
FR_CRS3035RES1000mN2164000E4228000;0;2B020,2B138;37.6101217278683;6.12413376958166;17.3135138094033;14.1724741488833;21.3962696557911;36.5894327662713;16.2138520720772;1.02068896159694;34.5480548430774;3.06206688479083;0.0;0.0
FR_CRS3035RES1000mN2164000E4229000;0;2B020;110.17781808412;9.06212311813632;64.2596042280099;36.8560907379741;54.8085059380103;106.32940486468;55.36931214611;3.84841321943996;104.323649778991;5.8541683051288;0.0;0.0
FR_CRS3035RES1000mN2164000E4230000;0;2B020,2B296;168.7293042312;27.8889710470404;106.279505247552;34.5608279366073;86.3405478685867;160.083908280677;82.3887563626132;5.29825150928449;157.509206410817;9.17638441189049;0.0;3.34714444123849
FR_CRS3035RES1000mN2164000E4239000;0;2B034,2B182;38.2455942879865;5.03975395239705;18.5080431320419;14.6977972035475;22.9555086909449;32.9407865602202;15.2900855970416;4.22820478050451;30.7261885125403;7.51940577544612;0.0;1.07660294726175
FR_CRS3035RES1000mN2164000E4240000;0;2B034;194.483184480308;33.2702264396612;119.267511099329;41.9454469413181;107.45250135783;172.97995848416;87.0306831224784;15.0484171580307;171.930970161933;20.4074118286165;1.07300033909684;6.45480883811752
FR_CRS3035RES1000mN2164000E4248000;0;2B180;47.8710028765847;0.0;17.3150435936583;30.5559592829264;22.407703474146;45.8339389243896;25.4632994024387;2.03706395219509;43.7968749721945;4.07412790439019;0.0;0.0
FR_CRS3035RES1000mN2164000E4261000;0;2B287;139.879461802326;5.82831090843023;72.8538863553779;61.1972645385175;75.7680418095931;131.13699543968;64.1114199927326;7.77108121124031;133.07976574249;6.79969605983527;0.0;0.971385151405039
FR_CRS3035RES1000mN2164000E4262000;0;2B230,2B257;94.0749825503613;3.93003437311554;50.9675256482962;39.1774225289495;47.0374912751806;85.2631355114028;47.0374912751806;3.91637646175933;87.2213237422824;5.874564692639;0.979094115439833;4.89547057719917
FR_CRS3035RES1000mN2164000E4268000;0;2B265;195.009351456432;29.0925291270307;117.968197248119;47.9486250812833;99.3050965559356;183.456023420384;95.7042549004969;6.43078728798603;172.796063293295;20.5342401602656;0.0;5.1225407480623
FR_CRS3035RES1000mN2164000E4273000;0;2B042;218.608709430446;33.1627344432117;132.033766759537;53.4122082276978;105.683317851462;188.580772954095;112.925391578984;20.6491860668203;213.057897379236;4.5933582896153;0.0;9.3787504095305
FR_CRS3035RES1000mN2164000E4274000;0;2B042;281.516157399797;44.4586890082749;202.373645042693;34.6838233488294;142.566470452019;238.941544798058;138.949686947778;9.30784886726681;259.683359690272;18.0029826631464;2.8723612847839;33.2667637344717
FR_CRS3035RES1000mN2164000E4275000;0;2B042;304.915079124083;38.1535278022924;224.649355540504;42.1121957812865;151.520423911011;270.754541292378;153.394655213072;15.9617700275463;291.555212277569;10.4868635896461;0.0;18.1987678041588
FR_CRS3035RES1000mN2164000E4276000;0;2B042;287.277916407814;69.9761654231359;189.328039274699;27.9737117099798;149.274688645859;251.661568948302;138.003227761956;25.9896695909395;277.626748729041;8.66859854429281;0.0;9.62667786857343
FR_CRS3035RES1000mN2165000E4224000;0;2B150;21.7860745513262;0.995841057975239;10.1522056911469;10.638027802204;13.0037728370234;21.7860745513262;8.78230171430281;0.0;20.8919352137572;0.894139337569015;0.0;0.0
FR_CRS3035RES1000mN2165000E4225000;0;2B150;35.4846595478412;1.69696339125273;17.7871950892666;16.0005010673219;18.3188393246358;29.0812553382201;17.1658202232054;3.99493204857001;31.5810427831565;3.10079271100099;0.802824053683711;2.40847216105113
FR_CRS3035RES1000mN2165000E4229000;0;2B020;152.740552831792;13.3809835459695;90.4282502351693;48.9313190506527;74.9495267075535;142.86220724459;77.7910261242381;6.79764992575087;139.12836581178;12.587156923421;0.0;3.08069566145057
FR_CRS3035RES1000mN2165000E4230000;0;2B020,2B296;102.881159064079;11.6734528310455;50.5658462476243;40.641859985409;39.940922831841;90.1464832483929;62.9402362322379;3.1836689539215;88.0240372791119;9.55100686176451;4.24489193856201;9.55100686176451
FR_CRS3035RES1000mN2165000E4240000;0;2B034;190.114414578129;38.6160678240452;108.494312594273;43.0040341598111;89.1407005838318;170.794370642979;100.973713994298;13.9430402556582;154.676565136353;25.7940144148637;6.42363180125589;5.37700367949252
FR_CRS3035RES1000mN2165000E4242000;0;2B199;79.4019695212865;8.14379174577298;44.7908546017514;26.4673231737622;46.8268025381946;72.2761517437352;32.5751669830919;2.03594793644324;68.2042558708487;11.1977136504378;0.0;5.08986984110811
FR_CRS3035RES1000mN2165000E4252000;0;2B332;176.428245015889;19.6595263290827;99.7279481279792;57.0407705588272;98.3117103564936;157.609344008432;78.1165346593955;7.58441554646623;148.877261531077;24.6147775557414;0.939926523328168;11.2344854609909
FR_CRS3035RES1000mN2165000E4263000;0;2B257;129.057763483486;5.95651216077626;80.4129141704794;42.6883371522298;52.6158574201903;117.144739161933;76.4419060632953;7.94201621436834;116.151987135137;12.9057763483486;0.0;3.97100810718417
FR_CRS3035RES1000mN2165000E4266000;0;2B333;65.4877203333382;12.3382661497594;36.0657010531428;17.083753130436;37.0147984492781;62.6404281449321;28.4729218840601;1.89819479227067;54.0985515797141;10.4400713574887;0.0;0.949097396135335
FR_CRS3035RES1000mN2165000E4273000;0;2B037,2B042;261.715797101833;45.7217131792406;171.107485801493;44.8865981210997;134.268068526124;236.900605165046;127.447728575709;4.09452552250651;236.088644607752;24.7707078373022;0.0;20.7206664142812
FR_CRS3035RES1000mN2165000E4274000;0;2B037,2B042;681.12927569603;105.087768482087;484.000598931367;92.0409082825765;343.647170845614;595.723385349622;337.482104850417;27.7810922660045;597.786308326594;77.8091941443589;1.93018342836049;57.6247980804042
FR_CRS3035RES1000mN2165000E4275000;0;2B037,2B042;75.9229714107451;8.59438223893369;62.4460544500461;4.88253472176538;39.2870191579986;64.4721411165291;36.6359522527466;6.62310157170737;65.5553681668299;9.41014948232058;0.0;4.82772872250867
FR_CRS3035RES1000mN2165000E4276000;0;2B042;24.5549892039419;3.85557239134909;20.6994168125928;0.0;13.1866271246476;19.8411405983747;11.3683620792943;1.86596072158531;23.6458566812652;0.909132522676663;0.0;2.84788788398192
FR_CRS3035RES1000mN2165000E4279000;0;2B042;350.672438488854;42.6895923618825;217.478334205071;90.5045119219004;179.90602388164;304.663684853281;170.766414607214;21.5227728764388;299.532372784283;47.4319920995163;1.84211288346932;24.4859807591345
FR_CRS3035RES1000mN2165000E4280000;0;2B042;14.5938160390586;0.0;11.8187227947966;2.77509324426197;5.47864297417597;13.6846835163819;9.11517306488262;0.909132522676663;14.5938160390586;0.0;0.0;0.0
FR_CRS3035RES1000mN2166000E4223000;0;2B150;53.1879850378375;2.88582145351949;38.4422047923523;11.8599587919657;26.1642745751378;44.3155494197975;27.0237104626997;3.10079271100099;47.9822406738107;4.20990330605151;0.995841057975239;5.77164290703899
FR_CRS3035RES1000mN2166000E4224000;0;2B150;151.875168550863;16.1242445676302;74.1233458819212;61.6275781013111;78.9566119802724;118.71491613378;72.9185565705901;23.1802908571854;139.018919558557;12.8562489923051;0.0;9.9799615598972
FR_CRS3035RES1000mN2166000E4230000;0;2B231;72.3637010521692;3.61335195200857;51.5869273281199;17.1634217720407;38.8435334840921;64.1369971481521;33.5201675680771;3.71001396400642;65.1369971481521;4.51668994001071;1.80667597600428;4.51668994001071
FR_CRS3035RES1000mN2166000E4232000;0;2B316;283.118516754486;38.1344125058939;150.063874440418;94.9202298081738;140.064258016879;255.675025970294;143.054258737607;17.2499375463325;261.849663373911;19.2594832404964;0.0;10.1935532378586
FR_CRS3035RES1000mN2166000E4233000;0;2B316;41.4620778892036;11.066909945597;25.2867724696628;5.10839547394377;23.2310440910322;34.4060442388873;18.2310337981714;5.04666351023807;40.4419598282381;1.02011806096553;0.0;2.00937014007822
FR_CRS3035RES1000mN2166000E4235000;0;2B290;40.2443878681439;5.60454660555238;18.463074202364;16.1767670602275;17.5035838184084;36.0321874183774;22.7408040497355;4.21220044976646;37.1624159837433;2.01348608137415;0.0;0.0
FR_CRS3035RES1000mN2166000E4238000;0;2B182;27.7547182766498;5.53562094260744;17.1644139093247;5.05468342471767;13.3364851430756;23.5323577720389;14.4182331335742;2.83845526895908;25.6773149679423;2.0774033087075;0.0;1.38390523565186
FR_CRS3035RES1000mN2166000E4252000;0;2B332;33.0924383960086;1.99627940574228;25.5114179396913;5.58474105057499;15.9889361670257;33.0924383960086;17.1035022289828;0.0;27.4528792560395;5.63955913996901;0.0;0.0
FR_CRS3035RES1000mN2166000E4259000;0;2B314;142.977157386121;17.9914073850551;76.9842868579497;48.0014631431166;72.9909875360651;141.977426482692;69.9861698500562;0.999730903429469;134.981808628363;7.99534875775874;0.0;0.0
FR_CRS3035RES1000mN2166000E4260000;0;2B301,2B314;127.393336143399;18.0747858687362;72.2128036972416;37.1057465774208;63.1968027177002;120.366021951642;64.1965334256984;4.01984669037196;126.383456303407;0.0;0.0;3.00746750138496
FR_CRS3035RES1000mN2166000E4266000;0;2B333;43.6584802222254;7.59277916908268;26.5747270917894;9.49097396135335;18.9819479227067;42.7093828260901;24.6765322995187;0.949097396135335;43.6584802222254;0.0;0.0;0.0
FR_CRS3035RES1000mN2166000E4268000;0;2B188;156.739655541989;47.4815010871869;98.0494515475694;11.2087029072332;79.8129023029923;144.824361122715;76.9267532389971;7.21891205164185;138.945597110126;15.6001277236846;0.0;4.69638236763253
FR_CRS3035RES1000mN2166000E4273000;0;2B037;139.091450624607;43.0394596518974;89.8640648102185;6.18792616249147;70.7265152547209;130.511650472384;68.3649353698865;1.71288931355829;118.147384157109;19.1278037701426;0.0;6.86691083866553
FR_CRS3035RES1000mN2166000E4274000;0;2B037;594.370644541393;110.110408429901;428.693788644778;55.5664474667136;295.814242514947;563.065305553471;298.556402026446;15.8782964578648;547.37449219748;43.3544465638665;0.0;15.4270425300572
FR_CRS3035RES1000mN2166000E4278000;0;2B042;89.9854107198896;10.5828640953978;65.5245617430396;13.8779848814521;45.0442036404876;87.1613706740236;44.941207079402;0.909132522676663;66.6997738611082;20.4866957764034;1.86596072158531;1.91490752318927
FR_CRS3035RES1000mN2166000E4279000;0;2B042;181.441828493899;19.4530781143854;118.398497390791;43.5902529887228;90.598810365646;166.485849876264;90.8430181282532;7.44062061091123;163.463454735645;16.9700304389627;0.0;7.51535800672417
FR_CRS3035RES1000mN2167000E4224000;0;2B150;61.4056438975825;0.894139337569015;35.8068645924118;24.7046399676017;29.8086826112222;47.3158960988467;31.5969612863603;7.08415694290195;51.2206942436796;10.1849496539029;0.0;7.00559085583383
FR_CRS3035RES1000mN2167000E4227000;0;2B010,2B020;317.453060727761;47.3134852498301;192.612763505243;77.526811972687;171.058024177479;271.016025176308;146.395036550282;31.6395494331535;292.009236313174;23.2987964869189;1.07251396383389;14.7974861182993
FR_CRS3035RES1000mN2167000E4228000;0;2B020,2B093,2B231;100.366578361202;9.40463893123905;71.6855421219836;19.2763973079791;55.1445364336795;89.6354358705335;45.2220419275223;6.716101449782;83.1709771535173;15.0567779206388;0.0;4.01504104088627
FR_CRS3035RES1000mN2167000E4229000;0;2B093,2B231;48.8951611012309;6.36542494286536;29.5883250407214;12.9414111176442;23.1185692467099;39.5108813403081;25.776591854521;4.66998653284785;47.9497640863784;0.0;0.0;4.714293228075
FR_CRS3035RES1000mN2167000E4232000;0;2B316;346.618073674764;62.2538461427074;198.579407393598;85.784820138459;180.465855246849;314.128624733104;166.152218427915;17.2417817190587;317.23516249027;24.3746853451822;4.01874028015643;15.2476672226012
FR_CRS3035RES1000mN2167000E4233000;0;2B316;147.293596009757;20.1860640833025;81.1624237824021;45.9451081440529;79.2535748385312;131.048753457395;68.0400211712262;8.14563002834406;107.786606321417;36.4852473906394;1.00468507003911;8.09921252401856
FR_CRS3035RES1000mN2167000E4235000;0;2B168;43.8708605984037;9.10696837053707;25.8870703558847;8.87682187198191;22.9042042459455;42.9020692167916;20.9666563524582;0.968791381612066;38.7947435704376;5.07611702796611;0.0;0.0
FR_CRS3035RES1000mN2167000E4267000;0;2B188;218.701857575453;32.3704464784827;132.345747137674;53.9856639592973;112.242013258515;199.35912506012;106.459844316938;17.2929283999508;207.657549026698;9.91008783223796;0.0;2.04980411538273
FR_CRS3035RES1000mN2167000E4268000;0;2B188;57.550567852002;7.80660901203318;35.6692202065378;14.0747386334309;24.677659884783;57.550567852002;32.872907967219;0.0;55.4912955821904;2.05927226981154;0.0;0.0
FR_CRS3035RES1000mN2167000E4272000;0;2B188;52.0538120380621;12.7959254817102;35.4275952023219;3.83029135402999;25.7212602309833;40.3175965480134;26.3325518070788;3.25853555675685;41.7351755932082;8.19921646153093;0.0;8.47767993329186
FR_CRS3035RES1000mN2167000E4273000;0;2B037;130.000378483244;32.1566609377771;83.9454778703659;13.8982396751012;72.3470091005761;126.029094417515;57.6533693826681;3.97128406572953;116.89628248997;12.1959646445962;0.0;0.0
FR_CRS3035RES1000mN2167000E4274000;0;2B037;290.121351917295;51.9589344539081;201.307400428558;36.8550170348295;147.925133843647;274.04752047887;142.196218073648;5.6781343767192;274.603525353993;11.1168001811632;0.0;10.3956970617062
FR_CRS3035RES1000mN2167000E4275000;0;2B037;31.2269173767907;8.39240613512913;15.4406719883207;7.39383925334078;15.7862453884699;20.0553111963707;15.4406719883207;0.0;28.3381053329864;2.88881204380422;0.0;11.1716061804199
FR_CRS3035RES1000mN2167000E4278000;0;2B037,2B042;341.896625703549;64.9512988168684;209.173550422849;67.7717764638319;176.871902082127;307.3175141919;165.024723621422;22.3196421129086;282.868022823593;51.586037866675;1.8665862842713;12.2594693987407
FR_CRS3035RES1000mN2168000E4229000;0;2B093;56.524083159652;4.54756848754857;25.9243048984963;26.0522097736071;30.7582121296481;45.8496745302543;25.7658710300039;7.72896158956853;53.5786361198228;2.94544703982916;0.0;2.94544703982916
FR_CRS3035RES1000mN2168000E4230000;0;2B093;342.703796039993;53.5450102787969;195.539572320363;93.6192134408337;176.693908216491;310.269966854847;166.009887823503;19.3753139340243;307.718366725139;27.8565624213638;5.21095335149947;13.058515251122
FR_CRS3035RES1000mN2168000E4231000;0;2B093,2B316;146.818606138446;18.6194358541669;100.06793291704;28.1312373672388;73.3389758864784;127.762880861842;73.4796302519673;13.3531769719091;137.467798578606;9.3508075598402;0.0;5.70254830469447
FR_CRS3035RES1000mN2168000E4232000;0;2B093,2B316;42.5686266283548;3.02174229770075;27.2939509980167;12.2529333326373;21.2861097643717;39.5201713517556;21.2825168639831;2.0283372156337;40.5283905064238;2.04023612193107;0.0;1.02011806096553
FR_CRS3035RES1000mN2168000E4233000;0;2B168,2B316;163.083187780473;16.1641264903995;104.625705184339;42.2933561057346;88.3685431862196;142.858207915523;74.7146445942534;8.10419033245938;150.024369991091;12.0383607082184;0.0;12.12078953249
FR_CRS3035RES1000mN2168000E4234000;0;2B168;300.655646587994;40.8568675946131;160.953700792819;98.8450782005626;156.923572584551;264.749507651109;143.732074003444;23.7529812316481;273.698794245493;19.916966512141;0.968791381612066;12.153157705237
FR_CRS3035RES1000mN2168000E4235000;0;2B168;324.947126780217;63.5663063275971;203.440160306905;57.9406601457141;171.361943948271;280.997778709582;153.585182831945;28.1903746755022;276.10289644469;37.6185137252611;8.1636566493061;15.7589733951321
FR_CRS3035RES1000mN2168000E4238000;0;2B034,2B182;34.6352933122996;8.10761723134608;22.6505191576407;3.87715692331283;20.8179451336004;34.6352933122996;13.8173481786992;0.0;32.5364733630004;0.899876807302662;1.19894314199649;0.0
FR_CRS3035RES1000mN2168000E4239000;0;2B034;79.4644675814548;24.6766221396798;48.3318343922942;6.45601104948077;36.5132300929824;71.9450577860769;42.9512374884724;5.36860832358089;64.4256640809115;12.8940010107846;0.0;2.15080147179701
FR_CRS3035RES1000mN2168000E4273000;0;2B037;623.204200642631;95.3592393749658;400.918426923583;126.926534344082;317.93561847259;571.517904174233;305.26858217004;27.9671132406632;564.244443862341;55.1563865219568;0.0;23.7191832277339
FR_CRS3035RES1000mN2168000E4274000;0;2B037;1559.96502135481;257.695907350527;1080.94229282171;221.326821182572;824.412917279534;1391.37557370693;735.552104075278;80.8459393720247;1341.74509632642;207.01652823119;4.61476541560538;87.7435082758613
FR_CRS3035RES1000mN2168000E4275000;0;2B037;34.5861121317525;2.67582666149303;17.8445198510428;14.0657656192167;15.6140486838703;27.4933621790754;18.9720634478822;3.0050391593024;34.5861121317525;0.0;0.0;4.08771079337472
FR_CRS3035RES1000mN2169000E4229000;0;2B093;124.521530401369;9.35002961371272;41.6717002994853;73.4998004881714;69.9901157633169;105.065775929445;54.5314146380524;15.4819959881297;113.064485218313;11.4570451830563;0.0;3.97375848379474
FR_CRS3035RES1000mN2169000E4230000;0;2B093;72.7394329136918;7.43135981933303;42.74413281515;22.5639402792087;41.3159914677792;63.2816598094847;31.4234414459126;5.64677508160628;67.1182648395943;5.6211680740975;0.0;3.81099802260082
FR_CRS3035RES1000mN2169000E4232000;0;2B093,2B134,2B316;677.564936977605;105.605862867513;423.222388735218;148.736685374874;342.80730358007;534.066413712156;334.757633397536;76.7865129221002;615.646925375408;51.9463717398759;0.998102099748867;66.7120103433494
FR_CRS3035RES1000mN2169000E4233000;0;2B134,2B168,2B316;740.163425724841;139.388426385985;440.031921024002;160.743078314854;381.069649792185;578.631254761327;359.093775932656;74.8113606908234;640.410033492314;92.7855008613616;0.0;86.7208102726909
FR_CRS3035RES1000mN2169000E4234000;0;2B134,2B168;824.412146027432;102.407721294122;446.55778690392;275.44663782939;439.092778559982;727.842084489352;385.319367467451;61.0662162668694;756.64441306636;60.5962988626718;0.0;35.503845271211
FR_CRS3035RES1000mN2169000E4235000;0;2B168;69.3297946680234;14.1079708683384;48.564501498244;6.65732230144103;38.4907200448057;60.3000241884754;30.8390746232178;9.02977047954808;58.4912701460546;10.8385245219688;0.0;0.0
FR_CRS3035RES1000mN2169000E4239000;0;2B034;123.549894769306;28.9770161730242;73.0600550328586;21.5128235634231;66.6028498163721;113.882087918865;56.9470449529338;5.37220288588919;96.6948739534971;22.5630167804653;0.0;4.29560396455228
FR_CRS3035RES1000mN2169000E4266000;0;2B185;89.0549380711595;10.1194006569119;60.7188408057209;18.2166966085267;47.5634763517151;85.0069428267137;41.4914617194445;3.0360073133287;75.899530104661;13.1554079664985;0.0;1.01198793111713
FR_CRS3035RES1000mN2169000E4267000;0;2B185;499.977864156847;63.7531945376717;236.732944128256;199.49172549092;260.519380604446;441.367219251276;239.458483552401;47.5145238717177;402.581479119041;91.3246315085583;1.01194441675336;11.0961210338541
FR_CRS3035RES1000mN2169000E4268000;0;2B185;239.8428806909;31.3701899411454;147.750760343745;60.7219304060095;126.499710036946;199.363580945059;113.343170653953;25.2989150568027;215.55521382103;22.2639085719707;0.0;15.1803846890381
FR_CRS3035RES1000mN2169000E4273000;0;2B037;885.922780498771;119.179981813176;558.308273304676;208.434525380919;465.879473954027;776.252857060243;420.043306544744;57.0110593300015;805.019169486884;78.1760976584951;0.0;52.6588641085269
FR_CRS3035RES1000mN2169000E4274000;0;2B037;1691.10528858225;307.15101836166;1099.72821114;284.226059080593;890.172588619887;1484.07109913089;800.932699962362;98.9171613839345;1443.851379551;229.376878953713;1.08267163407232;108.117028067423
FR_CRS3035RES1000mN2169000E4277000;0;2B037;21.8062463825519;2.72439404603411;11.811254539954;7.2705977965638;10.7285829058817;17.8862611454397;11.0776634766702;3.91998523711222;16.0083777196951;5.79786866285679;0.0;0.0
FR_CRS3035RES1000mN2170000E4232000;0;2B093,2B134;169.831430234795;23.9121271095566;111.882260343108;34.0370427821304;82.9182854258526;123.920799255905;86.9131448089422;32.9211179710444;146.823170219552;18.0130283811807;4.99523163406232;12.9895130078456
FR_CRS3035RES1000mN2170000E4233000;0;2B134;1577.34996561492;217.003101483741;899.860387318464;460.486476812713;843.359303959227;1158.1977242419;733.99066165569;267.385262175891;1423.42224151359;133.982122560675;6.9843819922695;151.766979197125
FR_CRS3035RES1000mN2170000E4234000;0;2B134,2B168;220.801041525921;27.8748948740737;123.373846633053;69.5523000187946;120.439303497368;178.991618828389;100.361738028553;18.9145847880274;207.844520847154;9.96692437543244;0.0;22.894837909505
FR_CRS3035RES1000mN2170000E4235000;0;2B168;308.652382003713;32.4507721176786;199.806292241258;76.3953176447764;154.378587894247;244.743781575493;154.273794109466;37.0216777037439;276.517269573953;31.1663210481481;0.0;26.8869227244759
FR_CRS3035RES1000mN2170000E4238000;0;2B034,2B182;23.8657793201816;0.0;8.17875986690684;15.6870194532747;14.4085680552521;22.8270776658278;9.45721126492941;0.0;23.8657793201816;0.0;0.0;1.03870165435375
FR_CRS3035RES1000mN2170000E4240000;0;2B034,2B199;108.25134944812;21.0257974744321;77.7706413644925;9.45491060919526;51.7003988281269;92.5247221542574;56.550950619993;4.12932264056337;85.0065145657471;21.2088869459296;0.0;11.5973046532992
FR_CRS3035RES1000mN2170000E4266000;0;2B185;134.592828504854;33.3939482034946;75.8981811275736;25.3006991737854;71.8500118350277;119.412878966938;62.742816669826;7.08417662084308;122.44906035082;10.1198793205272;0.0;8.09577291707255
FR_CRS3035RES1000mN2170000E4267000;0;2B185,2B239;127.2552332181;11.1316061561058;69.5779997852901;46.545627276704;68.7196530018692;111.070726214341;58.5355802162307;7.07661561621991;110.051046733638;16.1921985533443;0.0;9.10789138753879
FR_CRS3035RES1000mN2170000E4268000;0;2B185,2B239;175.806574181358;15.9101083604602;109.059579795273;50.8368860256243;91.7981258902658;161.604071700958;84.0084482910921;11.1590184149589;161.607886385134;14.1986877962235;0.0;3.04348406544086
FR_CRS3035RES1000mN2170000E4273000;0;2B037,2B120;495.385330042154;74.1276712601579;273.688388744289;147.569270037707;256.979467129506;443.889391977727;238.405862912648;30.3067668376811;455.322960402292;31.6501595188911;0.0;21.1891712267467
FR_CRS3035RES1000mN2170000E4274000;0;2B037,2B120;1184.13210158745;168.535536673034;628.290402818467;387.306162095944;657.390824939625;1056.43227193068;526.741276647821;70.209934181114;1114.31836106418;59.5185471609092;1.01941747572816;57.4898954756529
FR_CRS3035RES1000mN2170000E4276000;0;2B037,2B120;92.4180631808815;4.98902741292097;60.3823615368261;27.0466742311344;45.8056382589134;79.3717207570697;46.6124249219681;8.9551244597976;77.5556064698165;14.862456711065;0.0;4.09121796401412
FR_CRS3035RES1000mN2171000E4265000;0;2B185;43.5164384176591;3.03587676462385;28.3361407648332;12.1444208882021;21.2522252395286;38.4562811808988;22.2642131781305;5.06015723676028;38.4563246971338;5.06011372052536;0.0;0.0
FR_CRS3035RES1000mN2171000E4266000;0;2B185;150.736422878344;20.214172846522;98.1377658402738;32.3844841915486;67.7902463585132;137.580014057154;82.9461765198313;3.03618137826848;123.412879174621;23.2755049449137;4.04803875880961;10.1202274429219
FR_CRS3035RES1000mN2171000E4273000;0;2B120;477.118959420574;81.3188327460899;277.177134747279;118.622991927205;243.072294056717;421.51317567857;234.046665363856;25.4741978836007;439.422740773059;30.3617504555422;1.80588865965027;30.1315858584026
FR_CRS3035RES1000mN2171000E4274000;0;2B120;1225.97781969486;214.65712963271;827.358999510451;183.9616905517;641.540055121571;1087.55346381169;584.43776457329;77.6617183938537;1155.70468163107;57.4509593126213;0.0;60.7626374893158
FR_CRS3035RES1000mN2171000E4275000;0;2B120;56.6536046144668;3.66199986360756;36.7680134677921;16.2235912830672;27.2097008951154;49.4521717779156;29.4439037193514;7.20143283655126;55.7406380242622;0.0;0.0;0.0
FR_CRS3035RES1000mN2172000E4258000;0;2B314;27.9943416880949;4.99802960670339;16.9951133915044;6.00119868988711;13.9965457870606;26.9942982317584;13.9977959010343;1.00004345633652;27.9943416880949;0.0;0.0;0.0
FR_CRS3035RES1000mN2172000E4264000;0;2B185;20.2403678664723;1.01198793111713;9.10815248681972;10.1202274485355;13.1563217943341;18.2162614536621;7.08404607213823;1.01203144735206;20.2403678664723;0.0;0.0;1.01207496545821
FR_CRS3035RES1000mN2172000E4265000;0;2B185;200.374132982622;32.3820473516219;127.510871236311;40.4812143946883;95.127474926312;173.051067940645;105.24665805631;14.1670043450523;164.953685040756;34.4085035251126;0.0;13.1560606969243
FR_CRS3035RES1000mN2172000E4272000;0;2B120;600.555257680674;83.7737583439457;359.859106157504;156.922393179224;301.098275253278;567.755717697989;299.456982427395;19.1541450624265;531.285403966757;63.7715634475528;0.902944329825137;13.6453949202583
FR_CRS3035RES1000mN2172000E4273000;0;2B120;599.28378685727;98.8483983377731;384.269781939381;116.165606580116;315.774690683472;538.054050168947;283.509096173797;33.7025955549196;559.768408898096;32.1303522609262;0.0;27.5271411334026
FR_CRS3035RES1000mN2172000E4274000;0;2B120;1473.73925050357;232.2171052787;1015.16942100681;226.352724218058;734.665410374957;1288.01733292613;739.073840128616;95.410710343592;1333.75667928686;116.974656114124;0.893032090671203;90.311207233848
FR_CRS3035RES1000mN2172000E4275000;0;2B120;102.854467078324;8.33886373105439;76.3252073628792;18.1903959843901;48.4735357103223;82.5114714397877;54.3809313680015;13.8392986912599;98.3093461420147;4.54512093630905;0.0;6.50369694727614
FR_CRS3035RES1000mN2173000E4256000;0;2B314;23.9966690673637;1.99914954697658;12.9971278271869;9.00039169320021;7.99816036639219;23.9966690673637;15.9985087009715;0.0;23.9966690673637;0.0;0.0;0.0
FR_CRS3035RES1000mN2173000E4262000;0;2B298;45.0421109090814;0.0;22.9827823640434;22.059328545038;22.021840098339;40.0311691365074;23.0202708107425;3.00469726506649;45.0421109090814;0.0;0.0;2.00624450750756
FR_CRS3035RES1000mN2173000E4264000;0;2B185;229.726134382114;30.3591157817307;135.608993865417;63.758024734967;110.308990945776;204.425739823844;119.417143436338;8.0964256531123;193.294220690852;33.3959934122744;0.0;17.2039689051578
FR_CRS3035RES1000mN2173000E4273000;0;2B033,2B120;366.229975715779;65.5656469685349;252.141640131972;48.5226886152722;191.294343410579;320.993292053058;174.9356323052;27.9544752374855;339.50136166593;23.7717955072687;0.125000000000042;17.2822084252362
FR_CRS3035RES1000mN2173000E4274000;0;2B033,2B120;1879.36291422596;314.222288803205;1392.23157280455;172.909052618211;955.085007232614;1549.17197648639;924.27790699335;219.51103523949;1458.81827069545;409.187298915294;0.0;110.679902500082
FR_CRS3035RES1000mN2173000E4275000;0;2B033;184.159036606688;28.802254534276;114.121622841395;41.2351592310165;96.8737744243671;143.203937206965;87.2852621823209;34.9920709553866;169.566350297396;14.5926863092916;0.0;5.96302844433672
FR_CRS3035RES1000mN2174000E4262000;0;2B298;71.8507513998562;6.96101923046228;44.8459871242531;20.0437450451408;33.9050344201104;68.8413625934394;37.9457169797458;3.00938880641677;70.8429155595967;1.00783584025949;0.0;0.0
FR_CRS3035RES1000mN2174000E4263000;0;2B298;69.914874701302;5.95791891876009;46.8943621150945;17.0625936674474;33.9848131837399;56.9115981060994;35.9300615175622;10.0219932558883;58.8992357667653;10.0218778214319;0.0;2.98128333931441
FR_CRS3035RES1000mN2174000E4273000;0;2B033;273.908826053803;53.886265213658;188.85826672693;31.1642941132155;146.204412772758;243.919531940586;127.704413281045;10.9916666666672;248.07687506881;20.5044803957349;3.17957843154302;18.9976274465495
FR_CRS3035RES1000mN2174000E4274000;0;2B033;7768.22190718077;1218.00659604926;4735.88201145806;1814.33329967344;4211.06501767372;6376.08014219887;3557.15688950705;973.423665824632;7096.11365120953;613.626265263213;12.7776599430437;418.718099157269
FR_CRS3035RES1000mN2174000E4275000;0;2B033;1882.41734501759;290.777937143232;1159.43358279585;432.205825078509;1029.51199796463;1540.86637855773;852.905347052966;208.772132517812;1734.99997041662;138.241704699612;2.20268756223776;132.778833942051
FR_CRS3035RES1000mN2175000E4263000;0;2B298;865.73917532804;118.417235382053;477.221463527384;270.100476418602;473.488459892903;745.694147279018;392.250715435137;85.9385630985282;814.643108440732;46.1023220956414;1.0;34.106464950493
FR_CRS3035RES1000mN2175000E4264000;0;2B298;360.18974414259;44.8223095840882;206.935343291805;108.432091266697;187.09826918141;322.225282939495;173.091474961181;22.9268563696088;335.280013100915;21.9097473631144;0.0;15.0376048334865
FR_CRS3035RES1000mN2175000E4269000;0;2B029;40.3062685609826;8.62098577083315;23.5685062802156;8.11677650993388;15.5741919079967;38.4964679141022;24.7320766529859;1.80980064688039;40.3062685609826;0.0;0.0;0.0
FR_CRS3035RES1000mN2175000E4272000;0;2B033;64.6533607230677;13.5861986205507;38.6139943217198;12.4531677807972;29.2678315847857;59.1916491655088;35.385529138282;1.92755961744723;63.7852720708215;0.778895806883712;0.0007102438823221;3.53415194011166
FR_CRS3035RES1000mN2175000E4273000;0;2B033;1338.40598916463;243.616723707655;886.239883817163;208.549381639811;707.059851964417;1236.92214768411;631.346137200212;72.3236251855927;1189.29214311695;135.559387766073;0.313727840150206;29.1602162949246
FR_CRS3035RES1000mN2175000E4274000;0;2B033;4511.60283358241;824.277124082165;2841.6926126437;845.63309685654;2324.3388337662;3664.4893315784;2187.26399981621;563.027869355197;4043.83896070954;422.900304063324;3.06666666666646;284.085632648808
FR_CRS3035RES1000mN2175000E4275000;0;2B033;3788.4664666323;661.68070679829;2317.74705218545;809.038707648556;2021.93027000809;3233.69606237588;1766.5361966242;297.485807650523;3361.11173922749;387.813014331391;2.96098876405045;257.284596605893
FR_CRS3035RES1000mN2176000E4264000;0;2B298;70.1066208877747;8.95785881583932;34.0454966487833;27.1032654231521;37.0877264508597;63.0941041038879;33.018894436915;2.00155296615728;61.0830800806161;5.02975202828604;2.00626655266299;5.01096381772948
FR_CRS3035RES1000mN2176000E4265000;0;2B205,2B298;182.855403042545;13.9034474214496;89.3807538090704;79.5712018120248;91.4415556484958;161.677087052265;91.4138473940489;15.1548688812511;172.853866397827;10.0015366447181;0.0;6.0234471090284
FR_CRS3035RES1000mN2176000E4268000;0;2B029,2B205;249.815920910045;46.4405976284132;149.949758461766;53.4255648198658;118.966102641905;201.647321980733;130.849818268139;31.9131212338385;221.272710217438;28.5432106926072;0.0;16.2554776954734
FR_CRS3035RES1000mN2176000E4269000;0;2B029;164.93494101806;18.1946427722087;114.12229882778;32.6179994180711;78.3510009114292;144.332514830323;86.5839401066309;13.4700784961981;151.575920552042;8.99520133752245;2.63517247536551;7.1323476915386
FR_CRS3035RES1000mN2176000E4273000;0;2B033;47.8060333904233;4.99844324863589;30.9418767444003;11.8657133973871;25.1488523516281;42.7311830808379;22.6571810387952;3.8371072197793;45.9953442894724;1.46757300444335;0.0569196746287288;1.2377430898061
FR_CRS3035RES1000mN2176000E4274000;0;2B033;1707.23670680346;323.7332122092;1093.04538903301;290.45810556125;872.08015350128;1491.12633763329;835.156553302184;116.166777108617;1575.04298484722;109.62288487671;0.222222222222294;99.9435920615593
FR_CRS3035RES1000mN2176000E4275000;0;2B033;8965.67372249897;1228.79254162009;5532.57177929886;2204.30940158002;4777.27171219753;7881.36999616986;4188.40201030144;669.251199748597;8391.72292215891;500.771757711167;14.1247498467331;415.052526580517
FR_CRS3035RES1000mN2176000E4276000;0;2B033;46.4441155380709;11.9439462873844;24.7278332675177;9.77233598316876;24.9396121690932;42.0566101408835;21.5045033689778;4.38750539718743;38.75967212967;6.68444340840088;0.0;0.0
FR_CRS3035RES1000mN2177000E4267000;0;2B205;75.0902228637751;12.6275527597169;38.9867475081701;23.475922595888;35.9879025301162;67.9451215888676;39.1023203336588;4.17842042458868;70.9118024391864;4.17842042458868;0.0;2.96668085031879
FR_CRS3035RES1000mN2177000E4268000;0;2B205;558.876908905449;79.7879879193233;333.136201090834;145.952719895292;275.265444035728;500.985397981533;283.611464869721;40.3434399708321;503.929543273074;47.1543546956246;0.0;17.5480709530843
FR_CRS3035RES1000mN2177000E4273000;0;2B033;159.418357282647;23.906452118284;89.4817000302986;46.0302051340642;76.3055835312903;148.373305158741;83.1127737513566;5.32283007704961;153.977413923631;4.79999999999945;0.0;5.72222204685605
FR_CRS3035RES1000mN2177000E4274000;0;2B033,2B353;1355.92443551687;240.096666020107;824.739053522963;291.088715973802;713.303929298147;1209.05361344791;642.620506218725;89.7168572451778;1276.61016407501;63.3084070271681;0.197205023426199;57.1539648237841
FR_CRS3035RES1000mN2177000E4275000;0;2B033,2B353;11172.3228173854;1812.02828555719;6572.6351450727;2787.65938675555;6021.34753533507;10065.7262394851;5150.97528205037;656.933364627775;9863.2764237599;1196.17620569137;30.5511431818348;449.663213272587
FR_CRS3035RES1000mN2177000E4276000;0;2B033;799.542951448774;153.835755739749;474.21007980457;171.497115904454;419.473543068191;701.239480608807;380.069408380582;54.5040183505715;704.027533276654;85.0611192153955;1.06250000000005;43.7994524893951
FR_CRS3035RES1000mN2178000E4273000;0;2B033,2B353;46.6183679585188;7.11733611097221;33.4638962279983;6.03713561954823;21.2798263430077;43.5798719851386;25.338541615511;0.999611475026769;46.6183679585188;0.0;0.0;2.03888449835336
FR_CRS3035RES1000mN2178000E4274000;0;2B353;995.803696666489;117.822050462583;645.651781723017;232.329864480889;500.132630767415;920.658071400175;495.671065899074;42.5092557926547;916.001490896081;74.6949320919803;0.0;32.6363694736592
FR_CRS3035RES1000mN2178000E4275000;0;2B033,2B353;3483.81778366331;524.614314958089;1947.95446218985;1011.24900651537;1903.38485062356;3082.71549230108;1580.43293303975;242.379781566482;3115.36970675592;335.166063938148;6.47602404858714;158.722509795748
FR_CRS3035RES1000mN2178000E4276000;0;2B033,2B353;942.546889075159;138.608343550638;490.465734733592;313.472810790929;524.448408628759;823.440504817143;418.0984804464;84.2689440865582;857.94278514583;73.1500338404551;1.01944224917668;34.8374401714572
FR_CRS3035RES1000mN2179000E4274000;0;2B353;159.934126196668;23.7828361649052;86.8344706578315;49.3168193739308;80.5481279039812;152.897281712636;79.3859982926863;7.0368444840311;146.579862621386;13.3542635752817;0.0;0.0
FR_CRS3035RES1000mN2179000E4275000;0;2B305;52.7909598681072;5.09016218276698;35.5478949350123;12.1529027503279;30.4499147418915;49.7462014155384;22.3410451262157;3.04475845256882;51.7682246286977;0.0;0.0;0.0
FR_CRS3035RES1000mN2179000E4276000;0;2B305,2B353;1094.20668163143;140.349475306243;639.208314252314;314.648892072877;584.891859314611;988.846055078866;509.314822316823;71.8972119883318;988.708378150097;94.3055851889807;2.02462030427666;33.4634145642363
FR_CRS3035RES1000mN2180000E4267000;0;2B109;48.401937322213;8.78156672076305;22.9448321378105;16.6755384636395;24.7909578720984;44.6072676533994;23.6109794501147;2.84600225161022;46.5046024878062;1.89733483440682;0.0;0.948667417203407
FR_CRS3035RES1000mN2180000E4268000;0;2B109;127.289303342824;18.0051701727029;67.47745375708;41.8066794130409;60.3097616471484;104.933323921135;66.9795416956753;11.8387375579535;119.833455687204;6.50718023841656;0.948667417203407;10.5172418637356
FR_CRS3035RES1000mN2180000E4274000;0;2B305;84.2635161755783;16.28538373725;53.8083740395986;14.1697583987297;38.5821248458496;78.1870448117207;45.6813913297288;4.05185770541424;63.9393201715877;18.2891739753346;0.0;2.02461365844335
FR_CRS3035RES1000mN2180000E4276000;0;2B305;989.769997829947;103.697462037914;542.671208793453;343.40132699858;547.717255505957;901.77681531022;442.05274232399;65.7320954770714;869.351068584294;117.374210821753;0.0;22.2610870426556
FR_CRS3035RES1000mN2181000E4267000;0;2B109;45.3201893639193;3.14405909739417;29.9614087840034;12.2147214825217;21.201194896737;45.3201893639193;24.1189944671823;0.0;39.8317101634424;5.48847920047691;0.0;0.0
FR_CRS3035RES1000mN2181000E4274000;0;2B305;283.950934572965;44.7000829531068;184.619912092697;54.630939527162;144.99137750163;271.803245976472;138.959557071336;7.08355735926777;273.822658789798;9.11076810882839;0.0;5.06413123722566
FR_CRS3035RES1000mN2181000E4275000;0;2B305,2B309;44.5567780329495;6.08627431583519;19.2560726594279;19.2144310576864;22.2559876530281;39.5308364746382;22.3007903799213;4.0110376379723;40.5535176220619;2.98835649054858;1.01490392033895;1.01490392033895
FR_CRS3035RES1000mN2181000E4276000;0;2B305,2B309;607.739872529793;84.6327352159002;357.74892835913;165.358208954763;318.900906609804;549.22727788168;288.838965919989;44.3750937856668;533.944300337463;68.7430683167773;2.00779211453525;14.1375008624454
FR_CRS3035RES1000mN2182000E4273000;0;2B309;85.685030218732;7.93036575864727;58.8428154327647;18.91184902732;49.7614485875696;83.7081667277343;35.9235816311624;1.97686349099767;73.7157480793522;11.9692821393798;0.0;0.0
FR_CRS3035RES1000mN2182000E4274000;0;2B309;253.577365229436;40.4808584232812;157.973620909862;55.1228858962928;120.445881630079;244.665954957656;133.131483599357;3.9769386289698;243.561554645634;9.01969175361947;0.0;4.93447164281015
FR_CRS3035RES1000mN2182000E4275000;0;2B309;623.124096802297;82.1249906744379;366.471185080471;174.527921047389;320.238615719545;588.161119349238;302.885481082752;23.0128608602496;572.16487814479;45.0056566060995;0.988401853619739;11.95011659281
FR_CRS3035RES1000mN2182000E4276000;0;2B309;742.324131163678;101.89978723889;427.499907730226;212.924436194562;389.26484205708;675.485849411323;353.059289106598;39.0752636464643;677.657507912305;53.8625220713394;6.8427767889916;27.7630181058904
FR_CRS3035RES1000mN2183000E4276000;0;2B043,2B309;44.7378523726649;7.23310658733645;26.4237221506048;11.0810236347236;18.3124953105766;39.707224187046;26.4253570620883;5.03062818561885;42.7210538896299;2.01679848303493;0.0;0.0
FR_CRS3035RES1000mN2183000E4277000;0;2B043,2B309;157.831126974192;22.2718450857006;93.2962729621339;42.2630089263577;80.8355157464707;142.728657168006;76.9956112277215;12.0886401036021;146.345292903766;11.4858340704262;0.0;3.01382970258392
FR_CRS3035RES1000mN2184000E4269000;0;2B187;104.520996117969;4.88415869710135;49.8184187104338;49.8184187104338;52.7489139286946;93.7758469843459;51.7720821892743;3.90732695768108;98.6600056814473;4.88415869710135;0.97683173942027;6.83782217594189
FR_CRS3035RES1000mN2184000E4276000;0;2B043;405.689419143279;62.8801441007991;231.215793452989;111.593481589491;192.227129899058;374.393119522534;213.462289244222;19.2296127884417;381.231322614953;21.3633870984754;1.03152561350895;12.0666868323042
FR_CRS3035RES1000mN2184000E4277000;0;2B043;63.7259141521888;3.07131937393499;23.4005333352229;37.2540614430309;29.347317463594;55.6700882420175;34.3785966885948;7.05879469062226;59.6921875693918;4.03372658279694;0.0;0.997031219548988
FR_CRS3035RES1000mN2185000E4276000;0;2B043;89.3408108154959;13.3404568490895;50.8358450163437;25.1645089500627;43.6731767989365;81.1930023178869;45.6676340165594;5.11111313436104;87.3240123324609;2.01679848303493;0.0;3.03669536324796
FR_CRS3035RES1000mN2185000E4277000;0;2B043;602.470899380511;64.7825161563997;361.760279193519;175.928104030592;318.593576300289;525.782794284457;283.877323080222;42.3322429735234;562.911682302727;37.5309209560536;0.0;34.3558621225311
FR_CRS3035RES1000mN2185000E4278000;0;2B043;61.3884720414559;1.01989688021302;32.1783500197194;28.1902251415235;29.2101220217365;57.354875075386;32.1783500197194;3.0251977245524;49.3104171871833;12.0780548542726;0.0;1.00839924151747
FR_CRS3035RES1000mN2186000E4267000;0;2B178;53.1003749624215;6.37204499549058;23.3641649834655;23.3641649834655;26.5501874812108;48.8523449654278;26.5501874812108;1.06200749924843;52.0383674631731;1.06200749924843;0.0;3.18602249774529
FR_CRS3035RES1000mN2186000E4275000;0;2B043;23.3205698091356;2.05142249372197;15.2414879102457;6.02765940516784;13.1671997558597;23.3205698091356;10.1533700532758;0.0;23.3205698091356;0.0;0.0;0.0
FR_CRS3035RES1000mN2186000E4276000;0;2B043;45.6444972489034;6.14263874786999;28.4435709102467;11.0582875907867;24.3637226780671;41.6107706661064;21.2807745708362;3.03669536324796;40.5791154358704;4.03385619952403;0.0;0.997031219548988
FR_CRS3035RES1000mN2186000E4278000;0;2B043;121.562924175412;11.253751882231;62.9132384355698;47.3959338576112;56.7359771548861;120.554524933895;64.826947020526;1.00839924151747;108.419111502871;10.1071173092929;2.01679848303493;0.0
FR_CRS3035RES1000mN2189000E4266000;0;2B183;55.3696681230556;3.88559074547759;31.0847259638207;20.3993514137573;31.0847259638207;50.5126796912086;24.2849421592349;0.971397686369396;47.5984866321004;6.79978380458578;0.0;3.88559074547759
FR_CRS3035RES1000mN2189000E4269000;0;2B184;94.084776102886;5.05832129585409;48.5598844401992;40.4665703668327;43.5015631443451;89.0264548070319;50.5832129585409;5.05832129585409;87.0031262886903;5.05832129585409;0.0;0.0
FR_CRS3035RES1000mN2189000E4273000;0;2B281;35.7448291518229;8.1101290610033;16.8967367698276;10.737963320992;16.7791361482594;33.765181724258;18.9656930035635;0.0;33.7954652462733;1.94936390554964;0.0;1.97964742756494
FR_CRS3035RES1000mN2189000E4274000;0;2B281;89.4160074951262;6.91118587506647;52.5792823317079;29.9255392883519;49.6115779236069;81.6472936350681;39.8044295715193;4.87362812650046;82.6366740128526;6.77933348227361;0.0;2.89508573355771
FR_CRS3035RES1000mN2189000E4275000;0;2B281;88.8279510620331;8.05044878903449;50.3222935014369;30.4552087715618;49.3629916542562;81.9595204005745;39.464959407777;3.95886486551758;83.9249227925552;3.89872781109927;0.0;2.90956579594108
FR_CRS3035RES1000mN2189000E4276000;0;2B281;49.0309180249102;6.92566264449189;27.4690109021122;14.6362444783061;24.544528318535;48.0707161345188;24.4863897063752;0.0;44.1134129860069;2.93874428333419;0.0;0.960201890391446
FR_CRS3035RES1000mN2189000E4277000;0;2B281;297.961425866682;34.9391210716966;172.3658924119;90.6564123830855;164.240744587787;276.131152307161;133.720681278896;12.9398836177174;283.267704450011;13.7043410388864;0.0;8.89038994180422
FR_CRS3035RES1000mN2189000E4278000;0;2B281;333.81910895095;53.144482356578;187.228862453407;93.4457641409655;176.59853953519;302.228002312147;157.220569415761;15.6997819478923;311.896372866068;19.9139101699242;0.0;15.8913246909109
FR_CRS3035RES1000mN2189000E4279000;0;2B281;50.7466356686886;3.98736167232634;30.2614260232281;16.4978479731341;27.24962304714;45.9021860295813;23.4970126215486;0.960201890391446;43.879329998983;6.86730566970567;0.0;3.8842477487159
FR_CRS3035RES1000mN2190000E4267000;0;2B183;35.9417143956677;4.85698843184698;14.5709652955409;16.5137606682797;19.4279537273879;33.0275213365595;16.5137606682797;0.0;32.0561236501901;2.91419305910819;0.0;2.91419305910819
FR_CRS3035RES1000mN2190000E4274000;0;2B281;83.1563882295013;8.99416888182616;52.6588875622898;21.5033317853854;38.4875973818179;78.2678433153648;44.6687908476834;1.92040378078289;78.8800101544552;2.28269723888297;0.0;2.96814113335367
FR_CRS3035RES1000mN2190000E4275000;0;2B281;34.1296585852602;3.94282308612849;22.4183400016999;7.7684954974318;18.5779691653869;29.2852089461529;15.5516894198733;1.93488384316626;29.2707288837695;4.85892970149072;0.0;2.90956579594108
FR_CRS3035RES1000mN2190000E4276000;0;2B281;33.3774446149324;0.0;25.5793306118968;7.7981140030356;13.7495380059213;31.4425607717661;19.6279066090111;1.93488384316626;33.3774446149324;0.0;0.0;0.0
FR_CRS3035RES1000mN2190000E4277000;0;2B281;51.3080803923605;8.01948358643484;34.4420837765242;8.84651302940137;25.6541493774934;49.329097981207;25.6539310148671;0.974681952774818;49.3587164868108;1.94936390554964;0.0;1.00430045837861
FR_CRS3035RES1000mN2192000E4276000;0;2B224;60.8042362229972;8.87277566151886;32.8464222177154;19.085038343763;29.8853922743137;46.8549306400936;30.9188439486835;9.00149453099544;56.770483348363;4.03375287463428;0.0;4.94781105190817
FR_CRS3035RES1000mN2192000E4277000;0;2B224;202.934718403687;23.7851329388844;127.835377063653;51.3142084011491;109.991549570171;175.971081881436;92.9431688335162;10.0641041829113;175.931219694371;24.0131138116345;0.0;16.8995323393401
FR_CRS3035RES1000mN2192000E4278000;0;2B224;59.9716412643297;2.96122012126212;33.8719952743978;23.1384258686698;31.9926323007296;52.9177545842656;27.9790089636001;2.01682694859392;48.97286225644;10.9987790078897;0.0;5.03705973147023
FR_CRS3035RES1000mN2193000E4266000;0;2B058;251.081864315284;23.5163874113996;136.247999072938;91.3174778309463;124.401936986999;230.034254287144;126.679927328285;15.0501845691751;223.357999508706;25.7455016949327;0.0;5.99742545896511
FR_CRS3035RES1000mN2193000E4273000;0;2B224;140.843408133567;11.8826991665033;83.6471029664435;45.3136060006202;72.9156886633602;128.811960515688;67.9277194702067;10.0046053892562;126.943783041023;10.9289748007397;0.993489531699684;2.02684222862306
FR_CRS3035RES1000mN2193000E4274000;0;2B224;117.09570574348;12.8569411832868;68.035241444381;36.2035231158118;62.0747971850973;104.120548061707;55.0209085583823;4.00390401128087;110.051735365998;7.04397037748144;0.0;8.97125367049171
FR_CRS3035RES1000mN2194000E4273000;0;2B224;45.6250090799145;7.86936982723647;28.7344120624557;9.02122719022234;25.8032329290584;44.611587965603;19.8217761508562;1.01342111431153;39.6142934000689;5.02704445144108;0.0;0.0
FR_CRS3035RES1000mN2195000E4268000;0;2B030;19.2646190503328;1.67518426524633;8.37592132623164;9.21351345885481;8.37592132623164;16.7518426524633;10.8886977241011;2.51277639786949;18.4270269177096;0.837592132623164;0.0;0.0
FR_CRS3035RES1000mN2196000E4268000;0;2B030;44.3923830290277;0.837592132623164;25.9653561113181;17.5894347850865;22.6149875808254;38.5292381006656;21.7773954482023;5.02555279573899;38.5292381006656;5.02555279573899;0.837592132623164;0.837592132623164
FR_CRS3035RES1000mN2196000E4274000;0;2B046;34.4646956216686;1.96941117838106;19.6941117838106;12.8011726594769;16.739995016239;29.5411676757159;17.7247006054295;2.95411676757159;31.510578854097;1.96941117838106;0.0;1.96941117838106
FR_CRS3035RES1000mN2196000E4278000;0;2B046;38.479990032478;2.96941117838106;15.7858782486674;19.7247006054296;24.6482285513822;35.5258732649064;13.8317614810958;0.0;36.479990032478;2.0;0.0;2.95411676757159
FR_CRS3035RES1000mN2197000E4267000;0;2B030;20.9398033155791;0.837592132623164;5.86314492836215;14.2390662545938;10.051105591478;20.1022111829559;10.8886977241011;0.837592132623164;16.7518426524633;4.18796066311582;0.0;0.0
FR_CRS3035RES1000mN2197000E4273000;0;2B046;18.7094061946201;0.0;14.770583837858;3.93882235676212;6.89293912433371;17.7247006054295;11.8164670702864;0.98470558919053;18.7094061946201;0.0;0.0;0.0
FR_CRS3035RES1000mN2197000E4277000;0;2B046,2B152;70.3241454454039;7.05042626161038;39.2331591569261;24.0405600268674;33.1371378451065;57.2707251064073;37.1870076002974;11.0436439493368;60.2732590245408;9.04600026193453;0.0;2.00977638965972
FR_CRS3035RES1000mN2198000E4271000;0;2B152;32.1807162073265;2.01787980418393;13.0898755002348;17.0729609029078;18.0879916033541;32.1807162073265;14.0927246039724;0.0;31.17380521682;1.00691099050655;0.0;0.0
FR_CRS3035RES1000mN2198000E4272000;0;2B152;56.3060670278933;3.02276596311243;33.1896153339588;20.093685730822;28.1510066382626;50.280791593873;28.1550603896307;6.02527543402033;54.2962947100363;2.00977231785699;0.0;0.0
FR_CRS3035RES1000mN2198000E4275000;0;2B152;65.4129552430388;7.0646327720757;33.2241355225671;25.1241869483959;33.222106627391;58.3381329342515;32.1908486156478;2.00977231785699;60.3824458818594;3.01668738016628;0.0;5.06504999093027
FR_CRS3035RES1000mN2198000E4277000;0;2B152;112.648715623494;12.0971465236409;64.3877552744452;36.1638138254078;58.3381859004559;99.5628448816377;54.310529723038;7.0281408331735;99.5750591759203;12.0647165454816;0.0;6.05772990868263
FR_CRS3035RES1000mN2199000E4270000;0;2B152;52.2987938312614;2.02194580381178;24.1518001196298;26.1250479078197;25.1465335523789;45.2645662551105;27.1522602788825;3.01263771701016;52.2987938312614;0.0;0.0;4.02158985914073
FR_CRS3035RES1000mN2199000E4271000;0;2B152;21.1087327266839;0.0;11.0699708644728;10.0387618622111;10.0448363651499;19.1030019283775;11.063896361534;1.00286539915317;19.1030019283775;2.00573079830634;0.0;1.00286539915317
FR_CRS3035RES1000mN2199000E4272000;0;2B152;271.925316907571;49.4931058774708;166.188864944108;56.2433460859924;131.948534947627;255.804543461394;139.976781959944;5.03660835240001;251.815408060473;18.0940497862635;0.0;11.0841650937771
FR_CRS3035RES1000mN2199000E4273000;0;2B152;79.0631885850509;0.0;46.033026992102;33.0301615929488;41.0281408331735;71.0574577867445;38.0350477518773;4.00286539915317;74.0603231858977;5.00286539915317;0.0;4.00286539915317
FR_CRS3035RES1000mN2199000E4274000;0;2B152;34.1905252699463;0.0;16.1086244731511;18.0819007967952;14.0826126861373;34.1905252699463;20.107912583809;0.0;32.1847944716399;2.00573079830634;0.0;0.0
FR_CRS3035RES1000mN2200000E4267000;0;2B233;118.33534701576;4.34258154186275;57.5392054296815;56.4535600442158;59.7104962006128;109.650183932034;58.6248508151471;3.25693615639706;109.650183932035;8.6851630837255;0.0;5.42822692732844
FR_CRS3035RES1000mN2200000E4268000;0;2B233;29.3124254075736;2.17129077093138;16.2846807819853;10.8564538546569;15.1990353965196;26.0554892511765;14.1133900110539;2.17129077093138;28.2267800221079;1.08564538546569;0.0;1.08564538546569
FR_CRS3035RES1000mN2202000E4276000;0;2B159;47.7117410411386;0.973709000839563;24.3427250209891;22.39530701931;21.4215980184704;47.7117410411386;26.2901430226682;0.0;45.7643230394595;1.94741800167913;0.0;0.0
FR_CRS3035RES1000mN2203000E4269000;0;2B170;25.6493401658332;2.84992668509258;16.149584548858;6.64982893188269;12.3496823020678;23.7493890424382;13.2996578637654;1.89995112339505;22.7994134807406;2.84992668509258;0.0;0.0
FR_CRS3035RES1000mN2203000E4277000;0;2B159;23.3690160201495;2.92112700251869;8.76338100755607;11.6845080100748;11.6845080100748;21.4215980184704;11.6845080100748;1.94741800167913;23.3690160201495;0.0;0.0;0.0
FR_CRS3035RES1000mN2204000E4268000;0;2B170;33.2491446594134;5.69985337018516;17.0995601105555;10.4497311786728;13.2996578637654;28.4992668509258;19.9494867956481;4.74987780848763;22.7994134807406;7.59980449358021;0.0;0.0
FR_CRS3035RES1000mN2204000E4269000;0;2B170;39.8989735912961;3.79990224679011;16.149584548858;19.9494867956481;18.049535672253;32.2991690977159;21.8494379190431;5.69985337018516;37.0490469062035;2.84992668509258;0.0;1.89995112339505
FR_CRS3035RES1000mN2204000E4273000;0;2B261;31.9169208516195;4.92938870682239;21.8816735056549;5.10585863914218;13.0746658542231;28.9153520740424;18.8422549973964;1.01313950275284;29.8906418461138;2.02627900550569;0.0;1.98842927482424
FR_CRS3035RES1000mN2204000E4275000;0;2B327;116.905975540285;9.37520318718844;51.7017441398623;55.8290282132338;56.6376895947905;107.892220493266;60.2682859454941;4.99597993160672;113.866405241067;3.03957029921782;0.0;4.01777511541227
FR_CRS3035RES1000mN2205000E4273000;0;2B261;153.259501392445;16.6792548975897;84.9754070671527;51.6048394277023;84.3997098456452;136.248865991622;68.8597915467995;12.0036261023301;150.179921758808;1.03322006544182;1.03322006544182;5.00700929849245
FR_CRS3035RES1000mN2205000E4275000;0;2B261,2B327;130.800436797352;6.62448525154992;58.3712617141803;65.8046898316216;68.8222828023677;120.53877891768;61.9781539949841;8.23537887416577;120.668261241045;8.10589655080145;2.02627900550569;2.02627900550569
FR_CRS3035RES1000mN2205000E4276000;0;2B261,2B327;169.760965543182;16.4624392027195;91.3564831032593;61.9420432372031;86.1561447465433;139.181061789226;83.6048207966386;23.5512922486666;160.641148960849;6.13946896897335;2.98034761335965;7.02861150528945
FR_CRS3035RES1000mN2206000E4267000;0;2B086;51.7986320845462;3.83693570996638;26.8585499697647;21.1031464048151;28.7770178247479;45.083994592105;23.0216142597983;2.87770178247479;51.7986320845462;0.0;0.0;3.83693570996638
FR_CRS3035RES1000mN2206000E4268000;0;2B086;49.880164229563;5.75540356494957;33.5731874622058;10.5515732024076;23.9808481872899;42.2062928096302;25.8993160422731;1.91846785498319;46.0432285195966;1.91846785498319;0.0;5.75540356494957
FR_CRS3035RES1000mN2206000E4269000;0;2B086;44.1247606646134;2.87770178247479;24.9400821147815;16.3069767673571;23.0216142597983;40.287824954647;21.1031464048151;3.83693570996638;43.1655267371218;0.959233927491596;0.0;0.0
FR_CRS3035RES1000mN2206000E4275000;0;2B261;34.020100008477;5.88384743165636;18.9778359266671;9.15841665015355;20.0697442073807;32.013511301271;13.9503558010963;0.0;28.0968643954592;3.95564482278393;0.993449204453217;2.00658870720606
FR_CRS3035RES1000mN2206000E4276000;0;2B261;43.393609560467;4.94832108322068;24.0806103745057;14.3646781027406;22.1736439519658;39.3406612850662;21.2199656085012;2.02666926989504;39.3410515494556;4.05255801101138;0.0;2.02627900550569
FR_CRS3035RES1000mN2207000E4268000;0;2B086;30.6954856797311;1.91846785498319;9.59233927491596;19.1846785498319;14.3885089123739;28.7770178247479;16.3069767673571;1.91846785498319;28.7770178247479;1.91846785498319;0.0;0.0
FR_CRS3035RES1000mN2207000E4269000;0;2B107;21.5112195945041;0.0;15.0578537161529;6.45336587835122;9.68004881752683;20.4356586147789;11.8311707769772;0.0;20.4356586147789;1.0755609797252;0.0;1.0755609797252
FR_CRS3035RES1000mN2207000E4270000;0;2B107;45.1735611484586;0.0;19.3600976350537;25.8134635134049;24.7379025336797;40.8713172295577;20.4356586147789;1.0755609797252;39.7957562498325;5.37780489862602;0.0;3.22668293917561
FR_CRS3035RES1000mN2029000E4259000;1;2A041;2.05161873991238;0.221137587735847;1.10940713219252;0.721074019984012;0.934924855969793;1.69027192201788;1.11669388394259;0.270489646283751;1.96129120858904;0.0903275313233449;0.0;0.0908571716107461
FR_CRS3035RES1000mN2030000E4252000;1;2A041;6.96870048841573;0.794150846533144;3.74532462330215;2.42922501858043;3.84606404093728;5.7764910774999;3.12263644747844;0.713119513474246;6.72255881062928;0.246141677786449;0.0;0.479089897441572
FR_CRS3035RES1000mN2030000E4253000;1;2A041;6.06014699719893;0.690612385471446;3.25702299979314;2.11251161193434;3.34462838336443;5.02337345619166;2.71551861383449;0.620145619030241;5.84609636437252;0.214050632826404;0.0;0.416627921977019
FR_CRS3035RES1000mN2030000E4254000;1;2A041;20.8859910769437;2.38016076627356;11.2251655516809;7.2806647589892;11.5270930891496;17.3128033413495;9.35889798779412;2.13730060862518;20.1482763632094;0.737714713734306;0.0;1.43588712696897
FR_CRS3035RES1000mN2030000E4255000;1;2A041;3.05364743700178;0.347992671107041;1.64118130140593;1.06447346448881;1.6853247776506;2.53122762314059;1.36832265935118;0.312485172553549;2.9457894648072;0.107857972194581;0.0;0.209934641307636
FR_CRS3035RES1000mN2031000E4251000;1;2A041;18.9733670118914;2.16219874840726;10.1972266959547;6.6139415675294;10.4715053719479;15.7273921352355;8.50186163994349;1.94157838681402;18.3032081498011;0.670158862090331;0.0;1.30439648984181
FR_CRS3035RES1000mN2031000E4253000;1;2A041;22.1889692488833;2.52864773597188;11.9254505243387;7.73487098857268;12.2462138924548;18.3928672351699;9.94275535642848;2.27063668205605;21.4052320042778;0.783737244605517;0.0;1.52546533165733
FR_CRS3035RES1000mN2031000E4254000;1;2A041;8.99653855546132;1.02524261468323;4.83518518729116;3.13611075348691;4.96523899808641;7.45740540584213;4.0312995573749;0.92063178899534;8.67877154883034;0.317767006630982;0.0;0.618501360623835
FR_CRS3035RES1000mN2031000E4256000;1;2A041;2.02783806704559;0.218574343147468;1.09654779942591;0.712715924472215;0.924087977887953;1.67067968353251;1.10375008915764;0.267354353323616;1.93855753799;0.0892805290555859;0.0;0.0898040301894656
FR_CRS3035RES1000mN2032000E4253000;1;2A041;35.5993641009012;4.86096744565587;23.6883921914182;7.05000446382718;17.0247511181772;31.3514337135933;18.574612982724;3.58505715246453;33.590447622211;1.5654072710013;0.0;0.66287323484333
FR_CRS3035RES1000mN2032000E4254000;1;2A041;24.962598147075;3.4085546193464;16.6105162257578;4.94352730197076;11.9379104500989;21.9839106931485;13.0246876969761;2.51387470791939;23.5539276262633;1.0976778273836;0.0;0.464812746007079
FR_CRS3035RES1000mN2032000E4256000;1;2A041;14.1719127343102;2.45547401238875;8.1341459843801;3.58229273754135;7.4304974032394;11.8504704667584;6.74141533107082;0.716013311975156;13.288740323353;0.883172410957224;0.0;1.60542895557664
FR_CRS3035RES1000mN2033000E4249000;1;2A041;12.9587394836799;1.76947011155485;8.62295467766667;2.56631469445838;6.19728245396838;11.4124246933959;6.76145702971153;1.30501830148463;12.2274616659629;0.569833353013478;0.0;0.2412964887994
FR_CRS3035RES1000mN2033000E4256000;1;2A041;25.9174789673598;4.49055094143448;14.8756601469341;6.55126787899127;13.5888333336433;21.6720441928744;12.3286456337165;1.30943933266951;24.3023404313935;1.61513853596633;0.0;2.93599544181593
FR_CRS3035RES1000mN2033000E4257000;1;2A041;13.9390293846486;2.41512384768391;8.00047968266116;3.52342585430354;7.30839397532816;11.6557347730589;6.63063540932046;0.70424725176711;13.0703699158219;0.868659468826661;0.0;1.57904735982258
FR_CRS3035RES1000mN2034000E4247000;1;2A041;31.8865870265838;3.43695580421977;17.2425833223187;11.2070479000454;14.5307518415777;26.2704769124482;17.3558351850061;4.20399340200268;30.4827020686207;1.40388495796315;0.0;1.4121167121329
FR_CRS3035RES1000mN2034000E4254000;1;2A041;17.1316714965105;2.33926924082613;11.3996910774484;3.39271117823597;8.19291161043741;15.0874173427246;8.9387598860731;1.72525613823206;16.1649099251717;0.753329274338481;0.0;0.318998015553814
FR_CRS3035RES1000mN2034000E4256000;1;2A041;24.9863661322856;4.32922315089629;14.3412363277634;6.31590665362594;13.100640128333;20.8934530908736;11.8857260039527;1.26239634014177;23.4292531559486;1.55711297633704;0.0;2.83051670127033
FR_CRS3035RES1000mN2034000E4257000;1;2A041;1.02580936995619;0.177735235660474;0.588776075876307;0.259298058419409;0.537843691432321;0.857775790120373;0.487965678523871;0.0518273840805745;0.961882463868674;0.063926906087516;0.0;0.116206195755245
FR_CRS3035RES1000mN2035000E4246000;1;2A041;7.08595636715512;0.763773145248747;3.83171121378168;2.4904720081247;3.22907790180044;5.83792341873308;3.85687846535468;0.934227102748992;6.7739798126139;0.311976554541218;0.0;0.313805845673045
FR_CRS3035RES1000mN2035000E4248000;1;2A041;7.08595636715512;0.967562317249566;4.71510988231944;1.40328416758612;3.38873029425897;6.24041740500231;3.69722607289615;0.713595851996636;6.68608701912658;0.311590049409388;0.0;0.13194311015617
FR_CRS3035RES1000mN2035000E4249000;1;2A041;3.05364743700178;0.416964773294936;2.03194635435035;0.604736309356492;1.46035158016486;2.68926784575407;1.59329585683693;0.307519554397071;2.88132630680081;0.134277732810291;0.0;0.0568600368506349
FR_CRS3035RES1000mN2035000E4250000;1;2A041;9.97602059634954;1.36219038122706;6.63820532653871;1.97562488858377;4.7708511680511;8.78562177586697;5.20516942829845;1.00464165288759;9.41306132238733;0.438674554211742;0.0;0.185757167594982
FR_CRS3035RES1000mN2035000E4251000;1;2A041;20.070104931519;2.74050194903738;13.3549721729075;3.97463080957412;9.59816418086419;17.6752192146447;10.4719407506548;2.02117299150392;18.9375238996868;0.882540713382113;0.0;0.373712725370403
FR_CRS3035RES1000mN2035000E4254000;1;2A041;5.08148550404737;0.693858899859427;3.38130257590284;1.00632402828511;2.43012840824429;4.47513206963979;2.65135709580309;0.511734307944245;4.79473094471388;0.223447652968669;0.0;0.0946191264633319
FR_CRS3035RES1000mN2035000E4255000;1;2A041;3.00649956019715;0.410526897224186;2.00057339517122;0.595399267801747;1.43780396200869;2.64774593737989;1.56869559818846;0.302771496749668;2.83683904343803;0.132204503947184;0.0;0.0559821260675968
FR_CRS3035RES1000mN2036000E4245000;1;2A041;3.00649956019715;0.324061214365432;1.62575628216325;1.05668206366847;1.3700650679427;2.47697181318269;1.63643449225445;0.396383103141625;2.87413106603486;0.132368494162287;0.0;0.133144643872833
FR_CRS3035RES1000mN2036000E4252000;1;2A041;7.92440185643716;1.08204908776617;5.27302506094297;1.56932770772802;3.78970166388025;6.97881453213026;4.13470019255691;0.798032051187793;7.47721798461185;0.348458928907916;0.0;0.147555273119106
FR_CRS3035RES1000mN2037000E4252000;1;2A041;4.03230893015334;0.55059754395463;2.68316352796908;0.798547858229625;1.92837871409412;3.55114955924824;2.10393021605923;0.406076297599565;3.80476071232577;0.177312316599097;0.0;0.0750830733055348
FR_CRS3035RES1000mN2038000E4255000;1;2A041;4.07945680695797;0.55703542002538;2.71453648714822;0.80788489978437;1.95092633225028;3.59267146762243;2.12853047470769;0.410824355246968;3.84924797568855;0.179385545462204;0.0;0.0759609840885729
FR_CRS3035RES1000mN2039000E4252000;1;2A041;4.05567613409118;0.553788253128982;2.69871244310497;0.803175437857228;1.93955365615886;3.57172844777144;2.11612247793232;0.408429507094347;3.82680927582614;0.178339840316756;0.0;0.0755181792253939
FR_CRS3035RES1000mN2040000E4240000;1;2A215;7.55354242328478;1.22489889506901;4.6748507423027;1.65379278591306;3.62209574443795;6.05615789917877;3.93144667884683;0.910820172072188;7.0494286067295;0.459699727777437;0.0;0.586564352033823
FR_CRS3035RES1000mN2040000E4241000;1;2A215;17.1676717138468;2.78394704561066;10.6249886950638;3.75873597317231;8.23228985448538;13.7644200342107;8.93538185936141;2.0701097350407;16.0219231333719;1.04480435419277;0.0;1.33314194459543
FR_CRS3035RES1000mN2040000E4254000;1;2A041;3.00649956019715;0.570267575941846;1.84791485142459;0.58831713283071;1.49990534815875;2.67850223790407;1.5065942120384;0.196107085649741;2.63700865672249;0.369490903474659;0.0;0.131890236643343
FR_CRS3035RES1000mN2040000E4255000;1;2A041;9.74916859007714;1.84920523951352;5.99222885815568;1.90773449240794;4.86373931396786;8.6855724949826;4.88542927610927;0.635915955225568;8.55102136326092;1.19814722681621;0.0;0.427680139868971
FR_CRS3035RES1000mN2041000E4239000;1;2A215;4.30103331162572;0.48571037948998;2.49118205367754;1.3241408784582;1.95085079918443;3.82584273389982;2.35018251244129;0.241736855202347;3.97966183198439;0.321371479641333;0.0;0.233453722523549
FR_CRS3035RES1000mN2041000E4240000;1;2A215;14.518098572668;2.35428649283083;8.98518073851586;3.17863134132131;6.9617591469783;11.640087845523;7.5563394256897;1.75061928550976;13.5491791345468;0.883554442102304;0.0;1.12739144163527
FR_CRS3035RES1000mN2041000E4242000;1;2A215;13.1236697322057;2.12816287423972;8.12217549744796;2.87333136051802;6.2930987376066;10.5220850908186;6.83057099459909;1.58247646651967;12.2478127017985;0.798691139238008;0.0;1.01910817486739
FR_CRS3035RES1000mN2041000E4244000;1;2A114;0.978479346252351;0.158672342446598;0.605576118041643;0.214230885764109;0.469203147010305;0.784509451316819;0.509276199242045;0.117986856574122;0.913176878877674;0.0595491047646019;0.0;0.0759830383614105
FR_CRS3035RES1000mN2041000E4246000;1;2A114;3.72575102334544;0.60417590265065;2.30584922425673;0.815725896438062;1.78658252913159;2.98717280263777;1.93916849421385;0.449257976988486;3.47709913755956;0.226744835101303;0.0;0.289320243719187
FR_CRS3035RES1000mN2041000E4249000;1;2A114;3.72575102334544;0.706693934958277;2.28999556158224;0.729061526804926;1.85873098396771;3.31928618451211;1.86702003937772;0.243022212515109;3.26786600318356;0.457885020161876;0.0;0.163442626318224
FR_CRS3035RES1000mN2041000E4254000;1;2A041;2.02783806704559;0.384636776338279;1.2463903637265;0.396810926980811;1.01166326522334;1.80660887917525;1.01617480182225;0.132271236211935;1.77862209195865;0.249215975086938;0.0;0.0889579516584009
FR_CRS3035RES1000mN2041000E4255000;1;2A041;9.16094231100534;1.7376315081508;5.63068146547164;1.7926293373829;4.57028051770266;8.16151939823627;4.59066179330267;0.597547301253838;8.03508654971241;1.12585576129292;0.0;0.401875611515232
FR_CRS3035RES1000mN2041000E4257000;1;2A041;2.02783806704559;0.251870343962017;1.15999138872013;0.615976334363445;1.04822811742859;1.74029997548626;0.979609949617005;0.198558297468555;1.8315249807421;0.168023900655662;0.0;0.088979794090781
FR_CRS3035RES1000mN2042000E4239000;1;2A215;1.04852419996666;0.118408542824732;0.607310960076295;0.322804697065632;0.475586707952282;0.932680219173726;0.572937492014378;0.0589316390594732;0.970178893346455;0.0783453066202044;0.0;0.0569123417334611
FR_CRS3035RES1000mN2042000E4240000;1;2A215;9.97958001058216;1.61831043544984;6.17631362955282;2.18495594557949;4.78543605926933;8.00126734249429;5.19414395131282;1.20335628941816;9.31355553030055;0.607345528378296;0.0;0.774956378669712
FR_CRS3035RES1000mN2042000E4243000;1;2A215;4.40796982338478;0.714805989507315;2.72807112823987;0.965092705637591;2.1137219921709;3.53415123253183;2.29424783121388;0.53152118675444;4.11378752236572;0.268263870685981;0.0;0.342297404098508
FR_CRS3035RES1000mN2042000E4244000;1;2A114;4.70423036959779;0.762848245097248;2.91142534229837;1.02995678220217;2.25578567614189;3.77168225395459;2.4484446934559;0.567244833562608;4.39027601643723;0.286293939865905;0.0;0.365303282080597
FR_CRS3035RES1000mN2042000E4247000;1;2A114;20.8049452912087;3.37377525286879;12.8760796574542;4.55509038088575;9.97644543178205;16.6806548115663;10.8284998594266;2.50869893729287;19.4164496971886;1.26616455576006;0.0;1.61559154234949
FR_CRS3035RES1000mN2042000E4248000;1;2A114;3.88203988173204;0.736338532149903;2.38605694351234;0.759644406069794;1.93670155733986;3.45852454080195;1.94533832439217;0.25321657706566;3.40494737115413;0.477092510577907;0.0;0.170298763864432
FR_CRS3035RES1000mN2042000E4249000;1;2A114;3.85016237845467;0.730292063106059;2.36646375530355;0.753406560045059;1.92079826625522;3.43012474823333;1.92936411219945;0.251137280481594;3.37698752934673;0.473174849107935;0.0;0.168900349739743
FR_CRS3035RES1000mN2042000E4250000;1;2A114;10.572786682825;2.00542767821641;6.49845747220243;2.06890153240616;5.27463216707435;9.41933708081835;5.29815451575064;0.689638678486698;9.27341895452049;1.2993677283045;0.0;0.463810923519953
FR_CRS3035RES1000mN2042000E4257000;1;2A041;7.06217569428833;0.877166993828118;4.03980136487835;2.14520733558186;3.6505731168954;6.06079173055256;3.41160257739293;0.691501755031497;6.37849314137961;0.585162260514588;0.0;0.309882208704274
FR_CRS3035RES1000mN2042000E4258000;1;2A041;9.11379443420071;1.13199104812428;5.21339609609004;2.76840728998639;4.7110939170364;7.82150038909871;4.40270051716431;0.892388566790134;8.23149661052875;0.755156595338652;0.0;0.39990547831187
FR_CRS3035RES1000mN2043000E4239000;1;2A215;2.09704839993333;0.236817085649466;1.2146219201526;0.645609394131268;0.951173415904569;1.86536043834746;1.14587498402876;0.117863278118947;1.94035778669292;0.15669061324041;0.0;0.113824683466923
FR_CRS3035RES1000mN2043000E4243000;1;2A215;11.4809453628035;1.86177511175348;7.10550135869876;2.51366889235126;5.5053749632151;9.20500793569991;5.97557039958839;1.38439371157363;10.7147216679892;0.698716861857944;0.0;0.891543715529969
FR_CRS3035RES1000mN2043000E4244000;1;2A114;0.978479346252351;0.158672342446598;0.605576118041643;0.214230885764109;0.469203147010305;0.784509451316819;0.509276199242045;0.117986856574122;0.913176878877674;0.0595491047646019;0.0;0.0759830383614105
FR_CRS3035RES1000mN2043000E4246000;1;2A114;1.92508118922734;0.312175359515261;1.19142340403231;0.42148242567977;0.923120304680257;1.54346067015662;1.00196088454708;0.232129864607616;1.79660371851259;0.117158182088085;0.0;0.1494906544631
FR_CRS3035RES1000mN2043000E4250000;1;2A114;27.308304624351;5.17979143831604;16.7847760068377;5.34373717919729;13.6237745374978;24.3290755861257;13.6845300868532;1.7812582129783;23.9521856740622;3.35611895028882;0.0;1.19797082524701
FR_CRS3035RES1000mN2043000E4253000;1;2A041;18.110332989662;3.43513627284115;11.1313348383283;3.54386187849257;9.0350205493955;16.1345666183356;9.07531244026648;1.18129557368573;15.8846206073398;2.22571238232223;0.0;0.794470797640704
FR_CRS3035RES1000mN2044000E4232000;1;2A272;0.97781159490429;0.11042305567523;0.566353831884796;0.301034707344264;0.44351308003467;0.869780146872091;0.53429851486962;0.0549572818451875;0.9047499057015;0.0730616892027896;0.0;0.0530741661870113
FR_CRS3035RES1000mN2044000E4236000;1;2A163;3.02383623741153;0.341478091420213;1.75142251224557;0.930935633745743;1.37154328110223;2.68975407982392;1.6522929563093;0.169952801970387;2.79789640960706;0.225939827804474;0.0;0.164129355617219
FR_CRS3035RES1000mN2044000E4237000;1;2A215;1.04852419996666;0.118408542824732;0.607310960076295;0.322804697065632;0.475586707952282;0.932680219173726;0.572937492014378;0.0589316390594732;0.970178893346455;0.0783453066202044;0.0;0.0569123417334611
FR_CRS3035RES1000mN2044000E4238000;1;2A215;1.04852419996666;0.118408542824732;0.607310960076295;0.322804697065632;0.475586707952282;0.932680219173726;0.572937492014378;0.0589316390594732;0.970178893346455;0.0783453066202044;0.0;0.0569123417334611
FR_CRS3035RES1000mN2044000E4239000;1;2A215;6.50501822331811;0.734603673330495;3.76774218720249;2.00267236278513;2.9505281824643;5.78632502945219;3.55449004085381;0.365610432285748;6.01896587727585;0.486052346042256;0.0;0.353082761580175
FR_CRS3035RES1000mN2044000E4242000;1;2A215;14.5026659978129;2.35178391287181;8.97562959284484;3.17525249209624;6.9543588756121;11.6277145635745;7.54830712220079;1.74875839697596;13.5347765101141;0.882615233706794;0.0;1.12619303726248
FR_CRS3035RES1000mN2044000E4245000;1;2A114;4.7656656118656;0.77281071782265;2.94944731554285;1.04340757850009;2.28524527497737;3.82093881556484;2.48042033688823;0.574652809158425;4.44761114875462;0.290032816615891;0.0;0.370073987142341
FR_CRS3035RES1000mN2044000E4247000;1;2A114;3.85016237845467;0.624350719030521;2.38284680806461;0.842964851359538;1.84624060936051;3.08692134031324;2.00392176909416;0.46425972921523;3.59320743702518;0.234316364176169;0.0;0.2989813089262
FR_CRS3035RES1000mN2044000E4248000;1;2A114;15.2754761818491;2.89742559383885;9.38891848604514;2.9891321019651;7.62074564192671;13.6089815810417;7.65473053992238;0.996384351953147;13.3981602593193;1.87731592252984;0.0;0.670110248854223
FR_CRS3035RES1000mN2044000E4249000;1;2A114;1.92508118922734;0.36514603155303;1.18323187765178;0.376703280022531;0.960399133127611;1.71506237411667;0.964682056099728;0.125568640240797;1.68849376467337;0.236587424553968;0.0;0.0844501748698716
FR_CRS3035RES1000mN2045000E4237000;1;2A163;17.6573226396276;1.99401963637171;10.2272179936239;5.43608500963198;8.00895958881904;15.7064906561744;9.64836305080857;0.992418643831288;16.337974591831;1.3193480477966;0.0;0.958413339621936
FR_CRS3035RES1000mN2045000E4239000;1;2A215;11.5960615266494;1.30952890540834;6.71650235547941;3.57003026576165;5.25970952968626;10.3148951703464;6.33635199696314;0.651749299083107;10.7296084720408;0.866453054608554;0.0;0.629417057219944
FR_CRS3035RES1000mN2045000E4241000;1;2A215;14.2610672426834;2.31260573240699;8.82610529596992;3.12235621430649;6.83850676626027;11.4340093948845;7.42256047642312;1.71962597044174;13.3093017486949;0.867911816986444;0.0;1.10743187735718
FR_CRS3035RES1000mN2045000E4242000;1;2A215;4.52308598723072;0.733473477421966;2.79931596329201;0.990296546516744;2.16892281634276;3.62644722108015;2.35416317088796;0.545402107557802;4.22122097981357;0.275269705328497;0.0;0.351236658592766
FR_CRS3035RES1000mN2045000E4243000;1;2A215;2.20398491169239;0.357402994753657;1.36403556411994;0.482546352818796;1.05686099608545;1.76707561626592;1.14712391560694;0.26576059337722;2.05689376118286;0.13413193534299;0.0;0.171148702049254
FR_CRS3035RES1000mN2045000E4244000;1;2A114;6.75372291393436;1.09519842099238;4.17984633013856;1.47867816280342;3.23856406105107;5.41489146178668;3.51515885288329;0.814376450396968;6.30298803441544;0.411023651028856;0.0;0.524455001750711
FR_CRS3035RES1000mN2045000E4245000;1;2A114;0.978479346252351;0.158672342446598;0.605576118041643;0.214230885764109;0.469203147010305;0.784509451316819;0.509276199242045;0.117986856574122;0.913176878877674;0.0595491047646019;0.0;0.0759830383614105
FR_CRS3035RES1000mN2045000E4246000;1;2A114;2.84058442263826;0.460635358307389;1.75802391151055;0.621925152820323;1.36212497029711;2.27747814540821;1.47845945234115;0.342522944550809;2.65100743024203;0.172874634527806;0.0;0.22058333267924
FR_CRS3035RES1000mN2045000E4247000;1;2A114;2.84058442263826;0.460635358307389;1.75802391151055;0.621925152820323;1.36212497029711;2.27747814540821;1.47845945234115;0.342522944550809;2.65100743024203;0.172874634527806;0.0;0.22058333267924
FR_CRS3035RES1000mN2045000E4250000;1;2A114;22.6966415958363;4.30505926434584;13.9502635016706;4.44131882981983;11.323073039999;20.2205269251287;11.3735685558373;1.48044998786039;19.9072839255042;2.78935767033213;0.0;0.995664682847214
FR_CRS3035RES1000mN2045000E4257000;1;2A247;16.3352481677845;2.02894138421966;9.34430984168435;4.9619969418805;8.44400088592504;14.0189852670904;7.89124728185946;1.59948623000611;14.7538482347892;1.35351641727894;0.0;0.716776670687973
FR_CRS3035RES1000mN2045000E4258000;1;2A247;3.44271777482819;0.427607373686132;1.96935003711252;1.04576036402953;1.77960638504226;2.95455626191522;1.66311138978593;0.337098011494845;3.10943152153625;0.285258906410601;0.0;0.151063501418132
FR_CRS3035RES1000mN2046000E4232000;1;2A272;3.75563523667412;0.424119248530403;2.17528450116216;1.15623148698156;1.70347064811306;3.34070181288059;2.05216458856106;0.21108310157625;3.47501568189395;0.28061955478017;0.0;0.203850322217286
FR_CRS3035RES1000mN2046000E4234000;1;2A272;1.92933624054825;0.217877558638637;1.11748211876713;0.593976563142488;0.875102998294699;1.71617760253084;1.05423324225355;0.108437122343925;1.78517701242168;0.144159228126572;0.0;0.104721515673481
FR_CRS3035RES1000mN2046000E4248000;1;2A114;19.5207308186138;3.70265806518667;11.9982217419692;3.81985101145794;9.73865053646844;17.391095570209;9.78208028214535;1.27329259623787;17.1216842456011;2.39904657301273;0.0;0.85634265216694
FR_CRS3035RES1000mN2046000E4249000;1;2A114;20.6805339360995;3.92264749114056;12.7110831153432;4.0468033296158;10.3172619295178;18.4243687117856;10.3632720065817;1.34894389927105;18.13895060459;2.54158333150951;0.0;0.907221325042863
FR_CRS3035RES1000mN2046000E4252000;1;2A288;4.53145071123311;0.859517641980098;2.78521080749372;0.886722261759296;2.26068456708858;4.03708719325206;2.27076614414453;0.295576159235193;3.97454731450199;0.556903396731119;0.0;0.198787358745859
FR_CRS3035RES1000mN2046000E4254000;1;2A288;8.25691650354123;1.5661574748143;5.0750310546748;1.61572797405213;4.11927325282881;7.35611926431546;4.13764325071241;0.538579766782516;7.24216314079395;1.01475336274728;0.0;0.362217472443257
FR_CRS3035RES1000mN2046000E4256000;1;2A247,2A288;14.7420166211088;1.83105192539468;8.4329279594645;4.47803673624962;7.62042915604186;12.6516666104961;7.12158746506694;1.44348297288114;13.3148559280247;1.221503421039;0.0;0.646867037731589
FR_CRS3035RES1000mN2046000E4258000;1;2A247;0.320886173212682;0.0398560970588174;0.18355765370771;0.0974724224461546;0.165872174273583;0.275385992822155;0.155013998939099;0.0314199704945561;0.28982148612587;0.026588191318558;0.0;0.0140802098959715
FR_CRS3035RES1000mN2047000E4234000;1;2A272;1.92933624054825;0.217877558638637;1.11748211876713;0.593976563142488;0.875102998294699;1.71617760253084;1.05423324225355;0.108437122343925;1.78517701242168;0.144159228126572;0.0;0.104721515673481
FR_CRS3035RES1000mN2047000E4245000;1;2A114;9.40846073919558;1.5256964901945;5.82285068459674;2.05991356440434;4.51157135228378;7.54336450790917;4.89688938691179;1.13448966712522;8.78055203287446;0.57258787973181;0.0;0.730606564161194
FR_CRS3035RES1000mN2047000E4246000;1;2A114;18.6969994601744;3.03194616465982;11.5714822141979;4.09357108131663;8.96563736369487;14.9905798665569;9.73136209647952;2.25451891460273;17.44918549054;1.13787744616378;0.0;1.45190067901475
FR_CRS3035RES1000mN2047000E4248000;1;2A114;1.92508118922734;0.36514603155303;1.18323187765178;0.376703280022531;0.960399133127611;1.71506237411667;0.964682056099728;0.125568640240797;1.68849376467337;0.236587424553968;0.0;0.0844501748698716
FR_CRS3035RES1000mN2047000E4251000;1;2A288;11.9138756335355;2.25980308381066;7.32274436780299;2.33132818192185;5.94368481426495;10.6141184815084;5.97019081927054;0.777114841531159;10.449691593731;1.46418403980445;0.0;0.522642310495902
FR_CRS3035RES1000mN2047000E4252000;1;2A288;14.6282633915194;2.77466340423266;8.99111562483209;2.86248436245465;7.29785920666357;13.0323771703015;7.33040418485582;0.954168142848339;12.8304882218988;1.79777516962063;0.0;0.641718078369559
FR_CRS3035RES1000mN2047000E4254000;1;2A288;9.15424130827604;1.73636047367822;5.62656276123936;1.79131807335846;4.56693747053752;8.15554944864963;4.58730383773851;0.597110210181692;8.02920908262749;1.12503222564854;0.0;0.401581649444718
FR_CRS3035RES1000mN2047000E4258000;1;2A247;11.0;1.36626973751347;6.29236894369561;3.34136131879093;5.68610949715208;9.44025069922826;5.31389050284793;1.07707874097474;9.93510039858138;0.911445019821064;0.0;0.482670559797015
FR_CRS3035RES1000mN2047000E4259000;1;2A247;6.99332137742853;0.868614851153326;4.00041438623763;2.12429214003758;3.61498100916664;6.00170063847251;3.3783403682619;0.684759798584767;6.31630454584526;0.579457085587765;0.0;0.30686094037126
FR_CRS3035RES1000mN2047000E4261000;1;2A247;0.165709249443651;0.0205821393400846;0.0947912486256672;0.0503358614778993;0.0856582670024988;0.142212441629911;0.0800509824411523;0.016225628159876;0.149667093654203;0.0137304427403366;0.0;0.0072711796538645
FR_CRS3035RES1000mN2048000E4225000;1;2A272;7.66583108950709;0.193601784971253;4.1159872102515;3.35624209428433;4.02795249061212;7.17453227941002;3.63787859889496;0.491298810097069;7.46826368262314;0.197567406883948;0.0;0.0
FR_CRS3035RES1000mN2048000E4226000;1;2A272;1.92933624054825;0.0487256940074171;1.03591159231789;0.844698954222938;1.01375501554969;1.80568616423024;0.915581224998559;0.123650076318008;1.87961247888409;0.0497237616641579;0.0;0.0
FR_CRS3035RES1000mN2048000E4227000;1;2A272;3.75563523667412;0.094849165997968;2.01649976630447;1.64428630437169;1.97336989672243;3.51493868317685;1.78226533995169;0.240696553497275;3.65884323770517;0.0967919989689465;0.0;0.0
FR_CRS3035RES1000mN2048000E4229000;1;2A272;8.643112671494;0.218283186959248;4.64071550719747;3.78411397733729;4.5414576456607;8.08918043355932;4.1016550258333;0.553932237934679;8.42035830370599;0.222754367788015;0.0;0.0
FR_CRS3035RES1000mN2048000E4234000;1;2A272;4.7844401903975;0.972682737093594;2.81488429399286;0.996873159311051;2.2882575091691;4.10798617749494;2.4961826812284;0.222610238056334;4.43639018676476;0.260273929385353;0.0;0.45384377484623
FR_CRS3035RES1000mN2048000E4243000;1;2A114;16.2243977891111;2.2090675585421;11.6867542339496;2.32857599661943;7.54006236806948;14.3459491941357;8.68433542104163;1.13204810955944;15.843050736131;0.0;0.0;0.74640048541599
FR_CRS3035RES1000mN2048000E4247000;1;2A114;5.65083221257278;0.769401137830652;4.07040607263376;0.811025002108367;2.62614538105634;4.99658310156581;3.02468683151644;0.394283597260783;5.51801198471842;0.0;0.0;0.259965513746179
FR_CRS3035RES1000mN2048000E4251000;1;2A114;14.0178374926746;2.9383761816226;9.0500718197785;2.02938949127349;6.85103714588378;11.6205315912881;7.16680034679082;1.11718491781692;12.7936697383038;1.22416775437075;0.0;1.28012098356954
FR_CRS3035RES1000mN2048000E4252000;1;2A288;5.72865211336251;1.20082251855915;3.69848152994708;0.829348064856285;2.79980478051639;4.74894810940821;2.92884733284612;0.456558562889111;5.22837300848267;0.500279104879837;0.0;0.523145441065183
FR_CRS3035RES1000mN2048000E4253000;1;2A288;1.81706295324915;0.380887173583391;1.17311605563677;0.263059724028989;0.888066065512933;1.50631204439525;0.928996887736217;0.144815156200423;1.65838014099714;0.158682812252012;0.0;0.165935752653475
FR_CRS3035RES1000mN2048000E4255000;1;2A288;10.027886138256;2.10201479337116;6.47411484112322;1.45175650376162;4.9009999198369;8.3129346965493;5.1268862184191;0.799196249571261;9.15215799107427;0.875728147181726;0.0;0.915755192135438
FR_CRS3035RES1000mN2048000E4256000;1;2A288;18.2852225215137;2.01571943140311;11.8159614783935;4.45354161171713;9.67535710056135;15.1160031275018;8.60986542095236;2.17625585291933;17.1095393832704;0.98517600412059;0.0;0.992963541092597
FR_CRS3035RES1000mN2048000E4258000;1;2A247;15.0;1.65356431596457;9.69304157865012;3.65339410538532;7.93702982491273;12.4001797979627;7.06297017508727;1.78525789092161;14.0355464882694;0.808173925388222;0.0;0.814562311115695
FR_CRS3035RES1000mN2049000E4227000;1;2A272;1.92933624054825;0.0487256940074171;1.03591159231789;0.844698954222938;1.01375501554969;1.80568616423024;0.915581224998559;0.123650076318008;1.87961247888409;0.0497237616641579;0.0;0.0
FR_CRS3035RES1000mN2049000E4228000;1;2A272;2.90714783545254;0.0734204815560467;1.56092446719986;1.27280288669663;1.52753866184412;2.72083036306666;1.37960917360842;0.186317472385886;2.83222345314195;0.0749243823105906;0.0;0.0
FR_CRS3035RES1000mN2049000E4234000;1;2A272;7.43864724797128;1.51228638617997;4.37646422018036;1.54989664161096;3.55768694891265;6.38692487686589;3.88096029905864;0.346105075785345;6.89751367776273;0.40466300580511;0.0;0.705617295320045
FR_CRS3035RES1000mN2049000E4235000;1;2A272;4.73344683157841;0.962315722802289;2.78488278929731;0.986248319478819;2.26386888028212;4.06420257798558;2.46957795129629;0.220237621136847;4.38910640273727;0.257499886583221;0.0;0.449006632455989
FR_CRS3035RES1000mN2049000E4246000;1;2A114;3.81906376889061;0.519992790211413;2.75094707680063;0.548123901878568;1.77485656967779;3.37689543302739;2.04420719921282;0.266472998015444;3.7292984209042;0.0;0.0;0.175695337847775
FR_CRS3035RES1000mN2049000E4251000;1;2A288;3.72546579230812;0.780920734406323;2.40520215761779;0.539342900284004;1.82077332128869;3.08834318805616;1.90469247101943;0.296909861965833;3.4001235206961;0.32534227161202;0.0;0.340212742286128
FR_CRS3035RES1000mN2049000E4252000;1;2A288;17.3426511495034;3.63531344192859;11.1966085018741;2.5107292057007;8.47599690718643;14.3767414670636;8.86665424231698;1.38216385439697;15.8281297888715;1.51452136063194;0.0;1.58374582804282
FR_CRS3035RES1000mN2049000E4255000;1;2A288;5.4740220832434;1.14744775115877;3.53408954999621;0.792484782088425;2.67535763981333;4.53786445897811;2.79866444343008;0.436265216684963;4.99597963735816;0.478042445885241;0.0;0.499892407580328
FR_CRS3035RES1000mN2049000E4258000;1;2A247;5.99999999999936;0.661425726385755;3.87721663145963;1.46135764215397;3.17481192996475;4.96007191918455;2.82518807003461;0.714103156368568;5.61421859530714;0.323269570155254;0.0;0.325824924446243
FR_CRS3035RES1000mN2049000E4260000;1;2A247;11.5237617362356;1.27035207951447;7.44668677678593;2.8067228799352;6.09762937304601;9.52644783188028;5.4261323631896;1.37152577151434;10.782819571245;0.620880250507475;0.0;0.625788132840979
FR_CRS3035RES1000mN2049000E4262000;1;2A247;4.11975590006118;0.454152089788376;2.66219768221214;1.00340612806066;2.17990836334305;3.40571425896509;1.93984753671813;0.490321781950339;3.85486836370871;0.221965286492916;0.0;0.223719859145757
FR_CRS3035RES1000mN2050000E4223000;1;2A272;18.3160808234956;0.0;12.6054351103142;5.71064571318144;6.27291887129063;16.9354019374024;12.0431619522049;0.676473519285479;18.3160808234956;0.0;0.0;0.704205366807712
FR_CRS3035RES1000mN2050000E4224000;1;2A272;2.85510394984925;0.0721061049369965;1.53298073024378;1.25001711466847;1.50019259901163;2.67212194086859;1.35491135083762;0.182982008980656;2.78152086705371;0.0735830827955412;0.0;0.0
FR_CRS3035RES1000mN2050000E4229000;1;2A272;4.81072713965783;0.121495680034256;2.58300648000772;2.10622497961586;2.52775989160049;4.50241033854142;2.28296724805734;0.308316801116412;4.68674281556942;0.123984324088407;0.0;0.0
FR_CRS3035RES1000mN2050000E4230000;1;2A272;8.69515655709728;0.219597563578298;4.66865924415354;3.80689974936544;4.56880370849318;8.13788885575737;4.12635284860409;0.557267701339908;8.47106088979422;0.224095667303064;0.0;0.0
FR_CRS3035RES1000mN2050000E4234000;1;2A272;5.68497147722237;1.15576188576082;3.34470414222089;1.18450544924066;2.71895522871725;4.88119473094347;2.96601624850512;0.264510121043606;5.27141121425358;0.309262903482421;0.0;0.53926662523529
FR_CRS3035RES1000mN2050000E4236000;1;2A272;5.60925287034794;1.14036819729308;3.30015575018923;1.16872892286564;2.68274123839253;4.81618169325442;2.92651163195541;0.260987088790964;5.20120085084107;0.305143805206651;0.0;0.532084088302556
FR_CRS3035RES1000mN2050000E4252000;1;2A288;33.6235344284852;7.04806235328795;21.7077278554273;4.86774421976988;16.4330684719261;27.8732967364731;17.1904659565591;2.679707591619;30.6872151383781;2.93631929010706;0.0;3.07053010039312
FR_CRS3035RES1000mN2050000E4253000;1;2A288;1.81706295324915;0.380887173583391;1.17311605563677;0.263059724028989;0.888066065512933;1.50631204439525;0.928996887736217;0.144815156200423;1.65838014099714;0.158682812252012;0.0;0.165935752653475
FR_CRS3035RES1000mN2050000E4254000;1;2A288;12.7426937759564;2.67108445939308;8.22682485155893;1.84478446500438;6.22782711265705;10.5634607091853;6.51486666329936;1.01555930479986;11.6298834132668;1.11281036268957;0.0;1.16367376197128
FR_CRS3035RES1000mN2050000E4255000;1;2A288;1.81706295324915;0.380887173583391;1.17311605563677;0.263059724028989;0.888066065512933;1.50631204439525;0.928996887736217;0.144815156200423;1.65838014099714;0.158682812252012;0.0;0.165935752653475
FR_CRS3035RES1000mN2050000E4256000;1;2A247,2A288;11.5090373674536;1.26872890012827;7.43717184886438;2.80313661846096;6.08983818943429;9.5142755105264;5.41919917801931;1.36977331847722;10.7690419337416;0.620086927112981;0.0;0.624988538449993
FR_CRS3035RES1000mN2050000E4258000;1;2A247;27.3553539294746;3.01558914055735;17.6771055358058;6.66265925311144;14.4746840006189;22.6140871441594;12.8806699288557;3.25575743076987;25.5964894520135;1.47385891770451;0.0;1.48550935454538
FR_CRS3035RES1000mN2051000E4227000;1;2A272;1.92933624054825;0.0487256940074171;1.03591159231789;0.844698954222938;1.01375501554969;1.80568616423024;0.915581224998559;0.123650076318008;1.87961247888409;0.0497237616641579;0.0;0.0
FR_CRS3035RES1000mN2051000E4229000;1;2A272;6.76582031654904;0.170871869570881;3.63274765183565;2.96220079514251;3.5550486929435;6.33220269152714;3.21077162360554;0.433617625021901;6.59144841091013;0.174371905638906;0.0;0.0
FR_CRS3035RES1000mN2051000E4232000;1;2A272;1.92933624054825;0.392236495922091;1.13510840667428;0.40199133795188;0.922744974220237;1.65655464223784;1.00659126632801;0.0897680779166506;1.78898429574197;0.104956045942616;0.0;0.183013520393763
FR_CRS3035RES1000mN2051000E4233000;1;2A272;0.97781159490429;0.19879033296356;0.575287053750695;0.203734208190036;0.467658625785112;0.839562489279937;0.510152969119179;0.045495578009891;0.906679484225674;0.0531930290434154;0.0;0.0927535276144619
FR_CRS3035RES1000mN2051000E4251000;1;2A288;11.8225357477257;2.47820375044672;7.6327605926898;1.71157140458917;5.77811175286735;9.80066648777842;6.04442399485835;0.942225121001203;10.7900821296249;1.03245361810083;0.0;1.07964413894607
FR_CRS3035RES1000mN2051000E4254000;1;2A247,2A288;18.6152345795484;3.90206848470362;12.0182025205368;2.69496357430796;9.09795563334733;15.4316899182149;9.51727894620107;1.48358541927478;16.9895794152451;1.62565516430328;0.0;1.6999592420587
FR_CRS3035RES1000mN2051000E4255000;1;2A247,2A288;8.06937031625321;1.69147670247722;5.20967523989654;1.16821837387944;3.94380059045717;6.68936080410587;4.12556972579604;0.643107670374168;7.36467795950447;0.70469235674874;0.0;0.736901841773168
FR_CRS3035RES1000mN2051000E4256000;1;2A247;15.0000000000007;1.65356431596464;9.69304157865057;3.65339410538549;7.9370298249131;12.4001797979633;7.0629701750876;1.78525789092169;14.03554648827;0.80817392538826;0.0;0.814562311115733
FR_CRS3035RES1000mN2051000E4258000;1;2A247;15.0000000000017;1.65356431596475;9.69304157865121;3.65339410538573;7.93702982491363;12.4001797979641;7.06297017508807;1.78525789092181;14.0355464882709;0.808173925388314;0.0;0.814562311115788
FR_CRS3035RES1000mN2051000E4265000;1;2A247;3.90854779411664;0.168003543613169;2.13263473539142;1.60790951511205;1.83529538408237;3.39404135511793;2.07325241003427;0.514506438998721;3.62692693468537;0.206949520947409;0.0;0.0
FR_CRS3035RES1000mN2052000E4227000;1;2A272;0.97781159490429;0.0246947875486297;0.525012874881967;0.428103932473693;0.513783646294429;0.915144198836412;0.464027948609861;0.0626673960678782;0.952610974257857;0.0252006206464327;0.0;0.0
FR_CRS3035RES1000mN2052000E4232000;1;2A127,2A272;9.24247648983405;1.87900715065853;5.43773166211753;1.92573767705799;4.42040560432306;7.93571748315779;4.82207088551099;0.430033569185674;8.57012113626133;0.502791460971527;0.0;0.876725437490592
FR_CRS3035RES1000mN2052000E4234000;1;2A272;4.63144127544365;0.941577864329515;2.72486869643854;0.964994714675601;2.21508261260742;3.97661920397448;2.41635866283623;0.215491510781073;4.29452136661539;0.251950776163235;0.0;0.439330560688094
FR_CRS3035RES1000mN2052000E4240000;1;2A163;14.0083657995737;1.90733898652298;10.0905026150651;2.01052419798559;6.51019243835392;12.3864877245815;7.49817336121978;0.977425740391279;13.6791055654392;0.0;0.0;0.644452334600914
FR_CRS3035RES1000mN2052000E4252000;1;2A288;3.58929921893923;0.752377914151102;2.31729150313306;0.519629801655064;1.75422366606081;2.97546358245811;1.83507555287842;0.28605774285987;3.27584827710104;0.31345094183819;0.0;0.327777893621249
FR_CRS3035RES1000mN2052000E4257000;1;2A247;7.61676396535789;0.839653939749371;4.92197398739853;1.85513603820999;4.03029885082441;6.29661617660541;3.58646511453348;0.906525864829504;7.12702964839703;0.410378002175923;0.0;0.413621923922978
FR_CRS3035RES1000mN2052000E4258000;1;2A247;3.0;0.330712863192913;1.93860831573002;0.730678821077064;1.58740596498255;2.48003595959254;1.41259403501745;0.357051578184322;2.80710929765387;0.161634785077645;0.0;0.162912462223139
FR_CRS3035RES1000mN2052000E4260000;1;2A247;12.6799172794122;1.39780391617457;8.19379769354577;3.08831566969187;6.70939210827473;10.4822169392004;5.97052517113747;1.50912815862026;11.8646378961733;0.683171901420034;0.0;0.688572181591589
FR_CRS3035RES1000mN2052000E4262000;1;2A247;3.23687073753327;0.356824929798328;2.09167484290839;0.788370964826552;1.71274263887926;2.67585194187845;1.52412809865402;0.385243268404968;3.0287499808778;0.174396968661769;0.0;0.175775527249858
FR_CRS3035RES1000mN2052000E4264000;1;2A247;5.67762832528026;0.244045033657102;3.09790439286965;2.33567889875351;2.66598378907049;4.93024682057017;3.01164453620977;0.747381504710096;5.26854069152955;0.300618675765674;0.0;0.0
FR_CRS3035RES1000mN2052000E4265000;1;2A247;11.416274526889;0.490712836687107;6.22910218507647;4.69645950512544;5.36061909596066;9.91347935516233;6.05565543092835;1.50279517172668;10.5937027654268;0.604468121868713;0.0;0.0
FR_CRS3035RES1000mN2053000E4228000;1;2A272;1.92933624054825;0.0487256940074171;1.03591159231789;0.844698954222938;1.01375501554969;1.80568616423024;0.915581224998559;0.123650076318008;1.87961247888409;0.0497237616641579;0.0;0.0
FR_CRS3035RES1000mN2053000E4229000;1;2A272;2.90714783545254;0.0734204815560467;1.56092446719986;1.27280288669663;1.52753866184412;2.72083036306666;1.37960917360842;0.186317472385886;2.83222345314195;0.0749243823105906;0.0;0.0
FR_CRS3035RES1000mN2053000E4230000;1;2A272;6.5607775159919;0.165693480989152;3.52265475586739;2.87242927913535;3.44731051693324;6.14030096892443;3.11346699905866;0.420476547067473;6.3916900699156;0.169087446076297;0.0;0.0
FR_CRS3035RES1000mN2053000E4232000;1;2A127;13.5757042593889;2.75995783237045;7.98714900362687;2.82859742339158;6.49286143782365;11.6562864678;7.08284282156526;0.631649814126711;12.5881229063436;0.738519398540345;0.0;1.28776797746221
FR_CRS3035RES1000mN2053000E4233000;1;2A127;8.14542255563337;1.65597469942228;4.79228940217614;1.69715845403496;3.8957168626942;6.99377188068002;4.24970569293917;0.378989888476028;7.55287374380616;0.443111639124209;0.0;0.772660786477329
FR_CRS3035RES1000mN2053000E4234000;1;2A272;2.85510394984925;0.580446241171503;1.67977588731858;0.594881821359171;1.36551253494886;2.4514315352571;1.48959141490039;0.132842160139683;2.64740589102279;0.155317883442737;0.0;0.270830254452467
FR_CRS3035RES1000mN2053000E4236000;1;2A272;3.75563523667412;0.763525389838729;2.20959573554661;0.782514111288784;1.79621025449701;3.22464008870564;1.95942498217711;0.174742043126956;3.4824269185116;0.204306857539806;0.0;0.356253104841527
FR_CRS3035RES1000mN2053000E4256000;1;2A247;23.8088023602184;2.62462573258067;15.3853140810307;5.79886254660706;12.5980782952337;19.6822286693911;11.2107240649847;2.83365681913153;22.2779701571242;1.28277688415001;0.0;1.29291687169575
FR_CRS3035RES1000mN2053000E4257000;1;2A247;2.0;0.220475242128609;1.29240554382002;0.487119214051376;1.0582706433217;1.65335730639503;0.941729356678303;0.238034385456215;1.87140619843591;0.107756523385096;0.0;0.108608308148759
FR_CRS3035RES1000mN2053000E4261000;1;2A247;9.83333333333353;1.08400327379901;6.3543272571152;2.39500280241931;5.20316399633178;8.12900675644238;4.63016933700175;1.17033572849308;9.20108047564343;0.529802906643401;0.0;0.533990848398077
FR_CRS3035RES1000mN2053000E4263000;1;2A247;11.5000000000036;1.2677326422399;7.43133187696742;2.80093548079629;6.08505619910167;9.50680451177438;5.41494380090194;1.36869771637366;10.7605856410099;0.619600009464498;0.0;0.624497771855562
FR_CRS3035RES1000mN2054000E4229000;1;2A272;4.83648407600079;0.122146175563464;2.59683605951776;2.11750184091957;2.54129367739381;4.5265165272969;2.29519039860698;0.309967548703893;4.71183593202604;0.124648143974749;0.0;0.0
FR_CRS3035RES1000mN2054000E4231000;1;2A272;5.76225178530179;0.145526586493043;3.09390519744364;2.5228200013651;3.02773126085575;5.39295230393525;2.73452052444604;0.369299481366542;5.61374432019566;0.148507465106132;0.0;0.0
FR_CRS3035RES1000mN2054000E4232000;1;2A127,2A272;5.57024480172704;1.1324378076456;3.27720568804396;1.16060130603749;2.66408482251359;4.78268882881711;2.90615997921345;0.259172122965026;5.16503047229151;0.303021763150807;0.0;0.52838384994491
FR_CRS3035RES1000mN2054000E4237000;1;2A272;4.86277102526112;0.988607494812771;2.86096956792636;1.01319396252199;2.32572085157557;4.17524211007765;2.53705017368555;0.226254811946324;4.509022748419;0.264535133072862;0.0;0.461274103237149
FR_CRS3035RES1000mN2054000E4257000;1;2A247;2.54079361391809;0.280091043613707;1.64186787616512;0.618834694139267;1.34442364617438;2.10041984280665;1.19636996774371;0.302398123230034;2.37742845901635;0.136893543237434;0.0;0.137975647881408
FR_CRS3035RES1000mN2054000E4258000;1;2A247;4.9999999999996;0.551188105321478;3.23101385954978;1.21779803512834;2.64567660830403;4.13339326598724;2.35432339169557;0.595085963640489;4.67851549608941;0.269391308462719;0.0;0.271520770371877
FR_CRS3035RES1000mN2054000E4264000;1;2A247;8.77136948529507;0.37702523635202;4.78595330712091;3.60839094182215;4.11867905329818;7.6167396031137;4.65269043199689;1.15462988218139;8.13936989287451;0.464425870848227;0.0;0.0
FR_CRS3035RES1000mN2054000E4266000;1;2A247;17.1760697600869;0.738289701711009;9.37183959807411;7.06594046030179;8.06518512958054;14.9150769428677;9.11088463050637;2.26099281721927;15.9384900291269;0.90943736544806;0.0;0.0
FR_CRS3035RES1000mN2055000E4233000;1;2A127;4.52523475312965;0.919985944123488;2.66238300120897;0.942865807797198;2.16428714594122;3.88542882260001;2.36094760718843;0.210549938042238;4.1960409687812;0.246173132846783;0.0;0.429255992487405
FR_CRS3035RES1000mN2055000E4236000;1;2A272;1.92933624054825;0.392236495922091;1.13510840667428;0.40199133795188;0.922744974220237;1.65655464223784;1.00659126632801;0.0897680779166506;1.78898429574197;0.104956045942616;0.0;0.183013520393763
FR_CRS3035RES1000mN2055000E4237000;1;2A272;9.5699309075792;1.94557904761003;5.63038665639656;1.99396520357262;4.57701745450771;8.21687435174119;4.9929134530715;0.445269354980039;8.8737544784469;0.520605007511868;0.0;0.907787200857977
FR_CRS3035RES1000mN2055000E4256000;1;2A247;13.762733616568;1.51717101323219;8.89351661208529;3.35204599125053;7.28234847913529;11.3773580904606;6.48038513743272;1.63800191930868;12.8778324987338;0.741512163398281;0.0;0.747373606798753
FR_CRS3035RES1000mN2055000E4263000;1;2A247;7.28948669887641;0.803575672464024;4.71048651061507;1.77542451579732;3.85712488915245;6.02606304672834;3.43236180972396;0.867574243329149;6.82079529584673;0.392744871966412;0.0;0.395849408818926
FR_CRS3035RES1000mN2055000E4265000;1;2A247;1.0;0.0429836226810524;0.545633531359545;0.411382845959403;0.46955940690938;0.868363784684128;0.530440593090621;0.131636215315874;0.92794744384214;0.0529479315204795;0.0;0.0
FR_CRS3035RES1000mN2055000E4267000;1;2A247;2.0;0.0859672453621048;1.09126706271909;0.822765691918807;0.93911881381876;1.73672756936826;1.06088118618124;0.263272430631747;1.85589488768428;0.105895863040959;0.0;0.0
FR_CRS3035RES1000mN2056000E4227000;1;2A129;3.45876751356203;0.465017065142731;2.26803791546779;0.725712532951506;1.56931670438977;2.967887096565;1.88945080917226;0.265035130408024;3.07911923390662;0.325274218994918;0.0;0.225845286589012
FR_CRS3035RES1000mN2056000E4235000;1;2A272;8.61840626193524;1.36705964666201;4.84157348492891;2.40977313034431;4.28081017720998;7.89072681133174;4.33759608472526;0.208261038293036;8.20349456347191;0.414911698463331;0.0;0.519418412310459
FR_CRS3035RES1000mN2056000E4254000;1;2A247;15.0000000000017;1.86998910296929;9.93594110521934;3.19406979181306;8.07089088239893;12.5852495293921;6.92910911760277;1.12516154684508;13.7286691396625;1.27133086033915;0.0;1.2895889237645
FR_CRS3035RES1000mN2056000E4255000;1;2A247;8.28424611443344;1.03276333068697;5.48745209960956;1.7640306841369;4.4574164288348;6.95062030086866;3.82682968559864;0.621407678170682;7.58211159843859;0.70213451599485;0.0;0.712218135394086
FR_CRS3035RES1000mN2056000E4256000;1;2A247;10.5689221312723;1.49297591210076;6.72875466997371;2.34719154919784;5.54124301228034;8.62647658823939;5.02767911899197;0.949664426304976;9.54026946634596;0.846106499914133;0.0760651735383862;0.992781116727946
FR_CRS3035RES1000mN2056000E4258000;1;2A247;7.37791000749072;1.04221052875756;4.69718158587405;1.63851789285912;3.86820829659378;6.02193555399902;3.50970171089694;0.66293786514538;6.65983235524498;0.59064657072726;0.0530992657623848;0.693036588346325
FR_CRS3035RES1000mN2056000E4262000;1;2A247;10.7739169762126;1.52193367731081;6.85926561546845;2.39271768343336;5.64872097814763;8.79379575367772;5.12519599806498;0.968084120328426;9.72531256115272;0.862517584090793;0.0775405338694762;1.01203710220646
FR_CRS3035RES1000mN2057000E4226000;1;2A129;14.6997619326386;1.9763225268566;9.63916114073811;3.08427826504389;6.6695959936565;12.6135201604012;8.0301659389821;1.1263993042341;13.0862567441031;1.3824154307284;0.0;0.959842468003298
FR_CRS3035RES1000mN2057000E4232000;1;2A272;13.2235605881186;2.09753352485241;7.42861712177047;3.69740994149571;6.56821586545397;12.1070533115605;6.65534472266462;0.319543123671923;12.5869452074325;0.636615380686063;0.0;0.796964152886129
FR_CRS3035RES1000mN2057000E4233000;1;2A272;10.5987358613026;1.68118137637698;5.95406586325455;2.96348862167106;5.26445086964798;9.70385088440056;5.33428499165462;0.256115071392895;10.0884861278687;0.510249733433873;0.0;0.638769905509137
FR_CRS3035RES1000mN2057000E4253000;1;2A247;2.28075034247995;0.284331885802034;1.5107600719058;0.485658384772112;1.22717914294317;1.91358747829023;1.05357119953678;0.17108083888746;2.08744445613838;0.193305886341568;0.0;0.196082025302261
FR_CRS3035RES1000mN2057000E4254000;1;2A247;18.5198079125077;2.308789265698;12.2674480465754;3.94357060023431;9.9647565883214;15.5384269210195;8.5550513241863;1.38918504787391;16.9501543573929;1.56965355511477;0.0;1.59219594361423
FR_CRS3035RES1000mN2057000E4256000;1;2A247;3.0;0.423782830516804;1.90996430470352;0.66625286477968;1.57288783381734;2.44863472767424;1.42711216618266;0.269563276512849;2.70801582635868;0.240168246886008;0.0215911819370826;0.281801995812917
FR_CRS3035RES1000mN2057000E4259000;1;2A247;21.4609241997457;3.03159040095827;13.6631997224874;4.76613407630004;11.2518755254187;17.5166547611606;10.209048674327;1.92835901475912;19.3721741270651;1.71807751386881;0.154455572978216;2.01591042382602
FR_CRS3035RES1000mN2057000E4264000;1;2A139;19.5754282730593;2.46146084749714;13.6081157150822;3.50585171047997;9.38371790853008;17.6718735685356;10.1917103645292;0.894286047551499;16.9550097091201;2.35288847386;0.0;1.00926865697215
FR_CRS3035RES1000mN2057000E4265000;1;2A139;7.43700714737059;0.935146943426141;5.16993306218459;1.33192714175986;3.56501917512026;6.71381735323277;3.87198797225033;0.33975306361943;6.44146971558224;0.893898623977742;0.0;0.383436730518385
FR_CRS3035RES1000mN2057000E4267000;1;2A139;2.00613739807256;0.252256481501932;1.39459272474241;0.359288191828221;0.961666185110922;1.81105649211468;1.04447121296164;0.0916486045435152;1.7375905440067;0.241129721151522;0.0;0.103432301414362
FR_CRS3035RES1000mN2058000E4221000;1;2A035;18.4488003529506;2.99466146789359;10.5312042803402;4.92293460471683;9.17158812983802;17.0433687114512;9.2772122231126;1.28114952723026;17.7118420395901;0.445124212326348;0.0;0.124282114269113
FR_CRS3035RES1000mN2058000E4229000;1;2A038;20.2901298701298;2.72792450101848;13.3049659090348;4.25723946007648;9.20606534396416;17.4104834722382;11.0840645261656;1.55477267409264;18.0630033376366;1.90815257774149;0.0;1.32487372379894
FR_CRS3035RES1000mN2058000E4232000;1;2A272;3.75563523667412;0.595722367175373;2.10980817430892;1.05010469518983;1.86544484611391;3.43853500925034;1.8901903905602;0.0907537275533394;3.57482953461067;0.180805702063445;0.0;0.226346499870436
FR_CRS3035RES1000mN2058000E4239000;1;2A115;3.98656237572141;0.632352245544529;2.23953641864801;1.11467371152887;1.98014763651192;3.6499642355091;2.00641473920949;0.0963340082092236;3.79463926185683;0.191923113864577;0.0;0.240264132003086
FR_CRS3035RES1000mN2058000E4244000;1;2A142;2.98980213187173;0.365242198351477;1.46699788749272;1.15756204602754;1.33226647195037;2.74850435177228;1.65753565992136;0.11974628539349;2.51715173289334;0.442262525301896;0.0;0.121551494705966
FR_CRS3035RES1000mN2058000E4255000;1;2A247;8.0;0.997327521583509;5.29916858944971;1.70350388896677;4.30447513727894;6.71213308234169;3.69552486272106;0.600086158317309;7.32195687448586;0.678043125514137;0.0;0.687780759340991
FR_CRS3035RES1000mN2058000E4259000;1;2A247;10.2135891083392;1.44278123402253;6.50253020661217;2.26827766770451;5.354943349372;8.3364496616249;4.8586457589672;0.917736181666622;9.21952031643572;0.81765993018795;0.0735078202229188;0.959403265047685
FR_CRS3035RES1000mN2058000E4263000;1;2A139,2A247;24.4951416295089;3.46020681788776;15.5949487170064;5.43998609461477;12.8427034188957;19.9932181511048;11.6524382106132;2.20099687876557;22.1110770672025;1.96098507412787;0.176293019832444;2.30092659963856
FR_CRS3035RES1000mN2058000E4264000;1;2A139,2A247;9.69519972859069;1.21909744234992;6.73974525344455;1.73635703279623;4.64751105574327;8.75241866667877;5.04768867284742;0.442916585249694;8.39737466977133;1.16532437374902;0.0;0.499864476662215
FR_CRS3035RES1000mN2058000E4266000;1;2A139;10.4233146615693;1.31065234347417;7.2459038990507;1.86675841904442;4.996541740577;9.40973021355661;5.4267729209923;0.476179869020236;9.02802221350848;1.25284088728596;0.0;0.537404578992443
FR_CRS3035RES1000mN2059000E4222000;1;2A035;6.08894703006352;0.988375108523521;3.47577857632971;1.62479334521029;3.02704312669368;5.62509037511868;3.06190390336985;0.422837878867738;5.8457171155125;0.146911327501054;0.0;0.0410187760771069
FR_CRS3035RES1000mN2059000E4223000;1;2A035;9.20699670338256;1.49450575295718;5.25566764433185;2.45682330609354;4.57714214803652;8.50560668112864;4.62985455534605;0.639366205286224;8.83921274822933;0.222142203128617;0.0;0.0620238169677049
FR_CRS3035RES1000mN2059000E4225000;1;2A035;7.11219333340922;0.956205138871454;4.66372026424438;1.49226793029339;3.22695404047962;6.10280590983186;3.8852392929296;0.544986351414505;6.33153029288449;0.668854764824324;0.0;0.464401072162857
FR_CRS3035RES1000mN2059000E4226000;1;2A249;1.05429781576427;0.141746004653603;0.691340892665453;0.221210918445215;0.47835744009767;0.904668171848585;0.5759403756666;0.0807877251056431;0.938573833036344;0.0991497396879376;0.0;0.0688419188100428
FR_CRS3035RES1000mN2059000E4229000;1;2A038;1.01450649350649;0.136396225050924;0.665248295451742;0.212861973003824;0.460303267198208;0.870524173611912;0.554203226308282;0.077738633704632;0.903150166881828;0.0954076288870747;0.0;0.0662436861899471
FR_CRS3035RES1000mN2059000E4230000;1;2A272;0.97781159490429;0.131462746872123;0.641186134289506;0.205162713742662;0.443654007854663;0.839037143725051;0.534157587049627;0.0749268120952844;0.870483048427276;0.0919567162607918;0.0;0.0638476390839553
FR_CRS3035RES1000mN2059000E4233000;1;2A272;8.59211931267491;1.36288998623113;4.82680623067442;2.40242309576935;4.26775330375781;7.86665935280026;4.32436600891709;0.20762582254895;8.17847313389509;0.413646178779814;0.0;0.517834137325699
FR_CRS3035RES1000mN2059000E4236000;1;2A272;17.957007419697;2.84835728001128;10.0877318090543;5.02091833063142;8.91934515247752;16.4408401729335;9.03766226721947;0.433925356522019;17.0925120337308;0.864495385966188;0.0;1.08224189024152
FR_CRS3035RES1000mN2059000E4241000;1;2A115;2.98992178179106;0.365256815104573;1.46705659578549;1.157608370901;1.33231978838031;2.74861434511279;1.65760199341075;0.119751077561251;2.51725246765387;0.442280224357934;0.0;0.121556359117019
FR_CRS3035RES1000mN2059000E4242000;1;2A115;11.9596871271642;1.46102726041829;5.86822638314194;4.63043348360397;5.32927915352123;10.9944573804511;6.63040797364298;0.479004310245003;10.0690098706155;1.76912089743173;0.0;0.486225436468075
FR_CRS3035RES1000mN2059000E4245000;1;2A142;1.99320142124782;0.243494798900985;0.97799859166181;0.771708030685025;0.888177647966916;1.83233623451485;1.10502377328091;0.0798308569289936;1.67810115526223;0.294841683534597;0.0;0.0810343298039775
FR_CRS3035RES1000mN2060000E4221000;1;2A035;8.3317997566984;1.35244130849946;4.75607538604244;2.22328306215649;4.14204903770346;7.69708233417353;4.18975071899495;0.57858945378875;7.99897653901033;0.201025851709002;0.0;0.0561279687361215
FR_CRS3035RES1000mN2060000E4223000;1;2A035;4.50781382333688;0.731721093129289;2.57321383087706;1.20287889933054;2.24100271902091;4.16440807011171;2.26681110431597;0.31303843275026;4.32774407307487;0.108762469051585;0.0;0.0303673204749186
FR_CRS3035RES1000mN2060000E4224000;1;2A035;1.55902483665952;0.20960447650366;1.02230850348721;0.327111856668651;0.70736287106174;1.33776256363094;0.85166196559778;0.119463464738013;1.38789997936366;0.146615979290222;0.0;0.101798808290571
FR_CRS3035RES1000mN2060000E4225000;1;2A035;4.14129597666474;0.556780209541395;2.71559630921155;0.868919457911795;1.87899444773872;3.55354872624612;2.26230152892602;0.31733526897366;3.68673061865215;0.389461508804662;0.0;0.270411981444961
FR_CRS3035RES1000mN2060000E4227000;1;2A249;3.11110032517548;0.418274641734388;2.04006007014198;0.652765613299108;1.41157267442421;2.66956205498137;1.69952765075127;0.238394421470138;2.76961339907912;0.292578418329168;0.0;0.203143848723969
FR_CRS3035RES1000mN2060000E4229000;1;2A249;3.11110032517548;0.418274641734388;2.04006007014198;0.652765613299108;1.41157267442421;2.66956205498137;1.69952765075127;0.238394421470138;2.76961339907912;0.292578418329168;0.0;0.203143848723969
FR_CRS3035RES1000mN2060000E4232000;1;2A272;8.59211931267491;1.36288998623113;4.82680623067442;2.40242309576935;4.26775330375781;7.86665935280026;4.32436600891709;0.20762582254895;8.17847313389509;0.413646178779814;0.0;0.517834137325699
FR_CRS3035RES1000mN2060000E4233000;1;2A272;6.66278307212666;1.056856870695;3.74296045897912;1.86296574245253;3.30944129539069;6.10022310708659;3.35334177673597;0.161004027699523;6.34201998009669;0.32076309202997;0.0;0.401555937340546
FR_CRS3035RES1000mN2060000E4236000;1;2A272;2.90714783545254;0.46113450351963;1.6331522846702;0.812861047262708;1.44399644927677;2.66168809783625;1.46315138617577;0.0702503001461836;2.76719044548602;0.139957389966525;0.0;0.17520943747011
FR_CRS3035RES1000mN2060000E4237000;1;2A128;4.0313016288188;0.639448827635509;2.26466964803504;1.12718315314825;2.00236987159336;3.69092601117912;2.02893175722544;0.097415117989772;3.83722465507266;0.194076973746143;0.0;0.242960499649902
FR_CRS3035RES1000mN2060000E4239000;1;2A308;7.01324947362398;1.11244817846543;3.93984243289373;1.96095886226481;3.48351990026293;6.42109851568503;3.52972957336105;0.169472936502885;6.67561404981014;0.337635423813843;0.0;0.422678021436059
FR_CRS3035RES1000mN2060000E4240000;1;2A308;7.04120198272689;0.860172003957312;3.45488697193592;2.72614300683366;3.13758466616144;6.47292811953307;3.90361731656545;0.282011231829906;5.92807583603443;1.04156048885148;0.0;0.286262631363923
FR_CRS3035RES1000mN2060000E4243000;1;2A115;2.98992178179106;0.365256815104573;1.46705659578549;1.157608370901;1.33231978838031;2.74861434511279;1.65760199341075;0.119751077561251;2.51725246765387;0.442280224357934;0.0;0.121556359117019
FR_CRS3035RES1000mN2060000E4245000;1;2A142;0.996600710623911;0.121747399450492;0.488999295830906;0.385854015342513;0.444088823983458;0.916168117257426;0.552511886640454;0.0399154284644968;0.839050577631115;0.147420841767299;0.0;0.0405171649019888
FR_CRS3035RES1000mN2060000E4249000;1;2A142;8.03052855609345;1.00113339273178;5.31939058514117;1.71000457822049;4.3209013136141;6.73774704875556;3.70962724247935;0.602376128810446;7.34989797088043;0.680630585213017;0.0;0.690405378527434
FR_CRS3035RES1000mN2060000E4252000;1;2A247;6.52189034673658;0.813057591943776;4.32007455865772;1.38875819613508;3.50916435569839;5.47197449446694;3.01272599103819;0.489212015392487;5.96912498236636;0.552765364370219;0.0;0.560703836877146
FR_CRS3035RES1000mN2060000E4258000;1;2A247;18.0;2.54269698310082;11.4597858282211;3.99751718867808;9.43732700290403;14.6918083660454;8.56267299709598;1.6173796590771;16.2480949581521;1.44100948131605;0.129547091622495;1.6908119748775
FR_CRS3035RES1000mN2060000E4260000;1;2A300;21.7620030797351;3.07412108761518;13.8548830270474;4.83299896507258;11.4097299612036;17.7623988282644;10.3522731185315;1.95541228455204;19.6439495843963;1.74218070946263;0.156622455936637;2.04419196691873
FR_CRS3035RES1000mN2060000E4267000;1;2A362;6.23592950377037;0.784120587665904;4.334988184917;1.11682073118746;2.9892681041055;5.62953495758735;3.24666139966487;0.284882898649606;5.40117149964614;0.749533877295434;0.0;0.321511647533408
FR_CRS3035RES1000mN2060000E4268000;1;2A362;7.31945193838886;0.920365272226329;5.08821301680834;1.31087364935419;3.5086676662605;6.60769345333797;3.81078427212836;0.334382658346915;6.33965075755792;0.879768956294507;0.0;0.377375826703966
FR_CRS3035RES1000mN2061000E4226000;1;2A035;5.95359624952033;0.800436526635911;3.90398660053125;1.24917312235317;2.70127379447441;5.10864098781592;3.25232245504592;0.456206481702299;5.30010550027782;0.559896368483995;0.0;0.388748780002114
FR_CRS3035RES1000mN2061000E4228000;1;2A249;18.1638119771649;2.44204980655868;11.9106630012296;3.81109916937666;8.24130949518606;15.5859400726078;9.92250248197885;1.39183921937469;16.1700786770585;1.70818643683808;0.0;1.18603268518243
FR_CRS3035RES1000mN2061000E4229000;1;2A249;8.93772823389958;1.20164079721306;5.86078897559523;1.8752984610913;4.05523822048097;7.66925449426264;4.88249001341861;0.684871694537086;7.95668711600927;0.840534253739565;0.0;0.583602045099859
FR_CRS3035RES1000mN2061000E4230000;1;2A249;16.2049333685241;2.17868663514306;10.626156037759;3.40009069562203;7.35252442641284;13.9050723867844;8.85240894211126;1.24173614206207;14.4262144892795;1.52396685369666;0.0;1.05812483967767
FR_CRS3035RES1000mN2061000E4232000;1;2A272;5.68497147722237;0.901755482711499;3.19365394600422;1.58956204850665;2.82375685448104;5.20497125496401;2.86121462274133;0.137375522402766;5.41128268840908;0.273688788813289;0.0;0.342624699855589
FR_CRS3035RES1000mN2061000E4234000;1;2A349;3.01447341043827;0.478158586413681;1.69344471488444;0.842870109140152;1.49730565746565;2.75995183318856;1.51716775297262;0.0728437884319059;2.86934909804404;0.145124312394232;0.0;0.181677788817808
FR_CRS3035RES1000mN2061000E4237000;1;2A128;4.0313016288188;0.639448827635509;2.26466964803504;1.12718315314825;2.00236987159336;3.69092601117912;2.02893175722544;0.097415117989772;3.83722465507266;0.194076973746143;0.0;0.242960499649902
FR_CRS3035RES1000mN2061000E4239000;1;2A308;1.99979234830644;0.317208929120419;1.12342599253961;0.55915742664641;0.993307947752113;1.83094352021581;1.00648440055433;0.0483243442199079;1.90351732777573;0.096275020530708;0.0;0.120524483870721
FR_CRS3035RES1000mN2061000E4240000;1;2A308;8.93148562701968;1.09109409287733;4.38238718453478;3.45800434960757;3.97990178638868;8.21065275590228;4.95158384063101;0.357720069659393;7.51952923028055;1.32117819637463;0.0;0.363112801458017
FR_CRS3035RES1000mN2061000E4242000;1;2A308;3.01366477701111;0.368157322692409;1.47870650514212;1.16680094917658;1.34289975156187;2.77044111585148;1.67076502544924;0.120702021923558;2.53724199168462;0.445792375517475;0.0;0.122521639236071
FR_CRS3035RES1000mN2061000E4245000;1;2A142;4.10296660223615;0.501229337416137;2.0131911987652;1.58854606605481;1.82829652217463;3.77182872445225;2.27467008006153;0.164330276065376;3.4543387947739;0.606925907032616;0.0;0.166807601718527
FR_CRS3035RES1000mN2061000E4247000;1;2A142;0.996600710623911;0.121747399450492;0.488999295830906;0.385854015342513;0.444088823983458;0.916168117257426;0.552511886640454;0.0399154284644968;0.839050577631115;0.147420841767299;0.0;0.0405171649019888
FR_CRS3035RES1000mN2061000E4251000;1;2A247;3.02630798067367;0.377277529739208;2.00461452414836;0.644415926786097;1.62833343256983;2.5391227393043;1.39797454810384;0.227005691250935;2.76981206542563;0.256495915248044;0.0;0.26017955011843
FR_CRS3035RES1000mN2061000E4252000;1;2A247;2.99999999999951;0.373997820593755;1.98718822104332;0.638813958362435;1.61417817647934;2.51704990587772;1.38582182352017;0.225032309368954;2.74573382793175;0.25426617206776;0.0;0.25791778475283
FR_CRS3035RES1000mN2061000E4264000;1;2A139,2A247;17.6308951865418;2.21695063845548;12.2563480355186;3.15759651256767;8.45158249401167;15.916430858653;9.17931269253013;0.805451781244891;15.2707769607115;2.11916334547529;0.0;0.909012546643859
FR_CRS3035RES1000mN2061000E4265000;1;2A139;12.3203425149288;1.54918913166196;8.56464769270644;2.2065056905604;5.90590494797353;11.1222871963684;6.41443756695527;0.562843900959234;10.6711089048197;1.48085607594489;0.0;0.635211417601123
FR_CRS3035RES1000mN2061000E4269000;1;2A362;9.35326589125846;1.17610186946705;6.50204546162324;1.67511856016817;4.48360094209724;8.44373517542379;4.86966494916122;0.42729564170524;8.10121299959099;1.12422528904654;0.0;0.482235074129419
FR_CRS3035RES1000mN2062000E4228000;1;2A249;3.00942236111925;0.404604457702151;1.97338618219118;0.631431721225915;1.36543921016675;2.58231458421491;1.6439831509525;0.230603139645731;2.67909601866473;0.283016277995162;0.0;0.196504637258606
FR_CRS3035RES1000mN2062000E4229000;1;2A249;16.2049333685241;2.17868663514306;10.626156037759;3.40009069562203;7.35252442641284;13.9050723867844;8.85240894211126;1.24173614206207;14.4262144892795;1.52396685369666;0.0;1.05812483967767
FR_CRS3035RES1000mN2062000E4232000;1;2A349;4.55195425057996;0.722035232535228;2.5571573600046;1.27276165804013;2.26098091571067;4.16761827620568;2.29097333486929;0.109996522521243;4.33281175345992;0.219142497120044;0.0;0.274339451853036
FR_CRS3035RES1000mN2062000E4234000;1;2A349;2.96549498922354;0.47038958351861;1.66593004241718;0.829175363287751;1.4729778040752;2.71510881584755;1.49251718514834;0.0716602405059762;2.82272862089885;0.142766368324687;0.0;0.17872593287001
FR_CRS3035RES1000mN2062000E4235000;1;2A018;2.91325960382334;0.462103957924021;1.63658570087161;0.814569945027703;1.44703219851478;2.66728383016568;1.46622740530856;0.0703979890793836;2.77300797799484;0.140251625828501;0.0;0.175577784578274
FR_CRS3035RES1000mN2062000E4237000;1;2A191;4.05327025549921;0.642933511707553;2.27701099250216;1.13332575128949;2.01328181027606;3.71103975684007;2.03998844522315;0.0979459828461366;3.85813565695193;0.195134598547277;0.0;0.244284515813004
FR_CRS3035RES1000mN2062000E4238000;1;2A191;2.02663512774961;0.321466755853777;1.13850549625108;0.566662875644748;1.00664090513803;1.85551987842004;1.01999422261158;0.0489729914230684;1.92906782847597;0.097567299273639;0.0;0.122142257906502
FR_CRS3035RES1000mN2062000E4239000;1;2A191;8.10654051099842;1.28586702341511;4.55402198500433;2.26665150257898;4.02656362055212;7.42207951368014;4.0799768904463;0.195891965692273;7.71627131390386;0.390269197094555;0.0;0.488569031626007
FR_CRS3035RES1000mN2062000E4240000;1;2A191,2A308;20.1863778039964;2.46602172340729;9.90479379183982;7.8155622887493;8.9951218014388;18.5571970296474;11.1912560025576;0.808496231844242;16.9951634352334;2.98604323313681;0.0;0.820684542504826
FR_CRS3035RES1000mN2062000E4242000;1;2A308;1.01387242870467;0.123857358572494;0.497473961651677;0.392541108480499;0.451785163037698;0.9320458878301;0.562087265666973;0.0406071879827897;0.853591852665196;0.149975737816529;0.0;0.0412193528917813
FR_CRS3035RES1000mN2062000E4245000;1;2A142;6.11540898051803;0.747074662919064;3.00063069724201;2.36770362035695;2.72504800908274;5.6218530372438;3.3903609714353;0.244931763635;5.14863915192462;0.904613783683606;0.0;0.248624179639239
FR_CRS3035RES1000mN2062000E4251000;1;2A247;0.315794679551439;0.0393688406357869;0.20918115582429;0.0672446830913615;0.169916293326767;0.264956989480588;0.145878386224672;0.0236880020086336;0.289029378108465;0.0267653014429741;0.0;0.0271496880622167
FR_CRS3035RES1000mN2062000E4252000;1;2A247;12.0;1.49599128237526;7.94875288417457;2.55525583345016;6.45671270591841;10.0681996235125;5.54328729408159;0.900129237475964;10.9829353117288;1.01706468827121;0.0;1.03167113901149
FR_CRS3035RES1000mN2062000E4266000;1;2A362;5.24080877046541;0.658991743004362;3.64321695516934;0.938600072291707;2.512244964892;4.73118180080886;2.72856380557341;0.23942169213038;4.53926025767588;0.629924330529364;0.0;0.270205277526164
FR_CRS3035RES1000mN2062000E4268000;1;2A362;4.15728633584691;0.522747058443936;2.889992123278;0.744547154124976;1.992845402737;3.75302330505823;2.16444093310991;0.189921932433071;3.60078099976409;0.499689251530289;0.0;0.214341098355605
FR_CRS3035RES1000mN2062000E4269000;1;2A362;1.08352243461849;0.136244684560425;0.753224831891335;0.194052918166729;0.519399562155001;0.978158495750621;0.564122872463488;0.0494997596973092;0.938479257911779;0.130235078999073;0.0;0.0558641791705585
FR_CRS3035RES1000mN2063000E4232000;1;2A349;1.00482447014609;0.159386195471227;0.564481571628145;0.280956703046717;0.499101885821883;0.919983944396185;0.505722584324206;0.0242812628106353;0.956449699348013;0.0483747707980772;0.0;0.0605592629392692
FR_CRS3035RES1000mN2063000E4233000;1;2A349;18.4166520075366;2.92126653361858;10.3459469571153;5.14943851680275;9.14765316787171;16.8616755063719;9.26899883966488;0.445032521373604;17.5300281780005;0.886623829536122;0.0;1.1099439797911
FR_CRS3035RES1000mN2063000E4238000;1;2A018;5.82651920764668;0.924207915848042;3.27317140174323;1.62913989005541;2.89406439702955;5.33456766033136;2.93245481061712;0.140795978158767;5.54601595598968;0.280503251657002;0.0;0.351155569156549
FR_CRS3035RES1000mN2063000E4239000;1;2A191;1.0133175638748;0.160733377926888;0.569252748125539;0.283331437822372;0.503320452569014;0.927759939210015;0.509997111305786;0.0244864957115341;0.964533914237981;0.0487836496368193;0.0;0.0610711289532508
FR_CRS3035RES1000mN2063000E4240000;1;2A191;12.1598107664976;1.48547489766928;5.96642049204628;4.70791537678204;5.41845495953407;11.1784296533105;6.74135580696354;0.487019577266904;10.2374964604707;1.79872392204687;0.0;0.494361535920162
FR_CRS3035RES1000mN2063000E4241000;1;2A308;1.01387242870467;0.123857358572494;0.497473961651677;0.392541108480499;0.451785163037698;0.9320458878301;0.562087265666973;0.0406071879827897;0.853591852665196;0.149975737816529;0.0;0.0412193528917813
FR_CRS3035RES1000mN2063000E4244000;1;2A158;3.34934201597043;0.409164549019223;1.64341232135091;1.2967651456003;1.49247872406143;3.07902687215804;1.856863291909;0.134146424156075;2.81985284901595;0.495446987040404;0.0;0.136168719656317
FR_CRS3035RES1000mN2063000E4245000;1;2A158;5.86134852794825;0.71603796078364;2.87597156236409;2.26933900480052;2.61183776710751;5.38829702627657;3.24951076084075;0.234756242273132;4.93474248577791;0.867032227320707;0.0;0.238295259398554
FR_CRS3035RES1000mN2063000E4246000;1;2A142;1.99320142124782;0.243494798900985;0.97799859166181;0.771708030685025;0.888177647966916;1.83233623451485;1.10502377328091;0.0798308569289936;1.67810115526223;0.294841683534597;0.0;0.0810343298039775
FR_CRS3035RES1000mN2063000E4254000;1;2A247;1.50000000000073;0.186998910296999;0.993594110522304;0.319406979181425;0.807089088240194;1.25852495293968;0.692910911760536;0.11251615468455;1.37286691396677;0.127133086033963;0.0;0.128958892376499
FR_CRS3035RES1000mN2063000E4262000;1;2A139,2A300;14.8929442888821;2.10379136182384;9.48166399456765;3.30748893249062;7.80831029390069;12.1557935276915;7.08463399498142;1.3381969531448;13.4434429451236;1.1922707736106;0.107185423240029;1.39895380804585
FR_CRS3035RES1000mN2063000E4264000;1;2A139;6.12564377129787;0.770252997709152;4.25832161148249;1.09706916210622;2.9364013065866;5.52997363542973;3.18924246471127;0.279844592952362;5.30564890679323;0.736277971721053;0.0;0.315825542915768
FR_CRS3035RES1000mN2063000E4268000;1;2A362;13.2180026689488;1.66206305159143;9.18866792247246;2.3672716948849;6.33620918170741;11.9326570400354;6.88179348724138;0.60385270750922;11.4486058982237;1.58875124944379;0.0;0.681492921404136
FR_CRS3035RES1000mN2063000E4269000;1;2A362;7.23645958108989;0.909929616092356;5.03051979110527;1.29601017389227;3.46888427768814;6.53277144269872;3.76757530340175;0.330591226243842;6.26776797654498;0.869793605656792;0.0;0.373096912147325
FR_CRS3035RES1000mN2064000E4232000;1;2A349;19.4668738469585;3.14510933453767;10.7077026474435;5.61406186497737;9.84565754783398;18.9343006426801;9.62121629912453;0.408339875611182;17.5837126134393;1.75299953800718;0.0;0.124233328667204
FR_CRS3035RES1000mN2064000E4239000;1;2A118;6.05557910026365;0.978352174262746;3.33085532240336;1.74637160359755;3.06269812727695;5.88991104330994;2.9928809729867;0.127022676367817;5.46978233095304;0.545307245969883;0.0;0.0386453805858945
FR_CRS3035RES1000mN2064000E4242000;1;2A308;1.99979234830644;0.215536312471009;1.08324613405402;0.701009901781408;0.970568555520361;1.86548469670217;1.02922379278608;0.110638415621552;1.41346031108681;0.562434315170365;0.0;0.0236692359827184
FR_CRS3035RES1000mN2064000E4244000;1;2A158;1.67467100798521;0.180494946872318;0.90713463162744;0.587041429485453;0.812775897741842;1.56219876531325;0.861895110243369;0.0926510930836098;1.1836633968119;0.470995122223307;0.0;0.0198211495883495
FR_CRS3035RES1000mN2064000E4245000;1;2A158;5.02401302395564;0.541484840616956;2.72140389488233;1.76112428845636;2.43832769322553;4.68659629593976;2.58568533073011;0.27795327925083;3.5509901904357;1.41298536666992;0.0;0.0594634487650488
FR_CRS3035RES1000mN2064000E4250000;1;2A061;9.21776461702293;1.47974493828752;4.7510563417369;2.98696333699852;4.36321664194782;6.89197315428794;4.85454797507512;1.40953094706632;8.87491678713561;0.342847829887322;0.0;0.916260515668681
FR_CRS3035RES1000mN2064000E4254000;1;2A300;1.02590753894007;0.164690849785213;0.528777281849395;0.332439407305463;0.485611971338095;0.767054433576993;0.540295567601976;0.156876258512197;0.987749678764178;0.0381578601758921;0.0;0.101976846850881
FR_CRS3035RES1000mN2064000E4266000;1;2A362;5.24080877046541;0.715332990474893;2.67590661623264;1.84956916375787;2.58884039026236;4.79043475452922;2.65196838020305;0.324868942914597;4.50851367875092;0.638752621754439;0.0;0.125505073021591
FR_CRS3035RES1000mN2065000E4230000;1;2A189,2A249,2A349;16.6375401434709;2.695049930615;10.099003834493;3.84348637836291;8.51228799883391;15.3849785470259;8.125252144637;0.745080710345133;15.3526036749777;1.04968805616269;0.0605739608483031;0.507480886099873
FR_CRS3035RES1000mN2065000E4233000;1;2A349;22.6818396506563;3.66452601329779;12.4760861135475;6.54122752381099;11.4716737525956;22.0613116646712;11.2101658980607;0.475777449137209;20.4876732184488;2.04250845520148;0.0;0.14475053684786
FR_CRS3035RES1000mN2065000E4234000;1;2A118;2.00206749435797;0.323458261166237;1.10123194808943;0.577377285102301;1.01257505915252;1.94729508924381;0.989492435205453;0.0419956485072231;1.8083940816722;0.180286954148883;0.0;0.0127767566069352
FR_CRS3035RES1000mN2065000E4235000;1;2A018;1.94217306921556;0.313781591091571;1.06828717741355;0.560104300710445;0.982282573383485;1.88903925107573;0.959890495832076;0.040739294646571;1.75429364586875;0.174893437941336;0.0;0.0123945234932597
FR_CRS3035RES1000mN2065000E4241000;1;2A191;5.06658781937401;0.546073524245261;2.74446578057468;1.77604851455407;2.45899071742691;4.72631173408786;2.60759710194711;0.280308727762516;3.58108220655301;1.42495937283358;0.0;0.059967357523639
FR_CRS3035RES1000mN2065000E4242000;1;2A191;13.1731283303724;1.41979116303767;7.13561102949416;4.61772613784058;6.39337586530994;12.2884105086284;6.77975246506247;0.728802692182541;9.3108137370378;3.7048943693673;0.0;0.155915129561461
FR_CRS3035RES1000mN2065000E4244000;1;2A158,2A308;1.01387242870467;0.109274507817821;0.549193714911646;0.355404205975204;0.492067438623394;0.945779946482223;0.521804990081277;0.056092443422566;0.716608621736585;0.285147928279424;0.0;0.0120000387998811
FR_CRS3035RES1000mN2065000E4245000;1;2A158;0.837335503992606;0.0902474734361592;0.453567315813721;0.293520714742727;0.406387948870921;0.781099382656627;0.430947555121685;0.046325546541805;0.59183169840595;0.235497561111654;0.0;0.0099105747941747
FR_CRS3035RES1000mN2065000E4246000;1;2A142;2.01244237828188;0.216899724435187;1.09009839352895;0.705444260317746;0.976708053619226;1.87728514055925;1.03573432466266;0.111338277922372;1.42240139705481;0.565992090032413;0.0;0.0238189598002591
FR_CRS3035RES1000mN2065000E4247000;1;2A142;0.996600710623911;0.107412973329843;0.539837982625093;0.349349754668976;0.483684875062135;0.929668210784916;0.512915835561776;0.0551368864492954;0.704400910254886;0.280290320468896;0.0;0.0117956133896996
FR_CRS3035RES1000mN2065000E4249000;1;2A142;0.996600710623911;0.15998617000005;0.513671841613859;0.322942699010004;0.471739623068795;0.745142193203738;0.524861087555117;0.152394816081383;0.959532895909857;0.0370678147140542;0.0;0.0990637013387914
FR_CRS3035RES1000mN2065000E4254000;1;2A300;1.94079856390696;0.311560011618581;1.00033399725302;0.628904555035358;0.918674423196785;1.45110361959399;1.02212414071018;0.296776469296767;1.86861201938888;0.0721865445180826;0.0;0.192918475016208
FR_CRS3035RES1000mN2065000E4269000;1;2A362;24.0401646627468;3.28131088785832;12.2746771526742;8.48417662221427;11.8752948243807;21.9742496528452;12.1648698383661;1.49020947405907;20.6810467560321;2.93002833690005;0.0;0.575705535842549
FR_CRS3035RES1000mN2065000E4270000;1;2A362;19.6253262313317;2.67871695323414;10.0205030574853;6.92610622061223;9.69446500434606;17.9388046702564;9.93086122698562;1.21654104669052;16.8830910722298;2.39194542905179;0.0;0.469980514384826
FR_CRS3035RES1000mN2066000E4224000;1;2A189;3.78111021856566;0.612487227337633;2.29513775874617;0.873485232481858;1.93453472437724;3.49644833881298;1.84657549418842;0.16932985665238;3.48909070310057;0.238556072666826;0.0137662671505196;0.115332023100302
FR_CRS3035RES1000mN2066000E4225000;1;2A189;13.5563844552932;2.19594559475583;8.22873918952457;3.1316996710128;6.93587199257072;12.5357884772268;6.62051246272248;0.607096991055217;12.509409204306;0.855293193871279;0.0493560883494984;0.41349898701116
FR_CRS3035RES1000mN2066000E4226000;1;2A189;12.4808789572269;2.0217286736879;7.5759062553692;2.88324402816981;6.38560960612879;11.541252694156;6.09526935109811;0.55893251520307;11.5169662398001;0.787437893993879;0.0454403876287059;0.380693747867791
FR_CRS3035RES1000mN2066000E4227000;1;2A189;20.2382724702984;3.27831845011353;12.2846520289999;4.67530199118495;10.3545357294695;18.7146287912396;9.88373674082895;0.906332684897882;18.6752472795466;1.27686380956834;0.0736835081196924;0.617310994160887
FR_CRS3035RES1000mN2066000E4228000;1;2A189;25.9928884786339;4.21048614679475;15.7777098147701;6.00469251706905;13.2987779890366;24.0360070160944;12.6941104895973;1.16404225892627;23.9854276376886;1.63993140487767;0.0946349157063919;0.792839203613211
FR_CRS3035RES1000mN2066000E4231000;1;2A189;1.91183865675279;0.309691252120025;1.16048801439288;0.441659390239887;0.978156693432232;1.76790537939344;0.933681963320559;0.0856180716713499;1.76418514603229;0.120620848154111;0.0069606227208931;0.058315205688002
FR_CRS3035RES1000mN2066000E4232000;1;2A189,2A349;11.5851574794686;1.87172255890786;6.37238533465593;3.34104958590482;5.85936365937855;11.2682116519353;5.72579382009006;0.24301188785077;10.4644475174549;1.04324792305683;0.0;0.0739339396825143
FR_CRS3035RES1000mN2066000E4233000;1;2A118,2A189;12.0176804013205;1.9416018774678;6.61029342774799;3.46578509610471;6.07811848378543;11.6889016456948;5.93956191753508;0.252084549311284;10.8551295969896;1.0821967798761;0.0;0.0766942063143814
FR_CRS3035RES1000mN2066000E4234000;1;2A118;2.00206749435797;0.323458261166237;1.10123194808943;0.577377285102301;1.01257505915252;1.94729508924381;0.989492435205453;0.0419956485072231;1.8083940816722;0.180286954148883;0.0;0.0127767566069352
FR_CRS3035RES1000mN2066000E4235000;1;2A118;2.00206749435797;0.323458261166237;1.10123194808943;0.577377285102301;1.01257505915252;1.94729508924381;0.989492435205453;0.0419956485072231;1.8083940816722;0.180286954148883;0.0;0.0127767566069352
FR_CRS3035RES1000mN2066000E4240000;1;2A146;2.14932918904032;0.231653295445586;1.16424714636453;0.753428747230204;1.04314396847815;2.00497852375801;1.10618522056217;0.118911534153013;1.51915347948085;0.604491007047462;0.0;0.0254391311293009
FR_CRS3035RES1000mN2066000E4244000;1;2A158;1.67467100798521;0.180494946872318;0.90713463162744;0.587041429485453;0.812775897741842;1.56219876531325;0.861895110243369;0.0926510930836098;1.1836633968119;0.470995122223307;0.0;0.0198211495883495
FR_CRS3035RES1000mN2066000E4245000;1;2A158;12.5600325598891;1.35371210154239;6.80350973720581;4.40281072114091;6.09581923306383;11.7164907398494;6.46421332682528;0.694883198127075;8.87747547608925;3.53246341667481;0.0;0.148658621912622
FR_CRS3035RES1000mN2066000E4246000;1;2A142;3.04780361086342;0.328490281492298;1.65093214884018;1.06838118053095;1.47920475373884;2.84311068568409;1.56859885712458;0.168619588387335;2.15419838144235;0.85718366614485;0.0;0.0360733367919923
FR_CRS3035RES1000mN2066000E4248000;1;2A142;4.04440432148734;0.649255765552618;2.08458271592929;1.31056584000544;1.91441341534045;3.02393553826495;2.12999090614689;0.618448538277639;3.89397574119488;0.150428580292461;0.0;0.402020244944752
FR_CRS3035RES1000mN2066000E4250000;1;2A142;4.10296660223615;0.658656877656586;2.11476711604126;1.32954260853831;1.94213379317281;3.06772160609633;2.16083280906334;0.627403567015712;3.9503598419074;0.152606760328747;0.0;0.407841429124108
FR_CRS3035RES1000mN2067000E4220000;1;2A276;4.50439348705759;0.461598186372783;2.62406246482133;1.41873283586347;2.36370505772283;3.8365144742743;2.14068842933476;0.434497041461764;4.07386877057349;0.404552899225053;0.0259718172590477;0.23338197132153
FR_CRS3035RES1000mN2067000E4223000;1;2A189;16.391857709388;1.67979369734789;9.54917874459382;5.16288526744627;8.60171676486087;13.9613911491094;7.79014094452712;1.58117040601702;14.8251429200919;1.47220121400834;0.0945135752877209;0.849296154261596
FR_CRS3035RES1000mN2067000E4227000;1;2A189;6.72372002966914;1.08914905948676;4.08130491503777;1.55326605514461;3.44006630923336;6.21752299442311;3.28365372043578;0.301109061355663;6.20443935502863;0.424209861990642;0.0244797217809846;0.205087973890359
FR_CRS3035RES1000mN2067000E4231000;1;2A189;0.945277554641416;0.153121806834408;0.573784439686543;0.218371308120465;0.48363368109431;0.874112084703245;0.461643873547106;0.042332464163095;0.872272675775144;0.0596390181667065;0.0034415667876299;0.0288330057750755
FR_CRS3035RES1000mN2067000E4232000;1;2A189;26.297370755258;4.24865886974874;14.4647994675772;7.58391241793205;13.3002817452966;25.5779293535554;12.9970890099614;0.551617336585398;23.7534497569966;2.36808843305743;0.0;0.167824065117252
FR_CRS3035RES1000mN2067000E4233000;1;2A118;4.00413498871595;0.646916522332476;2.20246389617887;1.1547545702046;2.02515011830504;3.89459017848764;1.97898487041091;0.0839912970144465;3.61678816334441;0.360573908297768;0.0;0.0255535132138704
FR_CRS3035RES1000mN2067000E4234000;1;2A118;10.043121724511;1.62258799907889;5.52419263224153;2.89634109319059;5.0794564133982;9.76836278993167;4.9636653111128;0.210665929618459;9.07158322049648;0.904387005413728;0.0;0.064093004960879
FR_CRS3035RES1000mN2067000E4238000;1;2A310;2.51117801992485;0.40571123505716;1.38126685073024;0.724199934137455;1.27006518972695;2.44247740907696;1.2411128301979;0.0526748222829757;2.26825493249102;0.226132554378772;0.0;0.0160257885649126
FR_CRS3035RES1000mN2067000E4240000;1;2A146;4.29865837808064;0.463306590891172;2.32849429272906;1.50685749446041;2.08628793695629;4.00995704751601;2.21237044112435;0.237823068306026;3.03830695896169;1.20898201409492;0.0;0.0508782622586017
FR_CRS3035RES1000mN2067000E4242000;1;2A011,2A308;10.3571832430848;1.11629044170087;5.61027184510535;3.63062095627858;5.02670009114373;9.66158654286147;5.33048315194108;0.57301066547605;7.32049378084253;2.91292006860191;0.0;0.122586034747276
FR_CRS3035RES1000mN2067000E4243000;1;2A011;46.5070288277028;6.37100765760057;28.655443051746;11.4805781183562;24.9708456295937;39.7499980805355;21.5361831981091;0.418307528962206;43.9330733701576;2.57395545754517;0.0;6.33872321820503
FR_CRS3035RES1000mN2067000E4246000;1;2A142;4.04440432148734;0.435903254822143;2.19077013146528;1.41773093519992;1.96288962880098;3.77277889646902;2.08151469268636;0.22375647483663;2.85859929169724;1.13747398661375;0.0;0.047868950181692
FR_CRS3035RES1000mN2067000E4249000;1;2A300;6.74629678770314;1.08299560018633;3.4772027132548;2.18609847426201;3.19335062660043;5.04409672881467;3.55294616110272;1.03160739023436;6.49537334698429;0.250923440718846;0.0;0.670592668654111
FR_CRS3035RES1000mN2067000E4251000;1;2A300;1.94079856390696;0.311560011618581;1.00033399725302;0.628904555035358;0.918674423196785;1.45110361959399;1.02212414071018;0.296776469296767;1.86861201938888;0.0721865445180826;0.0;0.192918475016208
FR_CRS3035RES1000mN2067000E4262000;1;2A362;31.3425860117858;5.47942737303303;19.8762645066604;5.98689413209245;15.492461621854;27.0772000088394;15.8501243899318;1.42179533431547;27.9360532702799;2.72522619320471;0.0;2.84359066863095
FR_CRS3035RES1000mN2067000E4266000;1;2A092;19.8385819339038;2.70782483450552;10.1293893707349;7.00136772866337;9.79980847335102;18.1337340359222;10.0387734605528;1.22976040990322;17.0665486823483;2.41793715000328;0.0;0.475087488078355
FR_CRS3035RES1000mN2068000E4219000;1;2A276;22.3822789464613;2.29367602947255;13.0389359254082;7.04966699158056;11.74522299198;19.0635958852335;10.6370559544813;2.15901075502222;20.243006628139;2.01021865986439;0.129053658457856;1.15967230620559
FR_CRS3035RES1000mN2068000E4221000;1;2A276;12.658253654304;1.29718394857422;7.3741444613766;3.98692524435317;6.64248766689382;10.7813790032576;6.01576598741018;1.22102426856593;11.4483924196313;1.13687519300627;0.0729860416664022;0.655850382480508
FR_CRS3035RES1000mN2068000E4222000;1;2A276;0.917367494960991;0.0940093651072102;0.534418144616132;0.288939985237648;0.481393598019403;0.781346852303003;0.435973896941588;0.0884899295851957;0.829686571477149;0.0823914875127223;0.0052894359711191;0.0475307130727925
FR_CRS3035RES1000mN2068000E4223000;1;2A189;9.64577050786106;0.988472740090306;5.61920365231964;3.03809411545111;5.06167070007874;8.21556515328119;4.58409980778232;0.930437973575549;8.72383892592897;0.866315173269589;0.0556164086624957;0.49976738100432
FR_CRS3035RES1000mN2068000E4224000;1;2A189;1.89055510928283;0.306243613668817;1.14756887937308;0.436742616240929;0.967267362188619;1.74822416940649;0.923287747094211;0.0846649283261899;1.74454535155029;0.119278036333413;0.0068831335752598;0.0576660115501509
FR_CRS3035RES1000mN2068000E4226000;1;2A189;13.5571195355692;2.1960646675292;8.22918538400175;3.13186948403825;6.93624808272333;12.5364682167904;6.62087145284588;0.60712991023254;12.510087513482;0.855339571219095;0.0493587646299746;0.413521408546231
FR_CRS3035RES1000mN2068000E4227000;1;2A189;4.768954868147;0.772504311074459;2.8947604684723;1.10169008860024;2.43994706795878;4.40992284349012;2.32900780018823;0.213568607505795;4.40064296783973;0.300880714474928;0.0173628122294163;0.14546341715108
FR_CRS3035RES1000mN2068000E4228000;1;2A189;3.82367731350558;0.61938250424005;2.32097602878576;0.883318780479773;1.95631338686446;3.53581075878687;1.86736392664112;0.1712361433427;3.52837029206458;0.241241696308222;0.0139212454417864;0.116630411376004
FR_CRS3035RES1000mN2068000E4231000;1;2A189;15.3603623404789;2.48816490316175;9.32375560557694;3.54844183174022;7.85884372816435;14.2039534116797;7.50151861231456;0.687884722447622;14.1740637909126;0.969108939668543;0.0559240115428393;0.468524206351525
FR_CRS3035RES1000mN2068000E4235000;1;2A118;11.975881893453;1.93484882208268;6.58730226867075;3.45373080269958;6.05697827412932;11.6482466581195;5.91890361932369;0.251207777948941;10.8173745390491;1.07843280803567;0.0;0.076427457384557
FR_CRS3035RES1000mN2068000E4237000;1;2A310;11.3003010896618;1.82570055775722;6.21570082828605;3.25889970361854;5.71529335377125;10.9911483408463;5.58500773589056;0.23703670027339;10.2071471962096;1.01759649470447;0.0;0.0721160485421065
FR_CRS3035RES1000mN2068000E4243000;1;2A011,2A363;60.1825938491419;9.55879879452428;33.8002679838493;16.8235270707684;29.8105522779567;58.3884398046401;30.3720415711853;1.04247312323289;56.6459175590958;2.74511758526568;0.0;0.751680921268881
FR_CRS3035RES1000mN2068000E4245000;1;2A142;0.996600710623911;0.107412973329843;0.539837982625093;0.349349754668976;0.483684875062135;0.929668210784916;0.512915835561776;0.0551368864492954;0.704400910254886;0.280290320468896;0.0;0.0117956133896996
FR_CRS3035RES1000mN2068000E4246000;1;2A142;2.01244237828188;0.216899724435187;1.09009839352895;0.705444260317746;0.976708053619226;1.87728514055925;1.03573432466266;0.111338277922372;1.42240139705481;0.565992090032413;0.0;0.0238189598002591
FR_CRS3035RES1000mN2068000E4247000;1;2A142;3.04780361086342;0.328490281492298;1.65093214884018;1.06838118053095;1.47920475373884;2.84311068568409;1.56859885712458;0.168619588387335;2.15419838144235;0.85718366614485;0.0;0.0360733367919923
FR_CRS3035RES1000mN2068000E4250000;1;2A300;5.72038924876307;0.918304750401117;2.94842543140541;1.85365906695655;2.70773865526234;4.27704229523768;3.01265059350074;0.874731131722167;5.50762366822012;0.212765580542954;0.0;0.56861582180323
FR_CRS3035RES1000mN2068000E4251000;1;2A300;2.96670610284703;0.476250861403794;1.52911127910242;0.961343962340822;1.40428639453488;2.21815805317098;1.56241970831215;0.453652727808965;2.85636169815305;0.110344404693975;0.0;0.294895321867089
FR_CRS3035RES1000mN2068000E4252000;1;2A362;14.2236478676631;2.28334870878447;7.33120829311422;4.60909086576443;6.73274483173309;10.6347908991887;7.49090303593003;2.1750036676593;13.6946099710451;0.52903789661801;0.0;1.41385330081512
FR_CRS3035RES1000mN2068000E4259000;1;2A362;3.16216560254195;0.55282154299956;2.00532399931366;0.604020060228729;1.56304043389739;2.73182916205139;1.59912516864456;0.143445480163519;2.81847919915864;0.274949122706651;0.0;0.28689096032704
FR_CRS3035RES1000mN2068000E4262000;1;2A362;8.40297437300735;1.46903921000768;5.32884367670804;1.60509148629164;4.15354233802809;7.25942070260296;4.24943203497927;0.381184556801464;7.48968000358549;0.73063549553749;0.0;0.76236911360293
FR_CRS3035RES1000mN2068000E4266000;1;2A092;6.97986290833924;0.952701467656049;3.56385095408912;2.46331048659406;3.44789359944496;6.38004157800788;3.53196930889427;0.432669991223436;6.0045708165114;0.850709485397294;0.0;0.167151339107918
FR_CRS3035RES1000mN2068000E4267000;1;2A092;6.97986290833924;0.952701467656049;3.56385095408912;2.46331048659406;3.44789359944496;6.38004157800788;3.53196930889427;0.432669991223436;6.0045708165114;0.850709485397294;0.0;0.167151339107918
FR_CRS3035RES1000mN2068000E4270000;1;2A092,2A362;16.6531285480433;2.27303318376502;8.5029274706248;5.87716789365346;8.2262669174966;15.2220256953021;8.42686163054669;1.03229949890793;14.3261968030524;2.02969235977899;0.0;0.398803353833213
FR_CRS3035RES1000mN2068000E4271000;1;2A092;8.70747986614848;1.18850885139218;4.44595557766746;3.07301543708883;4.30129710168371;7.95919408665179;4.40618276446476;0.539762067928798;7.49078888457369;1.06127237931683;0.0;0.208523711567891
FR_CRS3035RES1000mN2069000E4220000;1;2A276;11.7201875958366;1.20105345008856;6.82766823974545;3.69146590600258;6.15023238474574;9.98240262131484;5.56995521109086;1.13053774063029;10.5999856293929;1.05262470629635;0.0675772601473291;0.607247233891473
FR_CRS3035RES1000mN2069000E4221000;1;2A276;13.4538606316519;1.37871562178717;7.8376302585227;4.23751475134202;7.05998676898609;11.4590191102329;6.39387386266581;1.29776909088602;12.1679562028534;1.20833100836845;0.0775734204300637;0.697072430532954
FR_CRS3035RES1000mN2069000E4224000;1;2A189;1.91183865675279;0.309691252120025;1.16048801439288;0.441659390239887;0.978156693432232;1.76790537939344;0.933681963320559;0.0856180716713499;1.76418514603229;0.120620848154111;0.0069606227208931;0.058315205688002
FR_CRS3035RES1000mN2069000E4226000;1;2A284;2.03255180020561;0.329245101191549;1.23376101557522;0.469545683438846;1.03991732832502;1.87953060201353;0.992634471880594;0.091023981072393;1.87557547379773;0.128236826466506;0.007400115167633;0.0619972171196846
FR_CRS3035RES1000mN2069000E4231000;1;2A189;1.89055510928283;0.306243613668817;1.14756887937308;0.436742616240929;0.967267362188619;1.74822416940649;0.923287747094211;0.0846649283261899;1.74454535155029;0.119278036333413;0.0068831335752598;0.0576660115501509
FR_CRS3035RES1000mN2069000E4236000;1;2A310;6.27794504981214;1.0142780876429;3.4531671268256;1.81049983534364;3.17516297431737;6.10619352269242;3.10278207549477;0.13168705570744;5.67063733122758;0.565331385946931;0.0;0.0400644714122816
FR_CRS3035RES1000mN2069000E4243000;1;2A363;7.01490358387588;0.756061724152864;3.79982811436923;2.45901374535379;3.40457590223449;6.54377705547476;3.6103276816414;0.388099203857461;4.95815868597864;1.97291608627497;0.0;0.0830273245436641
FR_CRS3035RES1000mN2069000E4246000;1;2A142;2.01244237828188;0.216899724435187;1.09009839352895;0.705444260317746;0.976708053619226;1.87728514055925;1.03573432466266;0.111338277922372;1.42240139705481;0.565992090032413;0.0;0.0238189598002591
FR_CRS3035RES1000mN2069000E4251000;1;2A300,2A362;5.06941471185291;0.813802594404647;2.61289758594659;1.64271453150168;2.39960072259206;3.79031918839848;2.66981398926086;0.775187609659072;4.88086164015178;0.188553071701127;0.0;0.503907913795364
FR_CRS3035RES1000mN2069000E4260000;1;2A362;1.08352243461849;0.189425418990999;0.68712832123295;0.206968694394543;0.535578963664088;0.936066783551209;0.547943470954402;0.0491518836890937;0.965757593890412;0.0942118725824627;0.0;0.0983037673781877
FR_CRS3035RES1000mN2069000E4264000;1;2A092;5.84824295567272;0.798243421145394;2.98605667633067;2.06394285819665;2.88889906860088;5.34566849026574;2.95934388707184;0.362522768932936;5.03107144662476;0.712787030437888;0.0;0.140051696474041
FR_CRS3035RES1000mN2069000E4265000;1;2A092;8.04161978899852;1.09762370349101;4.10597381836878;2.83802226713872;3.97237736095523;7.35055534501165;4.06924242804328;0.498486518892971;6.9179690398805;0.980116991164139;0.0;0.192577925093899
FR_CRS3035RES1000mN2070000E4214000;1;2A098;5.11890188726057;0.171064145056334;2.90193993196285;2.04589781024139;3.07101616890699;5.11890188726057;2.04788571835358;0.0;4.60715664776322;0.511745239497354;0.0;0.0
FR_CRS3035RES1000mN2070000E4221000;1;2A276;14.3505295631064;1.47060385351592;8.35999032612377;4.5199353834667;7.53051868287677;12.2227364328961;6.82001088022963;1.38426242212076;12.9789225555692;1.28886349668397;0.0827435108532284;0.743530708089501
FR_CRS3035RES1000mN2070000E4224000;1;2A284;2.03255180020561;0.329245101191549;1.23376101557522;0.469545683438846;1.03991732832502;1.87953060201353;0.992634471880594;0.091023981072393;1.87557547379773;0.128236826466506;0.007400115167633;0.0619972171196846
FR_CRS3035RES1000mN2070000E4225000;1;2A284;6.56807470574125;1.06393668338818;3.9868280446823;1.51730997767078;3.36043327384946;6.07359546974542;3.20764143189179;0.294138780441894;6.06081469948926;0.414389958560459;0.0239130482417157;0.200340455553928
FR_CRS3035RES1000mN2070000E4226000;1;2A284;16.9282192519748;2.74213590032262;10.2754463497971;3.91063700185504;8.66100855881407;15.653773802204;8.26721069316073;0.75809822343775;15.6208332997283;1.0680274492305;0.0616322654285535;0.516347226332997
FR_CRS3035RES1000mN2070000E4227000;1;2A284;16.0630294643853;2.60198719703447;9.75027526638675;3.71076700096408;8.21835029430483;14.8537200558938;7.84467917008048;0.719352338170959;14.822463120125;1.01344129175078;0.0584822822058014;0.489957070320494
FR_CRS3035RES1000mN2070000E4230000;1;2A189;2.85711621139421;0.462813058954434;1.73427245407942;0.660030698360352;1.46179037452654;2.64201746409669;1.39532583686767;0.127950535834445;2.63645782180744;0.180259866320818;0.0104021895085231;0.0871482114630776
FR_CRS3035RES1000mN2070000E4250000;1;2A300;1.94079856390696;0.311560011618581;1.00033399725302;0.628904555035358;0.918674423196785;1.45110361959399;1.02212414071018;0.296776469296767;1.86861201938888;0.0721865445180826;0.0;0.192918475016208
FR_CRS3035RES1000mN2070000E4251000;1;2A362;2.16704486923699;0.347879752795319;1.11694675407561;0.702218362366059;1.02576781141069;1.62026431390286;1.14127705782631;0.331372836449945;2.08644326336453;0.0806016058724565;0.0;0.215407718884184
FR_CRS3035RES1000mN2070000E4252000;1;2A362;3.16216560254195;0.507628339277294;1.62985577998317;1.02468148328149;1.4968068891807;2.36429995206045;1.66535871336126;0.483541342366262;3.04455122859995;0.117614373941997;0.0;0.314324308115238
FR_CRS3035RES1000mN2070000E4270000;1;2A092;8.57771073142728;1.17079629074036;4.37969670401037;3.02721773667654;4.2371940992485;7.84057678915814;4.34051663217878;0.531717896987588;7.37915231384679;1.04545604663682;0.0;0.20541604528155
FR_CRS3035RES1000mN2070000E4271000;1;2A092;23.1499618035276;3.15980455146932;11.8201481238346;8.17000912822369;11.4355548494247;21.1605472450379;11.7144069541029;1.43502729235385;19.9152314127456;2.82152992852002;0.0;0.554387266135789
FR_CRS3035RES1000mN2071000E4212000;1;2A098;1.02334664365521;0.0341983344374727;0.580142099783918;0.409006209433819;0.613943021037996;1.02334664365521;0.409403622617214;0.0;0.92104095685362;0.10230568680159;0.0;0.0
FR_CRS3035RES1000mN2071000E4213000;1;2A098;3.07654938479025;0.102812537107325;1.74411655253593;1.229620295147;1.84573432216885;3.07654938479025;1.2308150626214;0.0;2.76898156332777;0.307567821462482;0.0;0.0
FR_CRS3035RES1000mN2071000E4215000;1;2A098;21.5336942832573;0.719615863636178;12.2075962187871;8.606482200834;12.9188495455953;21.5336942832573;8.61484473766199;0.0;19.380934613127;2.15275967013027;0.0;0.0
FR_CRS3035RES1000mN2071000E4219000;1;2A276;10.8435219640372;1.11121510295999;6.31696121887495;3.41534564220225;5.69019731148449;9.23572265315463;5.15332465255271;1.04597394209392;9.80711068410131;0.973888773475554;0.0625225064603339;0.561825368788647
FR_CRS3035RES1000mN2071000E4220000;1;2A276;15.2258151303156;1.5603007753197;8.86989338177663;4.79562097321927;7.98982955971485;12.9682409625004;7.23598557060074;1.46869309863233;13.770549341247;1.36747548182287;0.0877903072457631;0.788881069182844
FR_CRS3035RES1000mN2071000E4221000;1;2A276;12.5568414339189;1.28679149570786;7.31506614112076;3.95498379709027;6.58927105095475;10.6950034562514;5.96757038296414;1.21124197271367;11.3566730619046;1.12776706160267;0.0724013104116298;0.650596004953861
FR_CRS3035RES1000mN2071000E4222000;1;2A276;11.720537862115;1.20108934443912;6.82787228954627;3.69157622812961;6.15041618888633;9.9827009526331;5.57012167322866;1.13057152756789;10.6003024176258;1.0526561647466;0.0675792797425978;0.607265381914015
FR_CRS3035RES1000mN2071000E4223000;1;2A276;2.73140392137652;0.279906961943174;1.59119635683335;0.860300602599992;1.43331910992951;2.32641102726926;1.29808481144701;0.263473190405131;2.47033949567015;0.245315463340963;0.0157489623654032;0.141519703702133
FR_CRS3035RES1000mN2071000E4224000;1;2A276;8.98878367446007;1.45605784324275;5.45620085739804;2.07652497381928;4.59894399871652;8.31206072549703;4.38983967574356;0.402545644822002;8.29456951472788;0.567116219173403;0.0327263661379825;0.274177304141033
FR_CRS3035RES1000mN2071000E4225000;1;2A284;12.8705234520847;2.08484565851712;7.81242086111771;2.97325693244988;6.58496396553458;11.9015627004827;6.28555948655012;0.576382005602926;11.8765180396517;0.812021165852266;0.0468590054155147;0.392578745999078
FR_CRS3035RES1000mN2071000E4226000;1;2A284;6.10558924481583;0.989020475906231;3.70609889824559;1.41046987066401;3.12381118881032;5.64592834868719;2.98177805600552;0.273427245396503;5.6340475256283;0.385211037860885;0.0222292310450972;0.186233650732132
FR_CRS3035RES1000mN2071000E4227000;1;2A284;15.0094388472531;2.43132018165161;9.11074468730776;3.46737397829373;7.67930024913226;13.8794492861678;7.33013859812085;0.672169278736907;13.8502425249517;0.946968635495599;0.0546463691896966;0.45782028234835
FR_CRS3035RES1000mN2071000E4228000;1;2A284;4.92976795226879;0.798553792396041;2.99237417453569;1.13883998533706;2.5222240917388;4.55862907217296;2.40754386053;0.220770316767923;4.54903627147612;0.311026659862389;0.0179483005514571;0.150368563327908
FR_CRS3035RES1000mN2071000E4229000;1;2A284;3.10200949778982;0.502482362758793;1.88292292867025;0.716604206360778;1.58708547012386;2.86847389485611;1.51492402766596;0.138917617639384;2.86243771644769;0.195710561288173;0.0112937970547241;0.0946179852943206
FR_CRS3035RES1000mN2071000E4231000;1;2A071;7.81668149767344;1.26619360472056;4.74473364074757;1.80575425220532;3.9992597180578;7.22820057013258;3.81742177961565;0.350055269745734;7.21299014472435;0.493166485921637;0.0284589762020522;0.238425657795122
FR_CRS3035RES1000mN2071000E4250000;1;2A362;2.07864316792346;0.333688462879635;1.07138240294537;0.673572302098457;0.983922983475356;1.55416779510903;1.09472018444811;0.31785492414129;2.00132959691769;0.0773135710057689;0.0;0.206620448673146
FR_CRS3035RES1000mN2071000E4251000;1;2A362;17.6732479069668;2.83711943404787;9.1092146562755;5.72691381664345;8.36560842989414;13.2140009193715;9.30763947707267;2.7024979368686;17.0159047284727;0.657343178494091;0.0;1.75674905072677
FR_CRS3035RES1000mN2071000E4264000;1;2A092;5.84824295567272;0.798243421145394;2.98605667633067;2.06394285819665;2.88889906860088;5.34566849026574;2.95934388707184;0.362522768932936;5.03107144662476;0.712787030437888;0.0;0.140051696474041
FR_CRS3035RES1000mN2071000E4265000;1;2A092;5.71847382095152;0.780530860493574;2.91979780267358;2.01814515778436;2.82479606616566;5.22705119277209;2.89367775478585;0.354478597991725;4.91943487589786;0.696970697757883;0.0;0.1369440301877
FR_CRS3035RES1000mN2072000E4211000;1;2A098;2.04886195629495;0.341959339922085;1.00007535677751;0.70682725959536;1.02453430211613;1.75636297496898;1.02432765417882;0.219380708275016;1.82896445034679;0.171031393515234;0.0;0.0731182730509509
FR_CRS3035RES1000mN2072000E4212000;1;2A098;5.11890188726057;0.854355416730451;2.49860055992674;1.76594591060338;2.55970908950318;4.38811883819714;2.55919279775739;0.548103457222805;4.56950725638097;0.427306935128579;0.0;0.182679591840625
FR_CRS3035RES1000mN2072000E4215000;1;2A098;3.07220859995016;0.512758032191541;1.49958375782725;1.05986680993137;1.53625923124515;2.63361492937837;1.53594936870501;0.328954957924279;2.74247871902485;0.256456574053016;0.0;0.109638712647509
FR_CRS3035RES1000mN2072000E4216000;1;2A098;2.04886195629495;0.179784422474353;1.17117226815933;0.697905265661262;0.913803836007849;1.5635051154892;1.1350581202871;0.275122508540575;1.67425290172198;0.362536041262456;0.0;0.210234332265171
FR_CRS3035RES1000mN2072000E4217000;1;2A098;7.16993251254007;0.629150330009611;4.09848311032432;2.44229907220613;3.19782980680877;5.47144043874031;3.97210270573131;0.962783174755126;5.85899907867822;1.26868427676591;0.0;0.73570889904464
FR_CRS3035RES1000mN2072000E4218000;1;2A098;7.16993251254007;0.629150330009611;4.09848311032432;2.44229907220613;3.19782980680877;5.47144043874031;3.97210270573131;0.962783174755126;5.85899907867822;1.26868427676591;0.0;0.73570889904464
FR_CRS3035RES1000mN2072000E4219000;1;2A098,2A276;2.69035706064206;0.236074611523365;1.5378642622505;0.916418186868199;1.19991422296271;2.05303583966826;1.49044283767935;0.361262886022926;2.19845856457483;0.476045443350143;0.0;0.276058334950873
FR_CRS3035RES1000mN2072000E4220000;1;2A276;8.09211474300553;0.710070374042326;4.62562172558933;2.75642264337387;3.6091282142532;6.17516605105697;4.48298652875233;1.0866144010599;6.61257170006911;1.43185988463366;0.0;0.830334290888658
FR_CRS3035RES1000mN2072000E4221000;1;2A276;6.35947677420758;0.558034110388538;3.63520969046833;2.16623297335071;2.83636203669991;4.85297432448248;3.52311473750767;0.853954654070232;5.19672514292017;1.12527812190479;0.0;0.652547795654871
FR_CRS3035RES1000mN2072000E4223000;1;2A276;1.81403642641553;0.159178850614378;1.03694109284485;0.617916482956299;0.809070342696063;1.38430762681219;1.00496608371947;0.243589984520936;1.48236231407595;0.320984819264175;0.0;0.186138815082408
FR_CRS3035RES1000mN2072000E4224000;1;2A276;8.9273885164976;1.10879850663268;5.23367118965972;2.5849188202052;4.50822681850999;7.86334381368811;4.41916169798761;0.634323648867371;8.56886645353801;0.236027389487775;0.0409293453982768;0.429721053942125
FR_CRS3035RES1000mN2072000E4225000;1;2A276,2A284;7.0507505212907;0.875716524961303;4.13349433606084;2.04153966026856;3.56054657327454;6.21038004462257;3.49020394801616;0.500981646497589;6.7675938492544;0.186411763797942;0.0323255342667896;0.33938883017054
FR_CRS3035RES1000mN2072000E4226000;1;2A284;14.3421600406011;1.78132335178623;8.40807473129121;4.15276195752366;7.24262312667521;12.6327352306641;7.09953691392589;1.0190629961698;13.7661818813051;0.379186207449502;0.0657544164202483;0.690361813767198
FR_CRS3035RES1000mN2072000E4228000;1;2A284;2.13891539516843;0.265657329866813;1.25393667589639;0.619321389405222;1.08012726557186;1.88398064109328;1.05878812959657;0.151977772175431;2.05301699850353;0.0565498651844132;0.0098062727778409;0.10295698189972
FR_CRS3035RES1000mN2072000E4229000;1;2A284;4.17146719537404;0.518104100448914;2.44551781729837;1.20784527762676;2.10654215932991;3.67427503621363;2.06492503604413;0.296398021393417;4.00394194185897;0.110287628978905;0.0191249010101364;0.200794137766998
FR_CRS3035RES1000mN2072000E4231000;1;2A071;7.86181221723472;0.976451918697983;4.60897831698699;2.27638198154974;3.97012324649359;6.92477227226395;3.89168897074113;0.558610550345229;7.54608347645962;0.20785507551821;0.036044004033313;0.37842939462554
FR_CRS3035RES1000mN2072000E4244000;1;2A357;3.76803475802963;0.534808159376024;2.04454614376565;1.18868045488796;2.37691390484293;3.00982485456392;1.3911208531867;0.529455091294927;3.24497157482397;0.523063183205665;0.0;0.228754812170793
FR_CRS3035RES1000mN2072000E4246000;1;2A278,2A285;65.8933739760748;11.2096397133669;40.6258421879515;14.0578920747563;31.3274738506396;62.4225998101027;34.5659001254352;2.60681194085431;60.9718697691539;4.46842604005327;0.122706009312563;0.863962225117807
FR_CRS3035RES1000mN2072000E4247000;1;2A285;6.32872216273687;0.898253988725266;3.43398225433412;1.9964859196775;3.99222105805708;5.05524669655533;2.3365011046798;0.889263073625217;5.45019482086161;0.878527341875268;0.0;0.384212392556338
FR_CRS3035RES1000mN2072000E4249000;1;2A254;1.10042794197515;0.0;0.555764820747456;0.544663121227694;0.345670160847456;1.05913074662713;0.754757781127694;0.0412971953480204;1.05913074662713;0.0412971953480204;0.0;0.0
FR_CRS3035RES1000mN2072000E4252000;1;2A362;4.07429397854794;0.0;2.05769880633517;2.01659517221277;1.27983105588598;3.92139263179065;2.79446292266196;0.152901346757294;3.92139263179065;0.152901346757294;0.0;0.0
FR_CRS3035RES1000mN2072000E4253000;1;2A362;1.08352243461849;0.0;0.547226791216095;0.536295643402395;0.340359745486051;1.04285967430536;0.743162689132439;0.0406627603131263;1.04285967430536;0.0406627603131263;0.0;0.0
FR_CRS3035RES1000mN2072000E4270000;1;2A092;7.77549212021041;1.21451804993584;4.47887215681147;2.08210191346311;3.6824789917515;7.0769261221753;4.09301312845892;0.402147702317741;6.67123853241742;0.598496208202955;0.404450890997768;0.296418295717383
FR_CRS3035RES1000mN2073000E4213000;1;2A098;14.3528942782121;2.39552803363309;7.00582868551561;4.95153755906341;7.17717095458516;12.303850933658;7.17572332362694;1.53682784868758;12.8124461063773;1.19812635587151;0.0;0.512215495866557
FR_CRS3035RES1000mN2073000E4214000;1;2A098;16.3952467806825;2.73640093211569;8.0027266957979;5.65611915276892;8.1984502015177;14.0546337553865;8.1967965791648;1.75551156096142;14.6355997408223;1.36861436433574;0.0;0.585101464334618
FR_CRS3035RES1000mN2073000E4216000;1;2A098;1.02334664365521;0.0897970625865504;0.584966305846316;0.348583275222343;0.456418298785215;0.780925092272686;0.566928344869996;0.1374156491334;0.836240373512277;0.181076152978543;0.0;0.105005902249124
FR_CRS3035RES1000mN2073000E4217000;1;2A098;2.04669328731041;0.1795941251731;1.16993261169263;0.697166550444683;0.912836597570425;1.56185018454536;1.13385668973999;0.274831298266799;1.67248074702455;0.362152305957084;0.0;0.210011804498248
FR_CRS3035RES1000mN2073000E4222000;1;2A276;1.81403642641553;0.159178850614378;1.03694109284485;0.617916482956299;0.809070342696063;1.38430762681219;1.00496608371947;0.243589984520936;1.48236231407595;0.320984819264175;0.0;0.186138815082408
FR_CRS3035RES1000mN2073000E4223000;1;2A276;1.83473498992198;0.16099511709081;1.04877282386754;0.624967048963634;0.818302017223443;1.40010288809184;1.01643297269854;0.24636940101485;1.49927640138461;0.324647328224524;0.0;0.188262700815294
FR_CRS3035RES1000mN2073000E4224000;1;2A276;10.7421202067645;1.33419160836545;6.29755554360721;3.11037305479183;5.42464510358211;9.46177981586205;5.3174751031824;0.763266981551738;10.3107188971909;0.284006300978285;0.0492493350591807;0.517073409350716
FR_CRS3035RES1000mN2073000E4225000;1;2A091,2A276;4.54544034779205;0.564552271955679;2.66475914525216;1.31612893058421;2.29539422866889;4.00367477826779;2.25004611912316;0.322970183474394;4.36289641038655;0.120174944484511;0.0208394535130003;0.218795386049869
FR_CRS3035RES1000mN2073000E4226000;1;2A091,2A232,2A284;5.08074326881394;0.631037905277039;2.97857986340682;1.47112550013008;2.56571594482563;4.4751755877921;2.51502732398831;0.361005416452602;4.87670167762106;0.134327588429657;0.0232936536530214;0.244562264569241
FR_CRS3035RES1000mN2073000E4228000;1;2A284;7.73596215408928;0.960821103278958;4.5351988630645;2.23994218774582;3.90657043609053;6.81392212682017;3.82939171799875;0.549668442458126;7.42528752563147;0.204527779768036;0.0354670199921956;0.372371584810989
FR_CRS3035RES1000mN2073000E4230000;1;2A071;3.91286629640906;0.485985380617649;2.29391333945672;1.13296757633469;1.97595172900975;3.44649646744935;1.93691456739931;0.27802348044802;3.75572640112152;0.103450590914627;0.0179392949961847;0.188346348511691
FR_CRS3035RES1000mN2073000E4231000;1;2A071;10.6996765216464;1.32892002254974;6.27267298231002;3.09808351678663;5.4032115388647;9.42439494253803;5.29646498278171;0.760251202282611;10.2699797416248;0.282884150622652;0.0490547437467309;0.515030376825758
FR_CRS3035RES1000mN2073000E4243000;1;2A357;4.71004344753704;0.668510199220031;2.55568267970707;1.48585056860995;2.97114238105367;3.7622810682049;1.73890106648338;0.66181886411866;4.05621446852996;0.653828979007082;0.0;0.285943515213491
FR_CRS3035RES1000mN2073000E4245000;1;2A278;3.66093937582885;0.519607799530506;1.98643589140476;1.15489568489359;2.30935706966379;2.92427937426546;1.35158230616507;0.514406876774202;3.15274273582617;0.508196640002688;0.0;0.222253124789196
FR_CRS3035RES1000mN2073000E4246000;1;2A278;13.1793817529838;1.87058807830981;7.15116920905711;4.15762446561689;8.3136854507896;10.5274057473556;4.86569630219423;1.85186475638712;11.3498738489741;1.82950790400967;0.0;0.800111249241103
FR_CRS3035RES1000mN2073000E4250000;1;2A254;1.10042794197515;0.0;0.555764820747456;0.544663121227694;0.345670160847456;1.05913074662713;0.754757781127694;0.0412971953480204;1.05913074662713;0.0412971953480204;0.0;0.0
FR_CRS3035RES1000mN2073000E4270000;1;2A092;6.7802307016108;1.05905998521063;3.90557742670327;1.8155932896969;3.21112242568058;6.17108101002178;3.56910827593023;0.350672877765479;5.81732134969246;0.521888814613771;0.35268125876034;0.258476813823556
FR_CRS3035RES1000mN2073000E4271000;1;2A092;9.63946761208656;1.50566770895708;5.55256727507199;2.5812326280575;4.56525920474049;8.77343827158198;5.07420840734608;0.498552334930795;8.27049745167787;0.741970376374439;0.501407654226654;0.367477005573802
FR_CRS3035RES1000mN2074000E4214000;1;2A098;10.2530016966377;1.71124739840575;5.0046194172826;3.53713488094936;5.12701790649482;8.78926591756981;5.12598379014288;1.09783422316106;9.15258129269307;0.855882536401377;0.0;0.365901555906822
FR_CRS3035RES1000mN2074000E4215000;1;2A098;2.04886195629495;0.341959339922085;1.00007535677751;0.70682725959536;1.02453430211613;1.75636297496898;1.02432765417882;0.219380708275016;1.82896445034679;0.171031393515234;0.0;0.0731182730509509
FR_CRS3035RES1000mN2074000E4216000;1;2A098;24.6298168973134;2.16122779425316;14.0789175333895;8.38967156967076;10.9850354201686;18.795236347767;13.6447814771448;3.30730774167804;20.1265596652387;4.35812490321125;0.0;2.52727280786832
FR_CRS3035RES1000mN2074000E4217000;1;2A098;17.4424867231038;1.53055084672496;9.97048955644513;5.9414463199337;7.77944615942377;13.3105195958353;9.66304056368003;2.34218839766243;14.2533438720357;3.08636219582218;0.0;1.7897787296061
FR_CRS3035RES1000mN2074000E4218000;1;2A098;9.21662579985048;0.808744455182711;5.26841572201695;3.13946562265082;4.11066640437919;7.03329062328567;5.10595939547129;1.23761447302193;7.53147982570277;1.630836582723;0.0;0.945720703542888
FR_CRS3035RES1000mN2074000E4221000;1;2A276;1.81403642641553;0.159178850614378;1.03694109284485;0.617916482956299;0.809070342696063;1.38430762681219;1.00496608371947;0.243589984520936;1.48236231407595;0.320984819264175;0.0;0.186138815082408
FR_CRS3035RES1000mN2074000E4225000;1;2A091;2.04722537006951;0.254269255659567;1.20018350475877;0.592772609651177;1.03382487497052;1.80321903983597;1.01340049509899;0.145462860095823;1.96500922571059;0.0541257120038751;0.0093859020613749;0.0985434701377224
FR_CRS3035RES1000mN2074000E4226000;1;2A232;3.96397578426103;0.492333275491978;2.32387621758114;1.14776629118791;2.001761422784;3.49151427689932;1.96221436147703;0.281654996738153;3.80478334258911;0.104801852705627;0.0181736163632403;0.190806510623556
FR_CRS3035RES1000mN2074000E4227000;1;2A232;2.0113699881289;0.249815949535718;1.17916332857734;0.582390710015841;1.01571832632487;1.77163721775562;0.995651661804028;0.142915203895796;1.93059378843888;0.0531777469653994;0.0092215161035864;0.0968175664774815
FR_CRS3035RES1000mN2074000E4228000;1;2A071;2.94591680767685;0.365888428735898;1.72704032035579;0.852988058585157;1.48765354313027;2.59479652559958;1.45826326454658;0.209318178014998;2.82760940241003;0.0778858288153583;0.0135061273868809;0.141802104062271
FR_CRS3035RES1000mN2074000E4229000;1;2A071;6.83181657076578;0.848524515008491;4.0051445608513;1.97814749490599;3.44998748811601;6.01754056841012;3.38182908264977;0.485425587511102;6.55745224057156;0.180623463141244;0.0313217890770419;0.328850414844554
FR_CRS3035RES1000mN2074000E4230000;1;2A071;1.96092750673633;0.243550898122803;1.14959148221809;0.567785126395441;0.990245463013734;1.72720691506718;0.970682043722597;0.139331080857381;1.88217706659024;0.0518441198716113;0.0089902527571053;0.0943895108117721
FR_CRS3035RES1000mN2074000E4233000;1;2A211;16.0245967217884;1.48452892552825;6.82257648633522;7.71749130992492;7.36874494395843;13.781240587298;8.65585177782996;0.752847045954312;14.5250265821412;1.4995701396472;0.0;1.49050908853611
FR_CRS3035RES1000mN2074000E4271000;1;2A092;2.85923691047576;0.446607723746444;1.64698984836872;0.765639338360596;1.35413677905991;2.6023572615602;1.50510013141585;0.147879457165316;2.45317610198541;0.220081561760668;0.148726395466315;0.109000191750246
FR_CRS3035RES1000mN2075000E4215000;1;2A098;8.19979895550264;1.36856357242734;4.00242526868785;2.82881011438746;4.10031299305315;7.02918185551048;4.09948596244949;0.877988727861344;7.31974193943505;0.684488790274795;0.0;0.292628372130813
FR_CRS3035RES1000mN2075000E4216000;1;2A098;5.12975902453703;0.450128306997676;2.93227735202916;1.74735336551019;2.28790107601715;3.91456557209653;2.84185794851988;0.688827359355835;4.19184606633852;0.907685617214072;0.0;0.526366093084667
FR_CRS3035RES1000mN2075000E4217000;1;2A098;8.19761994103537;0.719328289656191;4.68593069940748;2.79236095197169;3.65618411979248;6.25567802323916;4.54143582124289;1.10078170728415;6.69878657823866;1.45052851026206;0.0;0.841160210512067
FR_CRS3035RES1000mN2075000E4224000;1;2A091;1.02361268503476;0.127134627829784;0.600091752379386;0.29638630482559;0.516912437485264;0.901609519917987;0.506700247549497;0.0727314300479117;0.9825046128553;0.0270628560019377;0.0046929510306875;0.0492717350688615
FR_CRS3035RES1000mN2075000E4225000;1;2A091;1.02361268503476;0.127134627829784;0.600091752379386;0.29638630482559;0.516912437485264;0.901609519917987;0.506700247549497;0.0727314300479117;0.9825046128553;0.0270628560019377;0.0046929510306875;0.0492717350688615
FR_CRS3035RES1000mN2075000E4227000;1;2A232;6.95164867045599;0.863407888005826;4.07539599066037;2.01284479178979;3.51050129733843;6.12309002422679;3.44114737311756;0.493940097055127;6.6724719081031;0.18379165254114;0.0318711825966537;0.334618549174075
FR_CRS3035RES1000mN2075000E4228000;1;2A232;17.7222941068548;2.20114238374102;10.3896744171397;5.13147730597404;8.94955130835835;15.6099951819023;8.77274279849646;1.25923390064032;17.010570467649;0.468552119810349;0.0812512971076428;0.853065024312142
FR_CRS3035RES1000mN2075000E4229000;1;2A232;11.8057125264616;1.46629178229278;6.92108531055477;3.41833543361405;5.96174678911521;10.3986038458593;5.8439657373464;0.838839111059804;11.3315975709096;0.312126161364494;0.0541255804847484;0.568269569542509
FR_CRS3035RES1000mN2075000E4234000;1;2A211;3.03022197215697;0.280721708417274;1.29013675255268;1.45936351118701;1.39341621034638;2.60600742447584;1.63680576181059;0.142362001361468;2.74665599762165;0.283565974535321;0.0;0.281852546319662
FR_CRS3035RES1000mN2075000E4236000;1;2A211;7.07865534726064;0.655771174731994;3.01378364557693;3.40910052695172;3.2550463955969;6.08768220934517;3.82360895166374;0.332560304638925;6.41623991354348;0.662415433717158;0.0;0.658412833276543
FR_CRS3035RES1000mN2075000E4249000;1;2A254;1.10042794197515;0.0;0.555764820747456;0.544663121227694;0.345670160847456;1.05913074662713;0.754757781127694;0.0412971953480204;1.05913074662713;0.0412971953480204;0.0;0.0
FR_CRS3035RES1000mN2075000E4252000;1;2A254;3.01502217493769;0.0;1.52271965722376;1.49230251771393;0.947089000937867;2.90187350341856;2.06793317399982;0.113148671519127;2.90187350341856;0.113148671519127;0.0;0.0
FR_CRS3035RES1000mN2075000E4269000;1;2A269;0.977489494772878;0.152682121809185;0.563057670695123;0.261749702268571;0.462939769407355;0.889669854044289;0.514549725365525;0.0505556623664877;0.838669177686157;0.0752394507171024;0.050845205806877;0.0372639783621029
FR_CRS3035RES1000mN2076000E4215000;1;2A098;5.1254113410852;0.855441858169946;2.501777906422;1.76819157649326;2.56296414468681;4.39369899143768;2.56244719639839;0.548800453223996;4.57531807228286;0.427850320179596;0.0;0.182911896423518
FR_CRS3035RES1000mN2076000E4217000;1;2A098;5.1254113410852;0.449746804595287;2.92979212540183;1.74587241108808;2.28596198499942;3.91124781547726;2.83944935608579;0.688243549610169;4.1882933030044;0.906916316021063;0.0;0.52591997599777
FR_CRS3035RES1000mN2076000E4218000;1;2A098;9.23835042963202;0.810650757365121;5.28083397394358;3.14686569832331;4.12035571017611;7.04986888503297;5.11799471945591;1.24053167035884;7.54923237576541;1.63468064906172;0.0;0.947949874240209
FR_CRS3035RES1000mN2076000E4226000;1;2A091;4.09445074013903;0.508538511319135;2.40036700951754;1.18554521930236;2.06764974994105;3.60643807967194;2.02680099019798;0.290925720191646;3.93001845142119;0.10825142400775;0.01877180412275;0.197086940275445
FR_CRS3035RES1000mN2076000E4229000;1;2A232;1.98198789213051;0.246166637745989;1.16193810879057;0.573883145593955;1.000880711392;1.74575713844966;0.981107180738515;0.140827498369076;1.90239167129455;0.0524009263528133;0.0090868081816201;0.0954032553117778
FR_CRS3035RES1000mN2076000E4230000;1;2A232;2.0113699881289;0.249815949535718;1.17916332857734;0.582390710015841;1.01571832632487;1.77163721775562;0.995651661804028;0.142915203895796;1.93059378843888;0.0531777469653994;0.0092215161035864;0.0968175664774815
FR_CRS3035RES1000mN2076000E4234000;1;2A211;4.00004787538628;0.370567002565169;1.70304645119206;1.92643442162905;1.83938061400741;3.44006299119247;2.16066726137887;0.187925117801298;3.6257262961772;0.37432157920908;0.0;0.372059766392512
FR_CRS3035RES1000mN2076000E4236000;1;2A211;8.07245451352419;0.747837367354372;3.43690011718649;3.88771702898333;3.712034656135;6.942354913034;4.36041985738919;0.379249702168417;7.31704007456474;0.755414438959443;0.0;0.750849898321766
FR_CRS3035RES1000mN2076000E4247000;1;2A254,2A278;2.56480369230669;0.364030066049774;1.39166961967295;0.809104006583969;1.61790374848457;2.04870984370078;0.946899943822129;0.360386371216464;2.20876812741793;0.356035564888765;0.0;0.155707477389453
FR_CRS3035RES1000mN2076000E4248000;1;2A254;3.82918846592509;0.0;1.93390967295262;1.89527879297247;1.20283768018083;3.68548551358288;2.62635078574426;0.143702952342213;3.68548551358288;0.143702952342213;0.0;0.0
FR_CRS3035RES1000mN2076000E4249000;1;2A254;2.20085588395029;0.0;1.11152964149491;1.08932624245538;0.691340321694909;2.11826149325425;1.50951556225538;0.0825943906960403;2.11826149325425;0.0825943906960403;0.0;0.0
FR_CRS3035RES1000mN2076000E4250000;1;2A254;1.10042794197515;0.0;0.555764820747456;0.544663121227694;0.345670160847456;1.05913074662713;0.754757781127694;0.0412971953480204;1.05913074662713;0.0412971953480204;0.0;0.0
FR_CRS3035RES1000mN2076000E4251000;1;2A254;2.20085588395029;0.0;1.11152964149491;1.08932624245538;0.691340321694909;2.11826149325425;1.50951556225538;0.0825943906960403;2.11826149325425;0.0825943906960403;0.0;0.0
FR_CRS3035RES1000mN2076000E4252000;1;2A254;3.30128382592544;0.0;1.66729446224236;1.63398936368308;1.03701048254237;3.17739223988138;2.26427334338308;0.123891586044061;3.17739223988138;0.123891586044061;0.0;0.0
FR_CRS3035RES1000mN2077000E4213000;1;2A098;4.10641238088182;0.685368803349519;2.00439166448887;1.41665191304343;2.05341327653708;3.52017403787294;2.05299910434474;0.439691729264293;3.66568486472282;0.34278806812367;0.0;0.146546613744581
FR_CRS3035RES1000mN2077000E4217000;1;2A098;9.22313525367511;0.809315649543994;5.2721366617205;3.14168294241061;4.11356965701512;7.03825804645568;5.10956559666;1.23848856669132;7.53679910644837;1.63198839854598;0.0;0.946388640528114
FR_CRS3035RES1000mN2077000E4223000;1;2A091;3.07083805510427;0.269461221900745;1.75535514195898;1.04602169124455;1.36961086416366;2.3433843325769;1.70122719094062;0.412354120025704;2.5093733175533;0.543369683074605;0.0;0.315099602501666
FR_CRS3035RES1000mN2077000E4227000;1;2A091;1.02361268503476;0.127134627829784;0.600091752379386;0.29638630482559;0.516912437485264;0.901609519917987;0.506700247549497;0.0727314300479117;0.9825046128553;0.0270628560019377;0.0046929510306875;0.0492717350688615
FR_CRS3035RES1000mN2077000E4229000;1;2A232;1.00568499406445;0.124907974767859;0.58958166428867;0.291195355007921;0.507859163162437;0.885818608877811;0.497825830902014;0.0714576019478981;0.965296894219441;0.0265888734826997;0.0046107580517932;0.0484087832387407
FR_CRS3035RES1000mN2077000E4230000;1;2A232;1.98198789213051;0.246166637745989;1.16193810879057;0.573883145593955;1.000880711392;1.74575713844966;0.981107180738515;0.140827498369076;1.90239167129455;0.0524009263528133;0.0090868081816201;0.0954032553117778
FR_CRS3035RES1000mN2077000E4234000;1;2A211;18.7195899916153;1.73419483179859;7.96998743419092;9.01540772562577;8.60800970523866;16.0989494992567;10.1115802863766;0.879459762472616;16.9678243362777;1.75176565533763;0.0;1.74118072988599
FR_CRS3035RES1000mN2077000E4245000;1;2A024;1.96973153969492;0.279569740423519;1.06878181395618;0.621379985315226;1.24252629982553;1.57337904921354;0.727205239869395;0.27677143634445;1.69630145866452;0.273430081030404;0.0;0.119581054136936
FR_CRS3035RES1000mN2077000E4248000;1;2A254;1.91459423296254;0.0;0.966954836476306;0.947639396486234;0.601418840090411;1.84274275679143;1.31317539287213;0.0718514761711065;1.84274275679143;0.0718514761711065;0.0;0.0
FR_CRS3035RES1000mN2077000E4249000;1;2A254;3.30128382592544;0.0;1.66729446224236;1.63398936368308;1.03701048254237;3.17739223988138;2.26427334338308;0.123891586044061;3.17739223988138;0.123891586044061;0.0;0.0
FR_CRS3035RES1000mN2077000E4256000;1;2A254;1.91459423296254;0.26068566998819;1.37912004804194;0.274788514932412;0.889780940638205;1.69292395012034;1.02481329232434;0.133589721490513;1.86959257078171;0.0;0.0;0.088080561351682
FR_CRS3035RES1000mN2077000E4270000;1;2A269;5.9781965418316;0.933783674893878;3.44358628691294;1.60082658002479;2.83127843659375;5.4411032274625;3.14691810523786;0.309191748397835;5.12918983231537;0.460154535155186;0.310962557806326;0.227901565971277
FR_CRS3035RES1000mN2078000E4213000;1;2A098;6.14658586888486;1.02587801976626;3.00022607033252;2.12048177878608;3.0736029063484;5.26908892490696;3.07298296253646;0.65814212482505;5.48689335104038;0.513094180545704;0.0;0.219354819152853
FR_CRS3035RES1000mN2078000E4214000;1;2A098;4.09772391258991;0.683918679844172;2.00015071355502;1.41365451919072;2.04906860423227;3.51272594993797;2.04865530835764;0.438761416550033;3.65792890069359;0.34206278703047;0.0;0.146236546101902
FR_CRS3035RES1000mN2078000E4215000;1;2A098;5.12107055624512;0.854717372113628;2.49965911460476;1.76669406952673;2.56079353336129;4.38997790434736;2.56027702288384;0.548335666199297;4.57144316937165;0.427487967568251;0.0;0.18275698569846
FR_CRS3035RES1000mN2078000E4217000;1;2A098;18.4441087369774;1.61844160712909;10.5430376103648;6.28262951948353;8.22617515241204;14.0748664263606;10.2179335845654;2.47668684945891;15.0718316954852;3.26359428246198;0.0;1.8925554611579
FR_CRS3035RES1000mN2078000E4224000;1;2A091;11.2597395353823;1.39848090612762;6.60100927617321;3.26024935308147;5.68603681233787;9.9177047190978;5.57370272304443;0.800045730527025;10.8075507414082;0.297691416021313;0.0516224613375623;0.541989085757473
FR_CRS3035RES1000mN2078000E4230000;1;2A232;9.88120118521208;1.22726384066889;5.7928427632233;2.86109458131988;4.98989106388107;8.70347269730208;4.89131012133102;0.702095532127164;9.48437420418686;0.261244832846605;0.0453022847064433;0.475632955782837
FR_CRS3035RES1000mN2078000E4234000;1;2A211;1.0182114029467;0.0943277578974469;0.433510140471557;0.490373504577695;0.468213974904135;0.875667360393493;0.549997428042565;0.0478363019159878;0.922927918300183;0.095283484646517;0.0;0.0947077406372185
FR_CRS3035RES1000mN2078000E4236000;1;2A160;5.5347859752576;0.512746125193034;2.35647119907527;2.66556865098929;2.54511404431274;4.7599461283488;2.98967193094486;0.260028214363513;5.01684471770637;0.517941257551229;0.0;0.514811632545281
FR_CRS3035RES1000mN2078000E4270000;1;2A269;20.7302707398797;3.23803144603525;11.9411390281877;5.55110026565673;9.81787201539367;18.8678211296098;10.9123987244861;1.07216760271654;17.7862158187858;1.59565314208085;1.07830814329761;0.790282007553343
FR_CRS3035RES1000mN2079000E4216000;1;2A098;9.23617831377647;0.810460157606344;5.27959234717345;3.14612580899667;4.11938693441503;7.04821132375064;5.11679137936144;1.240239997237;7.54745740441468;1.63429630384949;0.0;0.94772699278883
FR_CRS3035RES1000mN2079000E4218000;1;2A098;7.16993251254007;0.629150330009611;4.09848311032432;2.44229907220613;3.19782980680877;5.47144043874031;3.97210270573131;0.962783174755126;5.85899907867822;1.26868427676591;0.0;0.73570889904464
FR_CRS3035RES1000mN2079000E4219000;1;2A228;3.03347916945279;0.266183038292278;1.73400002298187;1.03329610817864;1.35294859323202;2.31487542857505;1.68053057622077;0.407337544699516;2.47884504183667;0.536759212091701;0.0;0.311266196178229
FR_CRS3035RES1000mN2079000E4223000;1;2A228;1.00092327307661;0.0878294469953604;0.572148639092522;0.340945186988728;0.446417350703771;0.763813615094618;0.554505922372839;0.134404624430362;0.817916838760576;0.177108447894093;0.0;0.10270503355163
FR_CRS3035RES1000mN2079000E4224000;1;2A091;5.11806342517378;0.635673139148918;3.00045876189692;1.48193152412794;2.58456218742631;4.50804759958992;2.53350123774747;0.363657150239557;4.91252306427648;0.135314280009688;0.0234647551534374;0.246358675344306
FR_CRS3035RES1000mN2079000E4225000;1;2A091;2.04722537006951;0.254269255659567;1.20018350475877;0.592772609651177;1.03382487497052;1.80321903983597;1.01340049509899;0.145462860095823;1.96500922571059;0.0541257120038751;0.0093859020613749;0.0985434701377224
FR_CRS3035RES1000mN2079000E4226000;1;2A091;3.07083805510427;0.381403883489351;1.80027525713815;0.889158914476768;1.55073731245579;2.70482855975395;1.52010074264849;0.218194290143734;2.94751383856589;0.0811885680058128;0.0140788530920625;0.147815205206584
FR_CRS3035RES1000mN2079000E4228000;1;2A091;2.04722537006951;0.254269255659567;1.20018350475877;0.592772609651177;1.03382487497052;1.80321903983597;1.01340049509899;0.145462860095823;1.96500922571059;0.0541257120038751;0.0093859020613749;0.0985434701377224
FR_CRS3035RES1000mN2079000E4238000;1;2A160;45.6905557884724;6.20739724091865;25.3390496255293;14.1441089220245;23.0871938143843;42.8497084689934;22.6033619740882;1.23258529610265;39.9447556653222;5.11516016091575;0.0;1.60826202337631
FR_CRS3035RES1000mN2079000E4239000;1;2A021,2A160;61.6004643015948;4.09696368241216;37.677818121984;19.8256824971987;30.1183185643461;58.6421887652335;31.4821457372487;2.6049399304528;56.1772848808879;4.89953970289276;0.170101593103036;0.353335605908513
FR_CRS3035RES1000mN2079000E4271000;1;2A269;21.7305088911531;3.39426686755904;12.5173004770913;5.81894154650273;10.2915855658503;19.7781958546699;11.4389233253028;1.12389982340256;18.6444029525654;1.67264360539585;1.13033664583329;0.828413213080684
FR_CRS3035RES1000mN2080000E4218000;1;2A228;9.06965004088949;1.37367731932479;4.95781454140581;2.73815818015889;3.93803313582573;8.55451936541765;5.13161690506375;0.515130675471843;7.53319287377237;1.53645716711713;0.0;0.0
FR_CRS3035RES1000mN2080000E4220000;1;2A228;13.2590138652869;2.00819287858336;7.24787962596776;4.00294136073577;5.75705079186846;12.5059390787491;7.50196307341843;0.75307478653784;11.012851467578;2.24616239770896;0.0;0.0
FR_CRS3035RES1000mN2080000E4228000;1;2A091;2.04722537006951;0.168694319304222;1.2582479209102;0.620283129855086;1.04868298175717;1.88658327202748;0.998542388312346;0.131723884163967;1.71351124912383;0.333714120945684;0.0;0.0289182138780658
FR_CRS3035RES1000mN2080000E4229000;1;2A091,2A232;8.92282597811632;0.735253712978975;5.48407000018137;2.70350226495598;4.57068180632873;8.22266784870631;4.35214417178759;0.574118176113031;7.46833392698602;1.4544920511303;0.0;0.126039953296968
FR_CRS3035RES1000mN2080000E4234000;1;2A360;1.99679864254291;0.251822712204732;1.11336375447351;0.631612175864672;0.998496389087248;1.87750042028309;0.998302253455663;0.0922084767879945;1.81976639112332;0.121098688974897;0.0187563068609267;0.0270897454718287
FR_CRS3035RES1000mN2080000E4238000;1;2A021;1.97940509142076;0.249629155415815;1.10366555608315;0.6261103799218;0.989798767995742;1.86114604240728;0.989606323425018;0.091405274692031;1.8039149181305;0.120043832369612;0.0185929259494529;0.0268537743214526
FR_CRS3035RES1000mN2080000E4239000;1;2A021;14.8455381856557;1.87221866561861;8.27749167062359;4.6958278494135;7.42349075996807;13.9585953180546;7.42204742568764;0.685539560190233;13.5293618859787;0.900328742772088;0.139446944620897;0.201403307410894
FR_CRS3035RES1000mN2080000E4264000;1;2A269;3.90995797909151;0.575695352326372;1.64335324505091;1.69090938171423;2.19075566953992;3.42036142173346;1.71920230955159;0.395283381909321;3.72078992013215;0.189168058959371;0.0;0.0943131754487308
FR_CRS3035RES1000mN2081000E4224000;1;2A228;2.01205695714556;0.165796391422929;1.2366330156388;0.609627550083835;1.03066810334273;1.85417446130439;0.981388853802834;0.129461055645939;1.68407556898815;0.327981388157416;0.0;0.0284214401952288
FR_CRS3035RES1000mN2081000E4227000;1;2A091;7.1652887952433;0.590430117564779;4.40386772318572;2.1709909544928;3.67039043615009;6.60304145209618;3.49489835909322;0.461033594573886;5.99728937193341;1.16799942330989;0.0;0.101213748573231
FR_CRS3035RES1000mN2081000E4231000;1;2A132;19.6286955930946;1.61743278992017;12.0640188331351;5.94724397003934;10.0547205615527;18.0884671023759;9.57397503154194;1.26296208634166;16.4290611068643;3.19963448623029;0.0;0.277266404377006
FR_CRS3035RES1000mN2081000E4234000;1;2A360;3.99359728508582;0.503645424409465;2.22672750894701;1.26322435172934;1.9969927781745;3.75500084056618;1.99660450691133;0.184416953575989;3.63953278224664;0.242197377949793;0.0375126137218534;0.0541794909436573
FR_CRS3035RES1000mN2081000E4271000;1;2A269;14.7748243416382;2.17541921176759;6.20985075970814;6.38955437016248;8.27835755933652;12.9247525066164;6.49646678230169;1.49368421965392;14.0600021217783;0.714822219859962;0.0;0.356387615367896
FR_CRS3035RES1000mN2082000E4227000;1;2A008;16.379216156398;1.34967100380671;10.0668519334668;4.96269321912447;8.39018775795719;15.0939684811221;7.98902839844081;1.05388200206248;13.7092728265993;2.66994332979867;0.0;0.231365673213451
FR_CRS3035RES1000mN2082000E4228000;1;2A091;1.02361268503476;0.0843471596521115;0.629123960455104;0.310141564927544;0.524341490878585;0.943291636013742;0.499271194156175;0.0658619420819839;0.856755624561918;0.166857060472843;0.0;0.014459106939033
FR_CRS3035RES1000mN2082000E4234000;1;2A331;6.2567794176053;0.789062617050659;3.48861987126872;1.97909692928593;3.12869386160956;5.88296973760592;3.12808555599574;0.288926528396046;5.70206562557076;0.379451271918038;0.0587711110261402;0.0848831516033353
FR_CRS3035RES1000mN2082000E4235000;1;2A360;1.99679864254291;0.251822712204732;1.11336375447351;0.631612175864672;0.998496389087248;1.87750042028309;0.998302253455663;0.0922084767879945;1.81976639112332;0.121098688974897;0.0187563068609267;0.0270897454718287
FR_CRS3035RES1000mN2082000E4236000;1;2A360;2.99519796381436;0.377734068307098;1.67004563171026;0.947418263797006;1.49774458363087;2.81625063042463;1.49745338018349;0.138312715181992;2.72964958668498;0.181648033462344;0.02813446029139;0.0406346182077429
FR_CRS3035RES1000mN2082000E4237000;1;2A360;5.99039592762872;0.755468136614196;3.34009126342051;1.89483652759401;2.99548916726174;5.63250126084925;2.99490676036698;0.276625430363983;5.45929917336996;0.363296066924689;0.0562689205827801;0.0812692364154858
FR_CRS3035RES1000mN2082000E4238000;1;2A117;0.931797661805209;0.117512006179548;0.519546498607352;0.294739157018309;0.465944127189303;0.876127649721438;0.465853534615906;0.0430286966542881;0.849186308600956;0.0565101922799709;0.0087525514615011;0.0126413154294829
FR_CRS3035RES1000mN2082000E4271000;1;2A269;5.9781965418316;0.880219169318467;2.51263280554585;2.58534456696729;3.34959302316712;5.22961958480491;2.62860351866448;0.604375228432217;5.68896483091725;0.289231710914364;0.0;0.144201728594476
FR_CRS3035RES1000mN2083000E4222000;1;2A228;11.0919955262733;1.67997911846655;6.06330525052681;3.34871115727993;4.81613355840256;10.4620013013562;6.27586196787073;0.629994224917133;9.21294000074144;1.87905552553188;0.0;0.0
FR_CRS3035RES1000mN2083000E4225000;1;2A008;7.9792182041527;0.657499073237694;4.90411796504998;2.41760116586503;4.08732251014347;7.35310328207807;3.89189569400923;0.513403961190234;6.6785417726457;1.300676431507;0.0;0.112710960884394
FR_CRS3035RES1000mN2083000E4226000;1;2A008;6.11908268623836;0.504221227234099;3.76085758822714;1.85400387077712;3.13447555449413;5.63892925751417;2.98460713174423;0.393717931956085;5.12162323234216;0.997459453896203;0.0;0.0864354967680976
FR_CRS3035RES1000mN2083000E4229000;1;2A008;5.00945621644941;0.41278640782453;3.07886858056284;1.51780122806203;2.56607384748742;4.61637318395806;2.44338236896199;0.322321635921131;4.19287475837988;0.816581458069535;0.0;0.0707613965702134
FR_CRS3035RES1000mN2083000E4230000;1;2A008;1.05067827758758;0.0865774034635725;0.645758780468414;0.318342093655593;0.538205732068773;0.968233440127829;0.512472545518807;0.0676034137491389;0.879409308900484;0.171268968687096;0.0;0.0148414237106117
FR_CRS3035RES1000mN2083000E4233000;1;2A008;7.9792182041527;1.00628492359361;4.44900760059881;2.52392567996028;3.98999698559465;7.50250186105344;3.98922121855805;0.368465573287341;7.27179636744191;0.483911017856552;0.0749503039308905;0.108250769811926
FR_CRS3035RES1000mN2083000E4234000;1;2A064;4.69601578628453;0.59222968538902;2.61837806551506;1.48540803538045;2.3482361745451;4.41545352874295;2.34777961173943;0.216853343847547;4.2796762367498;0.284796545334317;0.0441105633961868;0.0637089136940374
FR_CRS3035RES1000mN2083000E4239000;1;2A117;1.86359532361042;0.235024012359096;1.0390929972147;0.589478314036619;0.931888254378608;1.75225529944288;0.931707069231813;0.0860573933085763;1.69837261720191;0.113020384559942;0.0175051029230024;0.0252826308589658
FR_CRS3035RES1000mN2083000E4240000;1;2A117;0.931797661805209;0.105667091385057;0.53733132603007;0.288799244390081;0.41232002976209;0.896739050189727;0.519477632043119;0.0208909892055258;0.881220476369071;0.034188508981435;0.0;0.0141676224099564
FR_CRS3035RES1000mN2083000E4269000;1;2A269;5.88739465547607;0.866849658894856;2.4744688213299;2.54607617525132;3.29871658193628;5.15018771602988;2.58867807353979;0.595195468211188;5.60255603949613;0.284838615979949;0.0;0.142011471235006
FR_CRS3035RES1000mN2084000E4222000;1;2A228;14.1358418724593;2.14099610042447;7.72718705510478;4.26765871693004;6.13776865100278;13.3329657152433;7.99807322145651;0.80287615721598;11.7411391595369;2.39470271292237;0.0;0.0
FR_CRS3035RES1000mN2084000E4225000;1;2A008;2.96976198770329;0.244712665413164;1.82524938448713;0.899799937802994;1.52124866265605;2.73673009812;1.44851332504724;0.191082325269103;2.48566701426582;0.484094973437468;0.0;0.0419495643141809
FR_CRS3035RES1000mN2084000E4226000;1;2A008;8.73765727173621;0.719995544857419;5.37026321406651;2.64739851281228;4.47582987943598;8.05202899815914;4.26182739230023;0.562203932773434;7.31334920180296;1.42430806993326;0.0;0.123424340803634
FR_CRS3035RES1000mN2084000E4227000;1;2A008;1.05067827758758;0.0865774034635725;0.645758780468414;0.318342093655593;0.538205732068773;0.968233440127829;0.512472545518807;0.0676034137491389;0.879409308900484;0.171268968687096;0.0;0.0148414237106117
FR_CRS3035RES1000mN2084000E4242000;1;2A186;4.96316526429416;0.562829527308845;2.8620636025239;1.53827213446141;2.19619830932323;4.77642763817988;2.76696695497093;0.111274621317181;4.69376887040744;0.182103075774984;0.0;0.0754630047970982
FR_CRS3035RES1000mN2085000E4223000;1;2A008;2.03969422874612;0.308929417094843;1.11497418993107;0.615790621720209;0.885633229897696;1.92384531935348;1.15406099884842;0.115848909392645;1.69415688140024;0.345537347345883;0.0;0.0
FR_CRS3035RES1000mN2085000E4226000;1;2A008;5.94484605224948;0.489863877624068;3.65376977773588;1.80121239688953;3.04522353782115;5.47836465927132;2.89962251442833;0.382507087010425;4.97578856425221;0.969057487997276;0.0;0.0839743059677346
FR_CRS3035RES1000mN2085000E4233000;1;2A008;4.14105078392128;0.522241260368936;2.30894380135426;1.30986572219808;2.07072669556037;3.89364476796951;2.07032408836091;0.191226084068668;3.77391334306904;0.251139904759104;0.0388976722915814;0.0561799318831084
FR_CRS3035RES1000mN2085000E4236000;1;2A312;3.74295978285295;0.472036721234405;2.08697846036869;1.18394460124985;1.87166184313807;3.51933761155794;1.87129793971488;0.172842976203184;3.41111630939807;0.226997110741232;0.0351583283159153;0.0507791950918249
FR_CRS3035RES1000mN2085000E4239000;1;2A026;0.831801201304245;0.104901130271621;0.463791034673525;0.263109036359099;0.415941035938918;0.782105452080974;0.415860165365327;0.0384110446234141;0.758055338169603;0.0504457649457378;0.00781326581787;0.0112847045998576
FR_CRS3035RES1000mN2085000E4269000;1;2B283;1.87306125588085;0.275786252793375;0.787246642928407;0.81002836015907;1.04947919841072;1.6385205402251;0.823582057470135;0.189360088192031;1.78244049627635;0.0906207596045086;0.0;0.0451806274637143
FR_CRS3035RES1000mN2085000E4270000;1;2B283;3.11372933546002;0.458460043921782;1.30869877246798;1.34657051907026;1.74462749511615;2.7238348221844;1.36910184034387;0.314787388675947;2.96308369229363;0.150645643166396;0.0;0.0751071245996703
FR_CRS3035RES1000mN2086000E4223000;1;2A008;2.03969422874612;0.308929417094843;1.11497418993107;0.615790621720209;0.885633229897696;1.92384531935348;1.15406099884842;0.115848909392645;1.69415688140024;0.345537347345883;0.0;0.0
FR_CRS3035RES1000mN2086000E4224000;1;2A008,2A130;9.10320794932563;0.750117447227674;5.5949348045952;2.75815569750275;4.66308174733601;8.38889557059473;4.44012620198963;0.585724428276678;7.6193121931433;1.48389575618234;0.0;0.128587950454214
FR_CRS3035RES1000mN2086000E4226000;1;2A008;2.96976198770329;0.244712665413164;1.82524938448713;0.899799937802994;1.52124866265605;2.73673009812;1.44851332504724;0.191082325269103;2.48566701426582;0.484094973437468;0.0;0.0419495643141809
FR_CRS3035RES1000mN2086000E4231000;1;2A130;10.9795154636252;0.904727889027453;6.74813467373099;3.32665290086676;5.62421274324694;10.1179726040319;5.35530272037826;0.706451006445835;9.18976656498352;1.78974889864169;0.0;0.155091853147494
FR_CRS3035RES1000mN2086000E4232000;1;2A008,2A130;8.39746539441536;1.05903142470792;4.6822115161703;2.65622245353715;4.19914091244114;7.89576098031062;4.19832448197422;0.387779456777298;7.65296258210463;0.509276212588325;0.0788789787993272;0.113924957327445
FR_CRS3035RES1000mN2086000E4233000;1;2A130;1.08303349736132;0.136584844812786;0.603871725046437;0.342576927502097;0.541569396801397;1.01832793910909;0.541464100559924;0.0500124884774984;0.98701387158847;0.065682104270328;0.0101731382345604;0.0146930697747367
FR_CRS3035RES1000mN2086000E4235000;1;2A312;170.121051839122;27.0189171293701;103.043643518456;40.0584911912963;83.1322022458077;161.371715442229;86.9888495933145;7.21703819654311;154.119037869657;13.9097225704118;0.610150338197972;1.53229820034991
FR_CRS3035RES1000mN2086000E4237000;1;2A026;20.1128615077777;2.53649778559377;11.214416178182;6.36194754400194;10.0574084746737;18.9112237605784;10.055453033104;0.928774831856996;18.3296946529175;1.21977304482928;0.18892390762585;0.272862915342316
FR_CRS3035RES1000mN2086000E4238000;1;2A026;5.67847752688811;0.716131101828839;3.16617355617704;1.79617286888223;2.83951480400159;5.33921834488196;2.83896272288653;0.262221614174579;5.17503484628796;0.344379332612044;0.053339012120698;0.0770375678315758
FR_CRS3035RES1000mN2087000E4223000;1;2A130;2.04687586643811;0.310017138535981;1.1188999453483;0.617958782553825;0.88875148992681;1.93061906017419;1.1581243765113;0.116256806263924;1.70012190338448;0.346753963053628;0.0;0.0
FR_CRS3035RES1000mN2087000E4224000;1;2A130;22.5036932361777;1.85433673683867;13.8310249771183;6.81833152222077;11.527426568899;20.7378688438045;10.9762666672787;1.44794702353805;18.8354111231598;3.66828211301787;0.0;0.317877368835105
FR_CRS3035RES1000mN2087000E4234000;1;2A312;2.90273313381781;0.36607303059544;1.61848961194523;0.918170491277137;1.4515076737582;2.72931008795769;1.45122546005961;0.134042859950327;2.64538250716895;0.176040372554378;0.0272659206758732;0.039380185909796
FR_CRS3035RES1000mN2087000E4237000;1;2A056;10.171663785528;1.28278130179632;5.67145907464943;3.21742340908225;5.08632635483224;9.56396034403689;5.08533743069577;0.46970866469977;9.26986402351398;0.616874993240288;0.0955443594475695;0.137994776791346
FR_CRS3035RES1000mN2087000E4238000;1;2A056;2.0343327571056;0.256556260359264;1.13429181492989;0.64348468181645;1.01726527096645;1.91279206880738;1.01706748613915;0.093941732939954;1.8539728047028;0.123374998648058;0.0191088718895139;0.0275989553582691
FR_CRS3035RES1000mN2087000E4242000;1;2A094;11.7284551601968;1.33002237934048;6.76334210938405;3.63509067147226;5.18983592569544;11.2871755013551;6.53861923450136;0.262953042481862;11.091844578488;0.430327753566063;0.0;0.178326616359883
FR_CRS3035RES1000mN2087000E4243000;1;2A094;60.5970183276833;6.87178229325913;34.9439342318175;18.7813018026066;26.8141522827597;58.3170734236677;33.7828660449236;1.35859071948961;57.3078636555212;2.22336006009132;0.0;0.921354184526059
FR_CRS3035RES1000mN2087000E4271000;1;2B283;4.98679059134087;0.734246296715157;2.09594541539639;2.15659887922933;2.79410669352686;4.36235536240951;2.19268389781401;0.504147476867978;4.74552418856998;0.241266402770905;0.0;0.120287752063385
FR_CRS3035RES1000mN2088000E4220000;1;2A130;1.08303349736132;0.0257040873307817;0.996384111596595;0.0609452984339408;0.566850915692731;0.957506632001768;0.516182581668588;0.0936329957193957;0.958093934350752;0.124939563010569;0.0;0.0318938696401566
FR_CRS3035RES1000mN2088000E4224000;1;2A085;2.08779310480898;0.373800435964884;1.20114102758708;0.512851641257013;1.07863059849246;1.96049542800413;1.00916250631652;0.0827570457532439;1.93985181648754;0.11815093069982;0.0;0.0445406310516075
FR_CRS3035RES1000mN2088000E4225000;1;2A085;2.08779310480898;0.373800435964884;1.20114102758708;0.512851641257013;1.07863059849246;1.96049542800413;1.00916250631652;0.0827570457532439;1.93985181648754;0.11815093069982;0.0;0.0445406310516075
FR_CRS3035RES1000mN2088000E4237000;1;2A056;20.343327571056;2.27473169560369;10.981861422921;7.08673445253133;10.244109716029;15.6041125623453;10.099217855027;3.54445189593425;18.826266486734;1.24570172729491;0.205534900464139;1.19476311277647
FR_CRS3035RES1000mN2088000E4243000;1;2A094;1.95474252669946;0.10526756231801;1.21149880025355;0.637976164127897;0.846218581114837;1.68305496828709;1.10852394558462;0.271687558412373;1.91976311422366;0.0349794124758025;0.0;0.0
FR_CRS3035RES1000mN2088000E4245000;1;2A133;2.05449685737136;0.110639571714166;1.27332395127902;0.670533334378171;0.889402768806178;1.76894455198023;1.16509408856518;0.285552305391133;2.01773237712773;0.0367644802436337;0.0;0.0
FR_CRS3035RES1000mN2088000E4264000;1;2B283;1.69010762833226;0.245641491844925;0.948923524748077;0.495542611739257;0.893018426106926;1.58132597358821;0.797089202225333;0.0964207064813601;1.51968332431351;0.14054937978204;0.0;0.0123609482626863
FR_CRS3035RES1000mN2088000E4265000;1;2B283;4.80383696379228;0.698193214789602;2.69715006759363;1.40849368140904;2.53824954858833;4.49464403117556;2.26558741520394;0.274059087187946;4.31943552245822;0.399487165501574;0.0;0.0351338454287734
FR_CRS3035RES1000mN2088000E4266000;1;2B283;5.44610657694576;0.791541155060935;3.05775712890463;1.5968082929802;2.87761172260597;5.09557476736083;2.56849485433979;0.31070059380778;4.89694100463024;0.45289831770769;0.0;0.0398312157771457
FR_CRS3035RES1000mN2088000E4267000;1;2B283;18.9729802069888;2.75754696604016;10.6525211478733;5.56291209307537;10.024936068552;17.7518081657864;8.94804413843676;1.08240926491758;17.059813913474;1.57779336416613;0.0;0.138762776284833
FR_CRS3035RES1000mN2088000E4268000;1;2B283;24.5753986748296;3.57180660685247;13.7980407529549;7.20555131502218;12.9851398086419;22.9936340055105;11.5902588661877;1.40202745823138;22.0973048866405;2.04369058144067;0.0;0.179737211087683
FR_CRS3035RES1000mN2088000E4269000;1;2B283;12.1131283597671;1.76053102851111;6.80100619995331;3.55159113130267;6.40033015752048;11.3334820668249;5.71279820224661;0.691054447994322;10.8916845679063;1.0073279651814;0.0;0.0885918449478318
FR_CRS3035RES1000mN2089000E4225000;1;2A085;10.3419073628875;1.8516247956042;5.9498660132828;2.5404165540005;5.34300918165239;9.71133684419283;4.99889818123513;0.409937986113139;9.6090784750813;0.585262005761954;0.0;0.220632532581537
FR_CRS3035RES1000mN2089000E4226000;1;2A085;10.4389655240449;1.86900217982442;6.00570513793542;2.56425820628506;5.3931529924623;9.80247714002065;5.04581253158262;0.413785228766219;9.69925908243767;0.590754653499101;0.0;0.222703155258038
FR_CRS3035RES1000mN2089000E4238000;1;2A253;54.2886727629391;10.137729117896;32.5835562596504;11.5673873853927;27.2800133514272;51.2209523781129;27.0086594115119;2.40960857635844;48.4638270004711;5.33694242095812;0.0797878516940819;0.658111808467795
FR_CRS3035RES1000mN2089000E4239000;1;2A119;2.05987195666601;0.156985113401049;1.28496681187799;0.617920031386966;1.10302237590919;1.97484555414064;0.956849580756818;0.0850264025253717;2.02142995942789;0.0;0.0;0.0
FR_CRS3035RES1000mN2089000E4245000;1;2A133;41.0899371474272;7.22042763496522;23.9716269501903;9.89788256227165;20.3668602821787;38.2208728742229;20.7230768652485;2.05293328820226;37.1797063475083;3.81469933718846;0.0;0.816130985002059
FR_CRS3035RES1000mN2089000E4246000;1;2A133,2A359;8.3406838956399;0.449165785143879;5.16933989763014;2.72217821286588;3.61072703708612;7.18142122439593;4.72995685855378;1.15926267124397;8.19143036565788;0.149253529982022;0.0;0.0
FR_CRS3035RES1000mN2089000E4247000;1;2A359;1.04473456757665;0.0562614562767236;0.64749943172292;0.340973679577006;0.452271228226193;0.899528035270236;0.592463339350457;0.145206532306414;1.02603941930631;0.0186951482703438;0.0;0.0
FR_CRS3035RES1000mN2089000E4266000;1;2B283;10.4328971682866;1.5163249852978;5.85762787428736;3.05894430870143;5.51253023936243;9.7613968456352;4.92036692892416;0.595197192622702;9.38088177648642;0.867599910059818;0.0;0.0763031300286899
FR_CRS3035RES1000mN2089000E4267000;1;2B283;1.87306125588085;0.272232107292192;1.0516442025372;0.549184946051458;0.989687394275074;1.75250402068705;0.883373861605775;0.106858218108338;1.68418857371151;0.155763806632596;0.0;0.0136990170854573
FR_CRS3035RES1000mN2090000E4206000;1;2A004;48.4715028702775;4.2245694656638;30.7587307222131;13.4882026824006;20.6537795803119;47.8630767998818;27.8177232899655;0.0792155986307002;44.6886889972481;3.78281387302936;0.0;0.529210471765018
FR_CRS3035RES1000mN2090000E4222000;1;2A032;12.8922265311524;0.305976608712784;11.8607685819886;0.725481340451025;6.74768641256881;11.3979783957959;6.14454011858358;1.11458952520482;11.4049695322139;1.48725699893848;0.0;0.379658610151709
FR_CRS3035RES1000mN2090000E4228000;1;2A085;6.15486147712536;1.10197217250769;3.54099102169748;1.51189828292019;3.17982749507994;5.77958503556176;2.97503398204543;0.243969649911237;5.71872720008967;0.348311626365566;0.0;0.131306791652363
FR_CRS3035RES1000mN2090000E4229000;1;2A085;3.18923958782203;0.5710044475089;1.83482094414161;0.783414196171519;1.64767830558721;2.9947841174171;1.54156128223482;0.126416763174238;2.96324965984432;0.180483221569198;0.0;0.068038707230695
FR_CRS3035RES1000mN2090000E4232000;1;2A085;7.47992565865711;0.570053383151181;4.66604547704294;2.24382679846298;4.00535836459947;7.17117288989656;3.47456729405763;0.308752768760547;7.34033286475507;0.0;0.0;0.0
FR_CRS3035RES1000mN2090000E4245000;1;2A133;10.2724842868568;0.553197858570829;6.36661975639511;3.35266667189086;4.44701384403089;8.84472275990114;5.82547044282591;1.42776152695566;10.0886618856386;0.183822401218168;0.0;0.0
FR_CRS3035RES1000mN2090000E4246000;1;2A359;5.294402414383;0.285116238317954;3.28133351859628;1.72795265746877;2.29197535621988;4.55853912519318;3.00242705816311;0.735863289189824;5.19966099277067;0.0947414216123315;0.0;0.0
FR_CRS3035RES1000mN2090000E4248000;1;2A359;30.5915478121351;5.35694506197632;17.1810674049516;8.05353534520716;15.1877513947424;28.9868251818355;15.4037964173927;1.18628104383812;28.3078899687459;1.80208599266302;0.280278309871477;0.418441586461484
FR_CRS3035RES1000mN2090000E4259000;1;2B366;14.0605033108296;0.562420132433184;6.8896466223065;6.60843655608991;6.60843655608991;11.8108227810969;7.45206675473968;1.82786543040784;12.6544529797466;1.26544529797466;0.140605033108296;0.421815099324888
FR_CRS3035RES1000mN2090000E4260000;1;2B366;4.32630871102448;0.173052348440979;2.11989126840199;2.0333650941815;2.03336509418151;3.63409931726056;2.29294361684297;0.56242013243318;3.89367783992203;0.389367783992203;0.0432630871102448;0.129789261330734
FR_CRS3035RES1000mN2090000E4267000;1;2B283;4.60105276277963;0.668720409138472;2.58329536653059;1.34903698711057;2.4311025095525;4.30491178056673;2.16995025322712;0.2624902405671;4.13709934247348;0.38262362781667;0.0;0.0336507416458025
FR_CRS3035RES1000mN2091000E4213000;1;2A004;1.50000000000001;0.259005729710049;0.722917206282927;0.518077064007035;0.61377779216808;1.34115523547184;0.886222207831929;0.0295149548524861;1.26561986456427;0.234380135435737;0.0;0.129329809675684
FR_CRS3035RES1000mN2091000E4220000;1;2A004;4.0;0.0949336743264419;3.67997523261899;0.225091093054561;2.09356743655222;3.53638787474115;1.90643256344778;0.345817542846167;3.5385569760678;0.461443023932202;0.0;0.117794582412685
FR_CRS3035RES1000mN2091000E4234000;1;2A031;4.9318438623488;0.375861259483434;3.07652893859457;1.4794536642708;2.64090887642642;4.72826958673651;2.29093498592237;0.20357427561229;4.83980419574635;0.0;0.0;0.0
FR_CRS3035RES1000mN2091000E4259000;1;2B366;89.770905753758;3.59083623015032;43.9877438193414;42.1923257042662;42.1923257042663;75.4075608331567;47.5785800494917;11.6702177479885;80.7938151783822;8.07938151783821;0.897709057537579;2.69312717261274
FR_CRS3035RES1000mN2091000E4267000;1;2B342;10.514219506686;1.52814443406537;5.90328690729869;3.08278816532194;5.55549930560848;9.83748497386334;4.95872020107751;0.599836635217801;9.45400386616168;0.87436267713622;0.0;0.0768978976048516
FR_CRS3035RES1000mN2092000E4205000;1;2A004;0.005741388821771;0.0005003949634462;0.0036433331397419;0.0015976607185828;0.0024464143298193;0.0056693215155686;0.0032949744919517;9.38298846861406e-06;0.0052933192551315;0.0004480695666395;0.0;6.26843177338124e-05
FR_CRS3035RES1000mN2092000E4207000;1;2A004;17.1621785409672;1.49578228722301;10.8906635257611;4.7757327279831;7.3128298425517;16.9467547098338;9.84934869841548;0.0280476603039953;15.8228075037224;1.33937103724479;0.0;0.187376170829438
FR_CRS3035RES1000mN2092000E4225000;1;2A032;10.3450846624992;1.85219366230719;5.95169396496621;2.54119703522581;5.34465069132778;9.71432041634267;5.00043397117144;0.410063929593233;9.61203063083327;0.585441813284725;0.0;0.220700316563302
FR_CRS3035RES1000mN2092000E4227000;1;2A181;10.3631427035786;1.85542679092161;5.96208304708759;2.5456328655694;5.35398013858585;9.73127741600577;5.00916256499277;0.410779723762866;9.62880907679584;0.586463741346099;0.0;0.221085563809966
FR_CRS3035RES1000mN2092000E4234000;1;2A031;4.0556929702591;0.309088833796476;2.52997806445443;1.21662607200819;2.17174668626198;3.88828402918749;1.88394628399711;0.167408941071614;3.98000431521584;0.0;0.0;0.0
FR_CRS3035RES1000mN2092000E4246000;1;2A268;1.86000685279013;0.100165819597024;1.15278408273208;0.607056950461023;0.805206997000038;1.60148650365848;1.05479985579009;0.258520349131653;1.82672270102953;0.0332841517606009;0.0;0.0
FR_CRS3035RES1000mN2092000E4247000;1;2A268;19.5300719542964;1.05174110576876;12.1042328686869;6.37409797984076;8.45467346850041;16.815608288414;11.075398485796;2.71446366588236;19.1805883608101;0.34948359348631;0.0;0.0
FR_CRS3035RES1000mN2092000E4249000;1;2A099;4.96719536996435;0.332615766796508;2.32394133319524;2.3106382699726;1.98693574913528;4.30556470456378;2.98025962082907;0.329477701437319;4.74596515096023;0.221230219004124;0.0;0.33215296396325
FR_CRS3035RES1000mN2092000E4251000;1;2A099;4.96443133517058;0.332430680146214;2.32264815782661;2.30935249719776;1.98583010316516;4.30316883933927;2.97860123200542;0.329294360988089;4.7433242214557;0.221107113714878;0.0;0.331968134843219
FR_CRS3035RES1000mN2093000E4213000;1;2A004;10.0;1.72670486473365;4.81944804188615;3.45384709338021;4.09185194778718;8.94103490314553;5.90814805221282;0.196766365683239;8.43746576376175;1.56253423623824;0.0;0.862198731171224
FR_CRS3035RES1000mN2093000E4219000;1;2A004;11.0414600752274;0.262051593717512;10.1580749021971;0.621333579312807;5.77901031637188;9.76172138236817;5.26244975885552;0.954582648162299;9.76770889379251;1.2737511814349;0.0;0.325156044696936
FR_CRS3035RES1000mN2093000E4221000;1;2A004;3.00000000000047;0.0712002557448426;2.75998142446467;0.168818319790947;1.57017557741441;2.65229090605628;1.42982442258606;0.259363157134666;2.65391773205127;0.346082267949205;0.0;0.0883459368095275
FR_CRS3035RES1000mN2093000E4225000;1;2A032,2A181;29.5378316949767;5.2884810949933;16.9935907121624;7.25575988782097;15.2603287202816;27.7368403304769;14.2775029746952;1.1708361730874;27.4447771364999;1.67158436225195;0.0;0.630155191412421
FR_CRS3035RES1000mN2093000E4230000;1;2A181;23.1580297909716;4.14623537744894;13.3231878369312;5.68860657659142;11.9642887390546;21.746030017154;11.193741051917;0.91795021573355;21.5170488171523;1.31054306419304;0.0;0.494049558084049
FR_CRS3035RES1000mN2093000E4235000;1;2A031;1.98710755663707;0.151439658231791;1.23957571908661;0.59609217931867;1.06405841936723;1.90508468797037;0.923049137269834;0.0820228686666985;1.9500235121862;0.0;0.0;0.0
FR_CRS3035RES1000mN2093000E4236000;1;2A031;9.39382336534402;0.715913637983985;5.85995222763659;2.81795749972344;5.03021429743803;9.00606964884275;4.36360906790598;0.387753716501267;9.21851279290899;0.0;0.0;0.0
FR_CRS3035RES1000mN2093000E4249000;1;2A089;4.92353425060639;0.329692109558813;2.30351413587921;2.29032800516837;1.96947079508411;4.26771924843252;2.95406345552228;0.326581627460598;4.70424862171361;0.219285628892784;0.0;0.329233374713269
FR_CRS3035RES1000mN2093000E4251000;1;2A099;18.8825266056504;1.264420985728;8.83433825038873;8.78376736953368;7.55322960993863;16.3673731413666;11.3292969957118;1.25249179868747;18.0415318017055;0.84099480394491;0.0;1.26266166559636
FR_CRS3035RES1000mN2093000E4267000;1;2B342;3.72977763901008;0.542088638698318;2.09411145444532;1.09357754586644;1.9707384908997;3.48971518582819;1.75903914811038;0.212783960585161;3.35368043217112;0.310168373362747;0.0;0.0272784925967237
FR_CRS3035RES1000mN2093000E4268000;1;2B342;4.72046301463837;0.686075583398648;2.65033914243299;1.38404828880673;2.4941964530318;4.41663634154233;2.22626656160657;0.269302600118839;4.24446869899243;0.392553786439127;0.0;0.0345240729772022
FR_CRS3035RES1000mN2093000E4270000;1;2B342;0.913030754460599;0.132700564665996;0.512627922152554;0.267702267642048;0.482426842922534;0.854264676704689;0.430603911538065;0.0520884403504942;0.820964055116602;0.0759276534287894;0.0;0.0066776374054151
FR_CRS3035RES1000mN2094000E4206000;1;2A004;6.34803734685751;0.553267861617557;4.02829621126258;1.76647327397737;2.70490817007409;6.26835524110539;3.64312917678342;0.0103744169003209;5.85262370543468;0.495413641422825;0.0;0.069307688851802
FR_CRS3035RES1000mN2094000E4213000;1;2A004;19.6520042017953;3.3933211257006;9.47118131694807;6.78750175914664;8.04130916710379;17.5709255485014;11.6106950346915;0.386685344517901;16.581311264195;3.07069293760029;0.0;1.69439330877595
FR_CRS3035RES1000mN2094000E4230000;1;2A181;5.96137084126492;1.06732942755698;3.42967273989525;1.46436867381269;3.07986312606267;5.59789198077954;2.88150771520226;0.236299965895209;5.53894733560854;0.337361739302546;0.0;0.127178894590173
FR_CRS3035RES1000mN2094000E4231000;1;2A181;12.6654508602843;2.26763420300655;7.28663804192777;3.11117861534998;6.54343709160551;11.8932084065246;6.12201376867882;0.502039830438998;11.7679753809725;0.716754358192184;0.0;0.270202623320668
FR_CRS3035RES1000mN2094000E4236000;1;2A031;17.2838464207795;1.31722099599044;10.7818201808254;5.18480524396364;9.25517204222461;16.5704121326898;8.02867437855488;0.713434288089676;16.9612896840748;0.0;0.0;0.0
FR_CRS3035RES1000mN2094000E4246000;1;2A322;7.05374874508012;0.379861247942485;4.37173081632579;2.30215668081184;3.05360587037558;6.073355804307;4.00014287470454;0.980392940773119;6.92752445544365;0.126224289636467;0.0;0.0
FR_CRS3035RES1000mN2094000E4248000;1;2A268;1.86000685279013;0.124550688971992;0.870218802216432;0.865237361601706;0.744024310336686;1.61225384933418;1.11598254245344;0.123375614782664;1.77716539141333;0.082841461376802;0.0;0.124377388673285
FR_CRS3035RES1000mN2094000E4266000;1;2B342;0.913030754460599;0.132700564665996;0.512627922152554;0.267702267642048;0.482426842922534;0.854264676704689;0.430603911538065;0.0520884403504942;0.820964055116602;0.0759276534287894;0.0;0.0066776374054151
FR_CRS3035RES1000mN2094000E4268000;1;2B342;4.80307111641931;0.698081905966384;2.69672007687802;1.40826913357491;2.53784489044457;4.49392747660686;2.26522622597474;0.274015395565282;4.31874690034791;0.399423477620711;0.0;0.0351282442471707
FR_CRS3035RES1000mN2095000E4210000;1;2A351;8.94851758149136;1.54514488401157;4.31269155359023;3.09068114388957;3.66160090956332;8.00090080275257;5.28691667192804;0.176076728276263;7.55028107302535;1.39823650846601;0.0;0.771540050462524
FR_CRS3035RES1000mN2095000E4213000;1;2A006;4.03997762947916;0.697584902623677;1.94704622756572;1.39534649928977;1.65309903322009;3.61215809931003;2.38687859625907;0.0794931715594203;3.40871729350938;0.631260335969779;0.0;0.348326358609706
FR_CRS3035RES1000mN2095000E4214000;1;2A004;8.00897395256812;1.38291342854244;3.85988338332216;2.76617714070352;3.27715356675926;7.1608515648295;4.73182038580886;0.157589669749856;6.75754435276531;1.2514295998028;0.0;0.690532717988762
FR_CRS3035RES1000mN2095000E4216000;1;2A004;5.0;0.118667092908052;4.59996904077374;0.281363866318201;2.61695929569027;4.42048484342644;2.38304070430972;0.432271928557709;4.42319622008475;0.576803779915252;0.0;0.147243228015856
FR_CRS3035RES1000mN2095000E4230000;1;2A181;2.98068542063246;0.533664713778489;1.71483636994762;0.732184336906347;1.53993156303134;2.79894599038977;1.44075385760113;0.118149982947605;2.76947366780427;0.168680869651273;0.0;0.0635894472950866
FR_CRS3035RES1000mN2095000E4231000;1;2A181;5.96137084126492;1.06732942755698;3.42967273989525;1.46436867381269;3.07986312606267;5.59789198077954;2.88150771520226;0.236299965895209;5.53894733560854;0.337361739302546;0.0;0.127178894590173
FR_CRS3035RES1000mN2095000E4252000;1;2A200;1.98634072127799;0.133010319288438;0.929325093975497;0.924005308014056;0.794559322738843;1.72176004038143;1.19178139853915;0.131755432668378;1.89787256972463;0.0884681515533569;0.0;0.13282524822818
FR_CRS3035RES1000mN2095000E4253000;1;2A200;6.95219252447297;0.465536117509532;3.25263782891424;3.2340185780492;2.78095762958595;6.02616014133502;4.17123489488702;0.461144014339324;6.64255399403622;0.30963853043675;0.0;0.464888368798632
FR_CRS3035RES1000mN2095000E4268000;1;2B342;5.39265405649021;0.783772326231655;3.02774581289903;1.58113591735952;2.84936850016944;5.04556265124872;2.54328555632077;0.307651125419415;4.84887844185784;0.448453205176468;0.0;0.0394402798220709
FR_CRS3035RES1000mN2095000E4271000;1;2B342;14.652365041241;2.12958556452317;8.22667956037207;4.29609991634576;7.74201106990141;13.7092839685446;6.91035397133958;0.835918000259743;13.1748738610809;1.21849093179858;0.0;0.107163072436691
FR_CRS3035RES1000mN2096000E4207000;1;2A351;6.774524973627;0.0;4.66234211244107;2.11218286118593;2.32014948834366;6.26385657875948;4.45437548528333;0.250205641401085;6.774524973627;0.0;0.0;0.260462753466412
FR_CRS3035RES1000mN2096000E4208000;1;2A351;1.05152234447929;0.156297239251439;0.614866920825639;0.280358184402212;0.500150840097855;0.895458216034058;0.551371504381437;0.0342352099136838;0.969190719337006;0.0754921954258329;0.0;0.121828918531549
FR_CRS3035RES1000mN2096000E4209000;1;2A351;2.01628598640145;0.29969875093046;1.17900257894802;0.537584656522977;0.959035378820786;1.71703422364419;1.05725060758067;0.0656457509941503;1.85841573011674;0.144755702547778;0.0;0.233606011763114
FR_CRS3035RES1000mN2096000E4212000;1;2A351;2.01628598640145;0.29969875093046;1.17900257894802;0.537584656522977;0.959035378820786;1.71703422364419;1.05725060758067;0.0656457509941503;1.85841573011674;0.144755702547778;0.0;0.233606011763114
FR_CRS3035RES1000mN2096000E4213000;1;2A006;3.02126093281176;0.449077231060217;1.76665138550972;0.805532316241828;1.43704620413836;2.57285348169061;1.58421472867341;0.0983654819908203;2.78470359869209;0.21690610947997;0.0;0.350041969130334
FR_CRS3035RES1000mN2096000E4217000;1;2A006;26.1669759320877;4.43957522906554;18.8548527161317;2.87254798689041;13.8004760151064;24.1134991680156;12.3664999169813;0.759933431585093;23.7946380821712;2.18249190633375;0.0;1.29354333248697
FR_CRS3035RES1000mN2096000E4232000;1;2A181;14.2408828966763;1.74439867842691;8.56009047032931;3.9363937479201;7.22743493176688;13.1544065841859;7.01344796490942;0.539003692042211;13.0331067594397;1.10390577616638;0.0;0.547472620448208
FR_CRS3035RES1000mN2096000E4233000;1;2A181,2A326;19.6554740965299;2.40764447588031;11.8147616074267;5.43306801322294;9.97541101323531;18.1559036575627;9.68006308329458;0.743940750284681;17.9884838718296;1.52362683872024;0.0;0.755629688682475
FR_CRS3035RES1000mN2096000E4251000;1;2A200;13.9043850489459;0.86902406555912;7.38670455725252;5.64865642613428;8.25572862281164;13.0353609833868;5.64865642613428;0.86902406555912;13.9043850489459;0.0;0.0;0.0
FR_CRS3035RES1000mN2096000E4253000;1;2A200;17.8770664915019;1.11731665571887;9.4971915736104;7.26255826217266;10.6145082293293;16.759749835783;7.26255826217266;1.11731665571887;17.8770664915019;0.0;0.0;0.0
FR_CRS3035RES1000mN2096000E4267000;1;2B342;11.0051955040118;2.17035548263639;6.25422773472095;2.58061228665445;5.27264335384743;9.31785983651047;5.73255215016437;0.89727153544318;10.7387334086088;0.266462095402954;0.0;0.790064132058148
FR_CRS3035RES1000mN2097000E4209000;1;2A351;10.1681886345644;1.51138948222472;5.94574415744335;2.71105499489634;4.83644319547886;8.65905332664488;5.33174543908555;0.331053423803969;9.37204435914099;0.73000720104278;0.0;1.17808188411556
FR_CRS3035RES1000mN2097000E4212000;1;2A006,2A351;11.9867186461735;1.7816939810332;7.00911095562661;3.1959137095137;5.70141702872618;10.207681987319;6.28530161744734;0.390260683648363;11.0481879231279;0.860565361546843;0.0;1.38877597520614
FR_CRS3035RES1000mN2097000E4213000;1;2A006;14.1108892771791;2.09742859862668;8.25119797550961;3.76226270304282;6.7117671474721;12.0165889057299;7.39912212970702;0.45941891678222;13.006041194309;1.01306645221373;0.0;1.63488145466701
FR_CRS3035RES1000mN2097000E4227000;1;2A103;3.23038234820447;0.333294971479439;1.96198240016436;0.935104976560675;1.82847439775871;3.05038219289867;1.40190795044576;0.119533512286692;2.98758446366878;0.242797884535695;0.0;0.0604666430191059
FR_CRS3035RES1000mN2097000E4229000;1;2A103;22.0655361309901;2.27661355305034;13.4015694963341;6.38735308160562;12.4896261616712;20.8360222523337;9.57590996931893;0.816488808419901;20.4070744022328;1.65846172875733;0.0;0.413025070236457
FR_CRS3035RES1000mN2097000E4235000;1;2A326;116.19391849091;9.74289713833874;63.3070192190664;43.144002133505;55.8748404687505;101.088457589138;60.3190780221597;7.15492290383005;110.407743103047;5.33571076431271;0.0;7.95053799794264
FR_CRS3035RES1000mN2097000E4238000;1;2A031;2.86325844872678;0.350727148744364;1.72108369536248;0.791447604619937;1.45314123296628;2.64481254873235;1.4101172157605;0.108371572628758;2.62042412067256;0.221950251479448;0.0;0.11007432736567
FR_CRS3035RES1000mN2097000E4262000;1;2B277;2.0478396263774;0.0;0.948714221966664;1.09912540441074;0.925876949586585;1.77970244384953;1.12196267679082;0.145757699704173;2.02410890117234;0.0237307252050617;0.0;0.1223794828237
FR_CRS3035RES1000mN2097000E4264000;1;2B277;2.0478396263774;0.403858337550481;1.16378263183796;0.480198656988958;0.981130048242042;1.73386130208052;1.06670957813536;0.166963704118769;1.99825653285627;0.0495830935211289;0.0;0.14701462017811
FR_CRS3035RES1000mN2097000E4265000;1;2B277;20.8918046438747;4.12011242639649;11.8727653665455;4.89892685093274;10.0093664728854;17.6886369108499;10.8824381709893;1.70334290055592;20.3859641033658;0.505840540508952;0.0;1.49982483246883
FR_CRS3035RES1000mN2097000E4266000;1;2B277;3.13892504185174;0.619033362168271;1.78384400775096;0.736047671932504;1.50387444313112;2.65765960873892;1.63505059872062;0.255921677258405;3.06292416175291;0.0760008800988333;0.0;0.225343755854419
FR_CRS3035RES1000mN2097000E4267000;1;2B277;7.9712933933198;1.57203389195477;4.53006802141087;1.86919147995415;3.81908591415156;6.74912086092244;4.15220747916824;0.649912549021488;7.77828932175366;0.193004071566146;0.0;0.572259983375876
FR_CRS3035RES1000mN2097000E4269000;1;2B277;4.23001045732608;0.834208386786062;2.40390538366397;0.99189668687605;2.0266188380202;3.58145791539731;2.20339161930588;0.344879650398041;4.12759179064954;0.102418666676538;0.0;0.303672891530727
FR_CRS3035RES1000mN2098000E4209000;1;2A351;2.899659622287;0.43100253276763;1.69554626466918;0.773110824850189;1.37920720724469;2.46929991180063;1.52045241504231;0.0944064159629312;2.67262337306628;0.208175957480472;0.0;0.335953294523437
FR_CRS3035RES1000mN2098000E4212000;1;2A006;2.01998881473958;0.300249135665231;1.1811677698929;0.53857190918145;0.960796608825813;1.7201874881234;1.05919220591377;0.0657663067827132;1.86182863606159;0.145021540589165;0.0;0.234035019833471
FR_CRS3035RES1000mN2098000E4216000;1;2A006;17.1147307157322;2.90374152270753;12.3321750193409;1.87881417368375;9.02631742240543;15.7716369650703;8.08841329332677;0.497040853219583;15.5630831897271;1.42747718968788;0.0;0.846052897442285
FR_CRS3035RES1000mN2098000E4217000;1;2A006;10.0592735349744;1.70668944413646;7.24830111914624;1.10428297169169;5.30526582472126;9.26986307649704;4.75400771025314;0.292138391403195;9.14728449154736;0.839007271251282;0.0;0.497272067074149
FR_CRS3035RES1000mN2098000E4223000;1;2A271;25.5061450254915;4.32745648324104;18.3786849905804;2.80000355167006;13.4519534689707;23.5045275559438;12.0541915565208;0.740741779487026;23.1937191109925;2.12737441362673;0.0;1.2608756900606
FR_CRS3035RES1000mN2098000E4227000;1;2A103;14.3307014695443;1.47857133389394;8.70379448453936;4.148335651111;8.11152300703643;13.5321803620993;6.21917846250786;0.530277501404382;13.253595534189;1.07710593535527;0.0;0.268243606040613
FR_CRS3035RES1000mN2098000E4240000;1;2A031;1.98710755663707;0.17998229063879;1.00228121488934;0.804844051108941;1.08933480360797;1.82330455162243;0.897772753029096;0.08086239269806;1.87725570561518;0.109851851021894;0.0;0.0829406123165846
FR_CRS3035RES1000mN2098000E4259000;1;2B365;16.9773810012658;0.0;7.86520711885042;9.11217388241539;7.67587731526997;14.7544202529017;9.30150368599584;1.208387595333;16.7806441288793;0.196736872386523;0.0;1.01457315303113
FR_CRS3035RES1000mN2098000E4261000;1;2B135,2B365;14.4726244356079;0.0;6.70481440752875;7.76781002807916;6.54341736157196;12.577628025751;7.92920707403595;1.03010822685772;14.3049131221566;0.167711313451349;0.0;0.864888182999211
FR_CRS3035RES1000mN2098000E4263000;1;2B135;14.6932319422409;0.0;6.80701649226209;7.88621544997881;6.64315925672153;12.7693499328912;8.05007268551938;1.04581025854522;14.5229641902625;0.170267751978394;0.0;0.878071750804533
FR_CRS3035RES1000mN2098000E4266000;1;2B277;13.1342684546253;2.59023399816229;7.46417508114629;3.07985937531671;6.29269268771127;11.1204996286242;6.84157576691403;1.07085832495284;12.8162564127012;0.318012041924069;0.0;0.942910501048298
FR_CRS3035RES1000mN2098000E4274000;1;2B123;3.02364408711161;0.158974448104452;2.06875432380577;0.795915315201388;1.35217698257225;1.6309223818729;1.67146710453936;0.63656833543322;2.86452063329862;0.159123453812988;0.0;0.756153369805484
FR_CRS3035RES1000mN2099000E4216000;1;2A006;2.01998881473958;0.342717948309429;1.45552132921267;0.221749537217478;1.06534309738147;1.8614683916873;0.954645717358107;0.0586639065871637;1.83685355547035;0.168479890473232;0.0;0.0998565164651095
FR_CRS3035RES1000mN2099000E4227000;1;2A103;2.1122797602263;0.217934642576452;1.28289944256626;0.611445675083593;1.19560133945892;1.99458140631431;0.916678420767383;0.0781604749704878;1.95351927863329;0.158760481593013;0.0;0.039537878941506
FR_CRS3035RES1000mN2099000E4229000;1;2A103;2.1122797602263;0.217934642576452;1.28289944256626;0.611445675083593;1.19560133945892;1.99458140631431;0.916678420767383;0.0781604749704878;1.95351927863329;0.158760481593013;0.0;0.039537878941506
FR_CRS3035RES1000mN2099000E4241000;1;2A031;56.6527987448307;5.13132792190138;28.5752201803039;22.9462506426254;31.0571338669685;51.9827452060086;25.5956648778622;2.30540155929031;53.5209024431414;3.13189630168929;0.0;2.36465197953183
FR_CRS3035RES1000mN2099000E4242000;1;2A031;13.6891360073094;1.23989365710589;6.9046911035915;5.54455124661199;7.50440117560722;12.5607010584502;6.18473483170218;0.557059072028067;12.9323692564253;0.756766750884058;0.0;0.571375876831119
FR_CRS3035RES1000mN2099000E4261000;1;2B135;9.67200750419675;0.0;4.48080550645068;5.19120199774608;4.37294438930537;8.40558761068611;5.29906311489139;0.688417953815591;9.55992658276766;0.112080921429093;0.0;0.578001939695058
FR_CRS3035RES1000mN2099000E4262000;1;2B135;3.86319876396489;0.0;1.7897258957436;2.07347286822129;1.74664394670098;3.35736460645953;2.11655481726391;0.274968292478853;3.81843133828403;0.0447674256808672;0.0;0.230865865026508
FR_CRS3035RES1000mN2099000E4266000;1;2B251;4.0610092808266;0.800879344166697;2.30786239697843;0.95226753968147;1.94564954222372;3.43836829247753;2.11535973860288;0.331100708890449;3.96268253669694;0.0983267441296643;0.0;0.29154027945862
FR_CRS3035RES1000mN2099000E4268000;1;2B251,2B277;16.199391660135;3.19471276018055;9.20607767208594;3.7986012278685;7.76120830766213;13.7156728266072;8.43818335247287;1.32076281814677;15.8071656570223;0.392226003112728;0.0;1.16295601538101
FR_CRS3035RES1000mN2099000E4273000;1;2B123;14.1141213319583;0.742079618031616;9.65677463715661;3.71526707677006;6.31185068231264;7.61301122671152;7.80227064964565;2.97144851164341;13.3713461675631;0.742775164395159;0.0;3.52966159360336
FR_CRS3035RES1000mN2100000E4210000;1;2A017;18.0358669955188;2.68083339712736;10.5462884951313;4.80874510326017;8.57866128766754;15.359031949466;9.45720570785128;0.587207391082719;16.623702766782;1.29485331723909;0.0;2.0896276549701
FR_CRS3035RES1000mN2100000E4212000;1;2A017;10.193588993074;1.51516496634248;5.9605967569213;2.71782726981023;4.84852473679281;8.68068383201364;5.34506425628121;0.331880402526794;9.3954559317667;0.731830775062448;0.0;1.18102475853357
FR_CRS3035RES1000mN2100000E4213000;1;2A017;17.1684553784739;2.55190219395271;10.0390784364379;4.57747474808334;8.16608170602253;14.6203592400897;9.00237367245139;0.558966413658881;15.8242073556775;1.23257902734655;0.0;1.98912972472534
FR_CRS3035RES1000mN2100000E4214000;1;2A017;5.01152805168365;0.744908563305121;2.93043969816538;1.33617979021316;2.3837058512197;4.26773048839731;2.62782220046395;0.163164116995218;4.61913767490513;0.35979383324193;0.0;0.580633446291132
FR_CRS3035RES1000mN2100000E4215000;1;2A017;3.91190615781253;0.581461854697512;2.28744705848751;1.04299724462751;1.86067672407169;3.33131152919256;2.05122943374085;0.127362893597533;3.60561348313208;0.280848415350929;0.0;0.453231735022436
FR_CRS3035RES1000mN2100000E4216000;1;2A017;14.6355567304556;2.48311670759159;10.5457836353547;1.60665638750929;7.71879983956047;13.4870183684665;6.91675689089512;0.425041429250326;13.3086748899108;1.22069834098553;0.0;0.723496932738807
FR_CRS3035RES1000mN2100000E4223000;1;2A271;19.8562469512455;3.36887618713548;14.3075994999398;2.17977126417024;10.4721944374422;18.298010269946;9.38405251380329;0.576659141783265;18.0560493922313;1.65613704746508;0.0;0.981577539516202
FR_CRS3035RES1000mN2100000E4263000;1;2B135;7.81107529232268;0.0;3.61868093732905;4.19239435499363;3.53157272253802;6.78831955773349;4.27950256978467;0.555963637074005;7.72055918015717;0.090516112165512;0.0;0.466792097515189
FR_CRS3035RES1000mN2100000E4265000;1;2B251;7.16985427631959;1.41398056332952;4.07461198236043;1.68126173062963;3.43511248703488;6.07055977975105;3.73474178928471;0.584569910918161;6.99625496193163;0.173599314387964;0.0;0.514724585650374
FR_CRS3035RES1000mN2100000E4273000;1;2B123;16.139327767348;0.848559106386747;11.0424055014737;4.24836315948754;7.2175252418826;8.70538665458316;8.92180252546539;3.39781558803969;15.289973312071;0.849354455277024;0.0;4.03612552472514
FR_CRS3035RES1000mN2100000E4274000;1;2B123;12.1059098592813;0.636493675589949;8.28277159727318;3.18664458641815;5.4137762888792;6.52980270614401;6.69213357040209;2.54865938781466;11.4688196023398;0.637090256941487;0.0;3.02744776532262
FR_CRS3035RES1000mN2101000E4212000;1;2A017;7.06014566241696;1.04941305483645;4.12834786328814;1.88238474429238;3.35811958995477;6.01229776333393;3.7020260724622;0.229862513186746;6.5073535423257;0.506870727835993;0.0;0.817985385896293
FR_CRS3035RES1000mN2101000E4213000;1;2A017;3.05557497277738;0.454177635956364;1.78671616892162;0.814681167899402;1.45336748918385;2.60207472380102;1.60220748359353;0.0994826701964511;2.81633093333908;0.219369625566466;0.0;0.354017578779913
FR_CRS3035RES1000mN2101000E4223000;1;2A336;18.3872255050725;3.11963717532449;13.2490827238202;2.01850560592777;9.6974318020424;16.9442715913908;8.68979370303009;0.533996263521762;16.7202116654204;1.53361133318979;0.0;0.908957650159892
FR_CRS3035RES1000mN2101000E4229000;1;2A209;8.05814848498735;0.831400150193906;4.89414063144687;2.33260770334657;4.56110658428008;7.60914034216453;3.49704190070727;0.298174855825845;7.4524921896832;0.605656295304152;0.0;0.150833286996973
FR_CRS3035RES1000mN2101000E4241000;1;2A031;1.03429270681101;0.0936810742534155;0.521688998298674;0.418922634258919;0.567000532449242;0.949032976971777;0.467292174361768;0.0420890065782014;0.97711464014716;0.05717806666385;0.0;0.0431707232610312
FR_CRS3035RES1000mN2101000E4263000;1;2B135;0.958794393848962;0.0;0.444186090390059;0.514608303458903;0.433493725398785;0.833253104346247;0.525300668450177;0.0682434618104836;0.947683716042208;0.0111106778067543;0.0;0.0572978276922328
FR_CRS3035RES1000mN2101000E4265000;1;2B251;1.02789078945317;0.202712292537455;0.584148012756225;0.241030484159489;0.4924675384018;0.870292790334646;0.535423251051371;0.0838056122296361;1.00300309586306;0.0248876935901088;0.0;0.0737923868888874
FR_CRS3035RES1000mN2101000E4266000;1;2B251;6.15042390348395;1.21293676560296;3.49527200524858;1.44221513263241;2.94669837589232;5.20743024028023;3.20372552759163;0.501454090251622;6.00150743577183;0.148916467712121;0.0;0.441539572952099
FR_CRS3035RES1000mN2101000E4268000;1;2B251;4.0610092808266;0.800879344166697;2.30786239697843;0.95226753968147;1.94564954222372;3.43836829247753;2.11535973860288;0.331100708890449;3.96268253669694;0.0983267441296643;0.0;0.29154027945862
FR_CRS3035RES1000mN2101000E4273000;1;2B123;1.00977116587103;0.0530908430957172;0.69087776380639;0.265802558968921;0.451570783074626;0.544660134441336;0.558200382796404;0.212587305816479;0.956630561075954;0.0531406047950758;0.0;0.252523725613215
FR_CRS3035RES1000mN2101000E4275000;1;2B123;11.0999200704673;0.583601646347118;7.59448102293463;2.92183740118553;4.96389654181001;5.98718220742002;6.13602352865728;2.33686817599255;10.5157714181211;0.58414865234622;0.0;2.77586968705473
FR_CRS3035RES1000mN2102000E4213000;1;2A048;5.43399687624084;0.807703910731416;3.17747401623205;1.44881894927738;2.5846508322054;4.62749762216689;2.84934604403544;0.176918754703715;5.00852822482521;0.390124238708099;0.0;0.629580499370241
FR_CRS3035RES1000mN2102000E4215000;1;2A017;17.0783589481858;2.53851034983796;9.98639547163025;4.5534531267176;8.12322783274538;14.54363468054;8.95513111544044;0.556033075894277;15.7411652552988;1.22611071275657;0.0;1.97869119175152
FR_CRS3035RES1000mN2102000E4226000;1;2A271;11.905384836463;1.22833908553463;7.230771159119;3.44627459180937;6.7387352401294;11.2420048125071;5.1666495963336;0.44053375459352;11.0105674615219;0.894817374941152;0.0;0.22284626936239
FR_CRS3035RES1000mN2102000E4227000;1;2A323;5.92608141146997;0.611423949898236;3.5992233048536;1.71543415671813;3.35430514778829;5.59587419156849;2.57177626368168;0.219282192896952;5.48067282660355;0.44540858486642;0.0;0.110925027004523
FR_CRS3035RES1000mN2102000E4230000;1;2A062;18.951891135738;1.95536296781653;11.5104878773301;5.48604029059133;10.727227923985;17.8958726896034;8.22466321175299;0.701274916632994;17.5274532272453;1.42443790849266;0.0;0.354743529501571
FR_CRS3035RES1000mN2102000E4232000;1;2A062;1.00573212692128;0.123194454008355;0.604538219843952;0.277999453068973;0.510422251123738;0.929002043503095;0.495309875797542;0.0380659916628171;0.920435500851051;0.077961002294571;0.0;0.038664091755368
FR_CRS3035RES1000mN2102000E4261000;1;2B135;3.89121995253394;0.0;1.80270742992696;2.08851252260698;1.75931299180682;3.38171679553409;2.13190696072712;0.276962737715771;3.84612781239923;0.0450921401347171;0.0;0.232540419284085
FR_CRS3035RES1000mN2102000E4264000;1;2B251;9.19189864340716;1.81275176886083;5.22373522663767;2.15541164790865;4.40388389953931;7.78258079644805;4.78801474386785;0.749430485483103;8.9693408003992;0.222557843007967;0.0;0.659887361476005
FR_CRS3035RES1000mN2102000E4268000;1;2B251;2.04732116228881;0.403756090264024;1.16348798986807;0.480077082156715;0.980881649544362;1.73342232980547;1.06643951274445;0.166921432896175;1.99775062202286;0.0495705402659517;0.0;0.146977399587163
FR_CRS3035RES1000mN2102000E4269000;1;2B123;8.06494512429066;1.59050312748056;4.58329008848175;1.89115190832834;3.8639549195863;6.8284137460252;4.20099020470436;0.657548127363963;7.86967352040639;0.195271603884269;0.0;0.578983250901497
FR_CRS3035RES1000mN2103000E4212000;1;2A048;6.93480073695778;1.03078190932984;4.05505370195829;1.84896512566966;3.29849996313508;5.90555619580577;3.6363007738227;0.225781563450167;6.39182281764939;0.497871809593236;0.0;0.803462977701846
FR_CRS3035RES1000mN2103000E4214000;1;2A048;14.347633405317;2.13261801122567;8.38963167961106;3.82538371448029;6.82437319450293;12.2181961048084;7.52326021081409;0.46712677478941;13.2242488368317;1.03006308008487;0.0;1.66231052571924
FR_CRS3035RES1000mN2103000E4216000;1;2A048;5.063357837024;0.859065949672127;3.64844858320401;0.555843304147857;2.6704174210694;4.66600631679116;2.3929404159546;0.147048512843797;4.60430611184114;0.422316186893621;0.0;0.250303007389035
FR_CRS3035RES1000mN2103000E4230000;1;2A062,2A345;24.4907035306277;2.5268304042365;14.8745021843752;7.08937094201596;13.8623294588462;23.1260568839199;10.6283740717815;0.906227033160695;22.6499644579503;1.84073907267738;0.0;0.458419613547086
FR_CRS3035RES1000mN2103000E4262000;1;2B135,2B236;7.00488980488252;0.0;3.24519483635414;3.75969496852838;3.16707710955269;6.08769326663502;3.83781269532983;0.498582316451729;6.92371591171714;0.0811738931653873;0.0;0.418614221795777
FR_CRS3035RES1000mN2103000E4271000;1;2B123;10.07694061917;1.98729257586058;5.7267025813921;2.36294546191731;4.82791186793668;8.53192660103464;5.24902875123333;0.821589400991228;9.83295379388768;0.243986825282327;0.0;0.72342461714413
FR_CRS3035RES1000mN2103000E4272000;1;2B123;17.1302185888318;0.900657275661568;11.7203654770217;4.50919583614851;7.66065271404895;9.2398629263239;9.46956587478283;3.60642801154438;16.2287171330073;0.901501455824536;0.0;4.2839276509635
FR_CRS3035RES1000mN2103000E4274000;1;2B123;2.01954233174206;0.106181686191434;1.38175552761278;0.531605117937842;0.903141566149251;1.08932026888267;1.11640076559281;0.425174611632957;1.91326112215191;0.106281209590152;0.0;0.50504745122643
FR_CRS3035RES1000mN2104000E4214000;1;2A048;1.98962818302177;0.0840368031664605;1.17337106159877;0.732220318256542;0.969988456237932;1.4491688248064;1.01963972678384;0.148319624374713;1.98962818302177;0.0;0.0;0.392139733840658
FR_CRS3035RES1000mN2104000E4215000;1;2A048;14.1557184682267;0.597901324853309;8.34824845591499;5.2095686874584;6.90123090389686;10.3104821654338;7.25448756432984;1.05525789385071;14.1557184682267;0.0;0.0;2.78997840894223
FR_CRS3035RES1000mN2104000E4216000;1;2A048;7.11866629494638;0.76059661235692;4.17803947659291;2.18003020599656;3.57776694224289;5.4365847128371;3.5408993527035;1.02778884539124;6.72547452259379;0.34258752104442;0.0;0.654292736718049
FR_CRS3035RES1000mN2104000E4218000;1;2A048;13.1453466512485;1.404519571074;7.71517795143792;4.02564912873659;6.60671321628716;10.0392106734735;6.53863343496135;1.89791740435222;12.4192777594305;0.632622957156713;0.0;1.20821857342276
FR_CRS3035RES1000mN2104000E4223000;1;2A336;1.00077905160597;0.10692861904619;0.587370472461295;0.306479960098486;0.502981044337885;0.76430329326592;0.497798007268086;0.144491889818188;0.945502111694677;0.0481627316406546;0.0;0.0919838685218628
FR_CRS3035RES1000mN2104000E4231000;1;2A345;34.0681089025216;3.9637081723074;16.8032757118211;13.3011250183931;15.9458084415304;28.8012831584485;18.1223004609912;3.83207466095771;31.1043991201611;2.15212662467307;0.0;1.43475108311539
FR_CRS3035RES1000mN2104000E4232000;1;2A062;3.96018660372511;0.865563752922929;2.11775932387545;0.976863526926731;1.70617944945537;3.56892392531421;2.25400715426974;0.197399536067858;3.87444357024318;0.0857430334819277;0.0;0.193863142343045
FR_CRS3035RES1000mN2104000E4261000;1;2B236;4.03073027402237;0.332854026649188;2.01345961653054;1.68441663084264;1.69948336753889;3.45070432227292;2.33124690648349;0.463634767001193;3.97097723369675;0.0597530403256172;0.0;0.116391184748261
FR_CRS3035RES1000mN2104000E4272000;1;2B123;1.00977116587103;0.179571090146015;0.614964573559251;0.215235502165763;0.498403656670905;0.739117310764618;0.511367509200124;0.250354570251292;0.925313613050588;0.0697907984906586;0.0072001199830798;0.020299284855118
FR_CRS3035RES1000mN2104000E4273000;1;2B123;19.157307750812;3.4068101302027;11.6670647664603;4.08343285414898;9.45567922484535;14.0224817907692;9.70162852596662;4.74970935121637;17.554984981112;1.32406613503085;0.136600171425621;0.385116608826362
FR_CRS3035RES1000mN2105000E4215000;1;2A048;20.5305628632024;0.867158439428231;12.1077739788693;7.55563044490485;10.0091108214643;14.9536742145934;10.5214520417381;1.5304796132546;20.5305628632024;0.0;0.0;4.04640903535442
FR_CRS3035RES1000mN2105000E4216000;1;2A048;1.98962818302177;0.212582581224593;1.16773911684947;0.609306484947708;0.999966236038277;1.5194956071652;0.989661946983495;0.287261344788352;1.87973323933543;0.0957513330138025;0.0;0.182871231068218
FR_CRS3035RES1000mN2105000E4219000;1;2A295;0.94195681589776;0.100643734861819;0.552846923708234;0.288466157327708;0.473417606235012;0.719380262156402;0.468539209662749;0.135999170084325;0.889928858050463;0.0453318974536563;0.0;0.0865773836570334
FR_CRS3035RES1000mN2105000E4220000;1;2A295;2.82587044769328;0.301931204585456;1.6585407711247;0.865398471983124;1.42025281870504;2.15814078646921;1.40561762898825;0.407997510252976;2.66978657415139;0.135995692360969;0.0;0.2597321509711
FR_CRS3035RES1000mN2105000E4221000;1;2A295;6.59369771128432;0.70450614403273;3.86992846595764;2.01926310129396;3.31392324364509;5.03566183509482;3.27977446763924;0.951994190590277;6.22950200635324;0.317323282175594;0.0;0.606041685599234
FR_CRS3035RES1000mN2105000E4223000;1;2A060;68.5566418816551;8.85272721944534;40.2130684475248;19.490846214685;33.4852974104412;66.0519295566122;35.0713444712139;1.06833084276807;62.9370840412321;5.43833859565689;0.0;1.43638148227488
FR_CRS3035RES1000mN2105000E4230000;1;2A345;0.765260504382178;0.0890354473106434;0.377446346766528;0.298778710305006;0.358185347054704;0.646953564101612;0.407075157327473;0.0860786078929555;0.698687685521555;0.0483424985814146;0.0;0.0322283323876099
FR_CRS3035RES1000mN2105000E4233000;1;2A345;6.2003836628464;1.35519557278617;3.31573272361623;1.529455366444;2.67133048082541;5.58779164083954;3.52905318202099;0.30906444088703;6.06613753830667;0.134246124539726;0.0;0.303527581119841
FR_CRS3035RES1000mN2105000E4234000;1;2A330;0.828385835358691;0.181057314785825;0.442989687644273;0.204338832928593;0.356896032924167;0.74654210092577;0.471489802434524;0.0412917359578901;0.81045023748805;0.0179355978706414;0.0;0.0405519984750323
FR_CRS3035RES1000mN2105000E4235000;1;2A330;15.9360311788792;3.48308106009768;8.52199201494595;3.93095810383557;6.86576962754937;14.3615664209754;9.07026155132982;0.794347710412092;15.5909960096641;0.345035169215104;0.0;0.780117047491711
FR_CRS3035RES1000mN2105000E4260000;1;2B236;1.00768256850559;0.0832135066622967;0.503364904132634;0.421104157710659;0.42487084188472;0.862676080568227;0.58281172662087;0.115908691750298;0.992744308424186;0.0149382600814043;0.0;0.0290977961870652
FR_CRS3035RES1000mN2105000E4261000;1;2B236;4.03073027402237;0.332854026649188;2.01345961653054;1.68441663084264;1.69948336753889;3.45070432227292;2.33124690648349;0.463634767001193;3.97097723369675;0.0597530403256172;0.0;0.116391184748261
FR_CRS3035RES1000mN2105000E4267000;1;2B149;3.99567512038586;0.263273305106777;2.56714934660696;1.16525246867212;1.67753521493872;2.50501316328755;2.31813990544714;1.16965254435902;3.74097033162311;0.0668788922149669;0.149564859024328;0.321009412739288
FR_CRS3035RES1000mN2105000E4270000;1;2B123;3.02742280908457;0.199475579192327;1.9450646641897;0.882882565702543;1.27102635217691;1.89798563674552;1.75639645690766;0.886216392676678;2.83443937978891;0.0506724590057128;0.113321541918564;0.243220779662365
FR_CRS3035RES1000mN2105000E4271000;1;2B123;1.00977116587103;0.0665333852805123;0.648759799179577;0.29447798141094;0.423940044859002;0.633056989420819;0.585831121012028;0.295589951083753;0.945403182050299;0.0169013683368603;0.0377974378596995;0.0811242253664564
FR_CRS3035RES1000mN2105000E4272000;1;2B123;9.07848970528076;1.61445914515731;5.52892550200141;1.93510505812204;4.4809681827843;6.645138149675;4.59752152249645;2.25084797973588;8.31916219650585;0.627463990887706;0.0647336915060271;0.18250357586987
FR_CRS3035RES1000mN2105000E4273000;1;2B123;10.0807034272059;1.79268626897318;6.1392874879146;2.14872967031811;4.97564163025037;7.37872367478924;5.10506179695552;2.49932881790289;9.23755047241139;0.696732453164618;0.0718799235340782;0.202650934513764
FR_CRS3035RES1000mN2105000E4276000;1;2B123;6.04728817422322;1.07541011921811;3.68288194290355;1.28899611210156;2.98482531571963;4.42640424268306;3.06246285850359;1.49931616510106;5.54149123957385;0.417961103115971;0.0431198690339987;0.121567766439097
FR_CRS3035RES1000mN2106000E4216000;1;2A048;6.87700492972096;0.734776211721131;4.03620522252822;2.10602349547161;3.45631047723981;5.25202591636696;3.42069445248116;0.99289791986534;6.49716105942828;0.330957509941981;0.0;0.63208109348867
FR_CRS3035RES1000mN2106000E4218000;1;2A295;4.7097840794888;0.503218674309093;2.76423461854117;1.44233078663854;2.36708803117506;3.59690131078201;2.34269604831374;0.679995850421627;4.44964429025231;0.226659487268282;0.0;0.432886918285167
FR_CRS3035RES1000mN2106000E4219000;1;2A295;2.82587044769328;0.301931204585456;1.6585407711247;0.865398471983124;1.42025281870504;2.15814078646921;1.40561762898825;0.407997510252976;2.66978657415139;0.135995692360969;0.0;0.2597321509711
FR_CRS3035RES1000mN2106000E4222000;1;2A270;6.98212051870342;0.746007326872957;4.09789895309202;2.13821423873845;3.50914046867273;5.33230356676737;3.4729800500307;1.00807444666919;6.59647070344556;0.33601622284698;0.0;0.641742505266869
FR_CRS3035RES1000mN2106000E4233000;1;2A330;0.828385835358691;0.181057314785825;0.442989687644273;0.204338832928593;0.356896032924167;0.74654210092577;0.471489802434524;0.0412917359578901;0.81045023748805;0.0179355978706414;0.0;0.0405519984750323
FR_CRS3035RES1000mN2106000E4234000;1;2A330;9.11584014277631;1.99241641734887;4.87480954537937;2.24861418004808;3.92740561808256;8.2152037871881;5.18843452469375;0.454388339519193;8.91847070926458;0.197369433511731;0.0;0.446248016069032
FR_CRS3035RES1000mN2106000E4236000;1;2A330;20.131070381757;4.39997570154871;10.7653417039633;4.96575297624496;8.67313134905945;18.1421397315105;11.4579390326975;1.00345371356245;19.695207324156;0.435863057600971;0.0;0.985476936684096
FR_CRS3035RES1000mN2106000E4237000;1;2A330;0.828385835358691;0.181057314785825;0.442989687644273;0.204338832928593;0.356896032924167;0.74654210092577;0.471489802434524;0.0412917359578901;0.81045023748805;0.0179355978706414;0.0;0.0405519984750323
FR_CRS3035RES1000mN2106000E4263000;1;2B236;3.02304770551678;0.249640519986891;1.51009471239791;1.26331247313198;1.27461252565416;2.58802824170469;1.74843517986262;0.347726075250895;2.97823292527257;0.0448147802442129;0.0;0.087293388561196
FR_CRS3035RES1000mN2106000E4270000;1;2B123;26.1822996620177;1.72514039796353;16.8216562770813;7.63550298697287;10.9923175352833;16.414499007657;15.1899821267344;7.66433518596277;24.5133058364904;0.438234627260424;0.980047636481573;2.10346546839792
FR_CRS3035RES1000mN2106000E4271000;1;2B123;1.00977116587103;0.0665333852805123;0.648759799179577;0.29447798141094;0.423940044859002;0.633056989420819;0.585831121012028;0.295589951083753;0.945403182050299;0.0169013683368603;0.0377974378596995;0.0811242253664564
FR_CRS3035RES1000mN2106000E4272000;1;2B123;21.1541963164232;3.761923713108;12.8831974574123;4.50907514590293;10.441305074249;15.4841346447978;10.7128912421742;5.24480189849868;19.3848532086438;1.46208200654829;0.150838879908486;0.425259773126666
FR_CRS3035RES1000mN2106000E4273000;1;2B123;25.2008198548321;4.48154873782911;15.3476470305052;5.37162408649773;12.4386407448252;18.4461220816302;12.7621791100069;6.24808930773385;23.0930159820884;1.74176625331824;0.17969311539041;0.506608465467995
FR_CRS3035RES1000mN2106000E4274000;1;2B123;4.03530328642709;0.717611905256226;2.45755538343113;0.86013599773973;1.99174821158268;2.95370140680424;2.04355507484441;1.00048075668276;3.69778935061775;0.278901842348403;0.0287735170228681;0.0811211229400856
FR_CRS3035RES1000mN2106000E4276000;1;2B123;4.02775114933505;0.716268882662211;2.4529560277323;0.85852623894054;1.98802062173899;2.94817350558597;2.03973052759606;0.998608340337296;3.69086887645976;0.278379872920301;0.0287196669080805;0.0809693034117829
FR_CRS3035RES1000mN2107000E4217000;1;2A295;6.59369771128432;0.70450614403273;3.86992846595764;2.01926310129396;3.31392324364509;5.03566183509482;3.27977446763924;0.951994190590277;6.22950200635324;0.317323282175594;0.0;0.606041685599234
FR_CRS3035RES1000mN2107000E4218000;1;2A070;2.63951114700725;0.282019574104389;1.54916403075843;0.808327542144433;1.32659059073302;2.01581663708129;1.31292055627423;0.381091064221647;2.49372062627825;0.127027106364611;0.0;0.242603445704316
FR_CRS3035RES1000mN2107000E4219000;1;2A070;1.67334240443124;0.178788906712359;0.982106806795229;0.512446690923653;0.841004324346183;1.27794552495475;0.832338080085058;0.24159619042903;1.58091716092486;0.0805300041384966;0.0;0.153800689047459
FR_CRS3035RES1000mN2107000E4222000;1;2A270;6.9964448731777;0.747537817984062;4.10630610634104;2.1426009488526;3.51633973884268;5.34324319553061;3.48010513433503;1.01014258852837;6.61000386781622;0.336705585838105;0.0;0.643059089118727
FR_CRS3035RES1000mN2107000E4224000;1;2A270;2.00052037787248;0.232753716777444;0.986708583464101;0.781058077630935;0.936357072833341;1.69124602813181;1.06416330503914;0.225024038484486;1.82648777070087;0.126375466884272;0.0;0.0842503112561818
FR_CRS3035RES1000mN2107000E4231000;1;2A345;0.765260504382178;0.0890354473106434;0.377446346766528;0.298778710305006;0.358185347054704;0.646953564101612;0.407075157327473;0.0860786078929555;0.698687685521555;0.0483424985814146;0.0;0.0322283323876099
FR_CRS3035RES1000mN2107000E4234000;1;2A330;0.828385835358691;0.181057314785825;0.442989687644273;0.204338832928593;0.356896032924167;0.74654210092577;0.471489802434524;0.0412917359578901;0.81045023748805;0.0179355978706414;0.0;0.0405519984750323
FR_CRS3035RES1000mN2107000E4235000;1;2A330;9.96898301426179;2.17888478854324;5.33103836777545;2.4590598579431;4.29496780149297;8.98405695256463;5.67401521276882;0.496914115166335;9.75314196183042;0.215841052431364;0.0;0.488011946530836
FR_CRS3035RES1000mN2107000E4262000;1;2B149;19.9783756019293;1.64979602030675;9.9797430598653;8.34883652175726;8.42351503020345;17.1034681943063;11.5548605717259;2.29801273902145;19.6822087532875;0.296166848641826;0.0;0.576894668601535
FR_CRS3035RES1000mN2107000E4263000;1;2B149;12.985944141254;1.07236741319939;6.48683298891242;5.4267437391422;5.47528476963222;11.1172543262991;7.51065937162178;1.49370828036393;12.7934356896368;0.192508451617186;0.0;0.374981534590996
FR_CRS3035RES1000mN2107000E4265000;1;2B149;1.99783756019293;0.131636652553389;1.28357467330348;0.582626234336061;0.838767607469361;1.25250658164377;1.15906995272357;0.584826272179511;1.87048516581156;0.0334394461074834;0.074782429512164;0.160504706369644
FR_CRS3035RES1000mN2107000E4267000;1;2B149;3.99567512038586;0.263273305106777;2.56714934660696;1.16525246867212;1.67753521493872;2.50501316328755;2.31813990544714;1.16965254435902;3.74097033162311;0.0668788922149669;0.149564859024328;0.321009412739288
FR_CRS3035RES1000mN2107000E4271000;1;2B123;9.07471098330779;0.597928780864821;5.83033847086043;2.64644373158253;3.80990615633934;5.68921891327862;5.26480482696845;2.65643689017532;8.49624244558964;0.151890881878307;0.339681737882103;0.729055179853833
FR_CRS3035RES1000mN2107000E4274000;1;2B123;5.04507445229812;0.897182995402242;3.07251995699038;1.07537149990549;2.49015186825359;3.69281871756886;2.55492258404453;1.25083532693405;4.62310296366834;0.348692640839062;0.0359736370059479;0.101420407795204
FR_CRS3035RES1000mN2107000E4276000;1;2B123;15.1087935238746;2.68684887781767;9.2014637379644;3.22048090809252;7.45741034671867;11.0591104358097;7.65138317715592;3.74595317982;13.8450896568751;1.04425121245379;0.107732454488972;0.30372990824484
FR_CRS3035RES1000mN2108000E4214000;1;2A070;1.67334240443124;0.0706777012264212;0.98684345661193;0.615821246592888;0.815792030632875;1.21879839983238;0.857550373798364;0.124741657257076;1.67334240443124;0.0;0.0;0.329802347341786
FR_CRS3035RES1000mN2108000E4215000;1;2A070;6.92830349027792;0.292633810507104;4.08592464201986;2.54974503775096;3.37770366555419;5.04631041748682;3.55059982472373;0.516480104172705;6.92830349027792;0.0;0.0;1.3655129686184
FR_CRS3035RES1000mN2108000E4216000;1;2A070;10.8066891413422;1.15464481844504;6.34258890262192;3.30945542027525;5.43132850495285;8.25315846367345;5.37536063638936;1.56026341099415;10.209793447585;0.52007450416075;0.0;0.993267266674603
FR_CRS3035RES1000mN2108000E4217000;1;2A070;0.942107534408195;0.100659838438487;0.552935382397033;0.288512313572676;0.47349335577599;0.719495367137563;0.468614178632205;0.13602093073406;0.89007125178828;0.0453391508180825;0.0;0.086591236536573
FR_CRS3035RES1000mN2108000E4219000;1;2A070;5.27902229401449;0.564039148208776;3.09832806151685;1.61665508428886;2.65318118146603;4.03163327416257;2.62584111254846;0.762182128443293;4.98744125255649;0.254054212729223;0.0;0.485206891408632
FR_CRS3035RES1000mN2108000E4221000;1;2A270;9.95612466824343;1.06376593326829;5.84338135464107;3.04897738033408;5.00384373069684;7.60357529456018;4.9522809375466;1.43745941351536;9.40620897591085;0.479140885101485;0.0;0.915089960167903
FR_CRS3035RES1000mN2108000E4223000;1;2A270;3.99745967288975;0.427110101704276;2.34616199543981;1.22418757574566;2.00908126298421;3.05289323131264;1.98837840990554;0.577150872293887;3.77666434570784;0.192378704531009;0.0;0.367415569283231
FR_CRS3035RES1000mN2108000E4237000;1;2A324;1.91396812702313;0.418329134653071;1.02351839753989;0.472120594830169;0.824600811024341;1.72486989234203;1.08936731599879;0.0954036913229403;1.87252830369654;0.0414398233265874;0.0;0.0936945433581624
FR_CRS3035RES1000mN2108000E4241000;1;2A040;15.8015476400001;2.29264060218923;7.43106218236974;6.07784485544115;11.5639347183424;14.9361025847688;4.23761292165771;0.464421289337913;15.0562511047988;0.745296535201272;0.0;0.401023765893346
FR_CRS3035RES1000mN2108000E4263000;1;2B149;5.99351268057879;0.494938806092026;2.99392291795959;2.50465095652718;2.52705450906103;5.1310404582919;3.46645817151775;0.689403821706434;5.90466262598624;0.0888500545925477;0.0;0.17306840058046
FR_CRS3035RES1000mN2108000E4267000;1;2B123;5.04129573032515;0.332168794748061;3.23894176834549;1.4701851672316;2.11652620939912;3.16054528559125;2.92476952092603;1.47573669034225;4.71993773063897;0.0843803021051495;0.188704202040634;0.405013754391642
FR_CRS3035RES1000mN2108000E4270000;1;2B123;12.1040218258368;0.797528761764016;7.77661616255543;3.52987690151734;5.08172517621184;7.58838821698619;7.02229664962496;3.54320596620477;11.3324495059051;0.202594942448567;0.453073952076926;0.972427642645824
FR_CRS3035RES1000mN2108000E4276000;1;2B009,2B123;17.572704561491;3.12501467815118;10.7020195586772;3.74567032466264;8.67354951999415;12.8626074672539;8.89915504149683;4.35683553595044;16.1029184615681;1.21454555689258;0.125301242050033;0.35326155828666
FR_CRS3035RES1000mN2108000E4277000;1;2B123;6.0454027925486;1.07507483529033;3.68173371944787;1.28859423781041;2.98389472753033;4.42502420898809;3.06150806501826;1.49884871867868;5.53976355176864;0.417830794094503;0.0431064254195146;0.121529864881826
FR_CRS3035RES1000mN2109000E4216000;1;2A070;6.40658666016318;0.684514192490021;3.76011051331026;1.9619619543629;3.21988319379688;4.89276356764123;3.18670346636631;0.924979207274054;6.05272583016075;0.308318518009431;0.0;0.588843885247902
FR_CRS3035RES1000mN2109000E4217000;1;2A070;13.2353276239643;1.41413362238482;7.76798897538151;4.05320502619798;6.65193670848007;10.1079298914344;6.58339091548424;1.91090880417671;12.5042887312116;0.636953313027693;0.0;1.21648892835323
FR_CRS3035RES1000mN2109000E4220000;1;2A014,2A270;82.6842675329295;12.3535171229389;48.2742254735464;22.0565249364441;38.9992269038226;79.9168024435003;43.6850406291069;1.84612338265753;78.2214493577348;4.27724119439199;0.0;0.921341706771683
FR_CRS3035RES1000mN2109000E4221000;1;2A270;6.98929233460018;0.746773602274769;4.10210818677345;2.14041054555197;3.51274494804683;5.33778074227359;3.47654738655335;1.00910990922277;6.60324639190966;0.336361368205346;0.0;0.642401683103827
FR_CRS3035RES1000mN2109000E4231000;1;2A266;0.990538770340278;0.115245804521145;0.488559435714496;0.386733530104638;0.463628360791875;0.837404497138969;0.526910409548403;0.111418527320612;0.904368168624035;0.0625736188210451;0.0;0.0417157458806969
FR_CRS3035RES1000mN2109000E4237000;1;2A324;2.04349158141361;0.446638610567239;1.09278268496967;0.504070285876697;0.880403801695446;1.8415965523506;1.16308777971816;0.101859919870993;1.99924741197968;0.0442441694339277;0.0;0.100035109192016
FR_CRS3035RES1000mN2109000E4238000;1;2A324;1.02174579070681;0.223319305283621;0.54639134248484;0.25203514293835;0.440201900847725;0.920798276175306;0.581543889859085;0.0509299599354969;0.999623705989846;0.022122084716964;0.0;0.0500175545960083
FR_CRS3035RES1000mN2109000E4254000;1;2B124;1.089586593045;0.0435937610574544;0.430831508430286;0.615161323557261;0.380753746814282;1.089586593045;0.70883284623072;0.0;1.03490674314226;0.05467984990274;0.0;0.0
FR_CRS3035RES1000mN2109000E4267000;1;2B123;18.1569794105615;1.1963555184418;11.6655324634295;5.29509142869016;7.62298521287006;11.3831758235152;10.5339941976914;5.31508606820536;16.9995605849564;0.303908258895445;0.679646363637794;1.45871751884093
FR_CRS3035RES1000mN2109000E4270000;1;2B002;4.57749464134029;0.301609141640585;2.94095791663832;1.33492758306138;1.92180500808586;2.86977393956101;2.65568963325443;1.3399683639736;4.28570169758049;0.07661728281433;0.171343345014137;0.367752337805678
FR_CRS3035RES1000mN2109000E4271000;1;2B002;24.2903085829631;1.60047792426193;15.6060860627761;7.08374459592502;10.1979882753115;15.2283508812305;14.0923203076516;7.11049331622961;22.741919955209;0.406566820535548;0.9092272192834;1.95146438550291
FR_CRS3035RES1000mN2109000E4272000;1;2B002;9.09818736746872;1.6179620483813;5.54092165007629;1.93930366901113;4.49069057058281;6.65955615208663;4.6074967968859;2.25573166023567;8.33721234052246;0.628825403868152;0.0648741446462365;0.182899555146411
FR_CRS3035RES1000mN2109000E4273000;1;2B002;7.1188008826061;1.26596092087785;4.33544796780642;1.51739199392182;3.51370341214131;5.21071421135493;3.60509747046478;1.76497843858715;6.52338231463552;0.492019196710298;0.050760233826052;0.143108232664017
FR_CRS3035RES1000mN2109000E4275000;1;2B009;15.8648193321289;2.82129555559505;9.66189388737537;3.38162988915847;7.83057016758411;11.6124949858464;8.03424916454478;3.93339615969666;14.5378812475241;1.09650428386339;0.113123256597131;0.318928186585791
FR_CRS3035RES1000mN2109000E4278000;1;2B009;1.92167763789459;0.341738564151103;1.17032819815845;0.40961087558504;0.948503179770633;1.40660107545452;0.973174458123955;0.476445352627613;1.76094796359621;0.132817633661205;0.013702420933863;0.0386312098124566
FR_CRS3035RES1000mN2110000E4230000;1;2A266;0.990538770340278;0.115245804521145;0.488559435714496;0.386733530104638;0.463628360791875;0.837404497138969;0.526910409548403;0.111418527320612;0.904368168624035;0.0625736188210451;0.0;0.0417157458806969
FR_CRS3035RES1000mN2110000E4243000;1;2A040;18.9340917487294;2.74714024839107;8.90421725498155;7.28273424535681;13.8564022918334;17.8970783844339;5.077689456896;0.556489497277318;18.0410454915521;0.893046257177308;0.0;0.480523867018228
FR_CRS3035RES1000mN2110000E4255000;1;2B124;20.6222313043176;0.825084146308736;8.15420002113634;11.6429471368725;7.20639542273205;20.6222313043176;13.4158358815856;0.0;19.5873245611753;1.03490674314226;0.0;0.0
FR_CRS3035RES1000mN2110000E4260000;1;2B124;8.3170634292636;0.68681550590694;4.15459983786857;3.47564808548809;3.50673699401226;7.12023002604382;4.81032643525134;0.956670256507313;8.1937681967142;0.123295232549402;0.0;0.24016314671247
FR_CRS3035RES1000mN2110000E4267000;1;2B229;1.00812319262089;0.0664248010359929;0.647701006028267;0.293997385556629;0.423248163493002;0.632023823670359;0.584875029127888;0.295107540465526;0.943860259052223;0.0168737848567102;0.037735751441408;0.0809918284850036
FR_CRS3035RES1000mN2110000E4269000;1;2B229;6.96979237074404;0.459236604095225;4.47796614876283;2.03258961788598;2.92618188177553;4.36957988526577;4.04361048896851;2.04026481995554;6.5255021219064;0.116659132356756;0.260891083972438;0.559947665522729
FR_CRS3035RES1000mN2110000E4272000;1;2B002;6.90436302079528;1.22782669609958;4.20485235099685;1.47168397369885;3.40786100143729;5.05375316799714;3.49650201935799;1.71181243370034;6.32688009770417;0.477198225278125;0.0492311959745689;0.138797419097791
FR_CRS3035RES1000mN2110000E4273000;1;2B002;7.45884472405475;1.32643209035683;4.54253935941646;1.58987327428146;3.68154252236213;5.45961445541844;3.77730220169262;1.84928618342064;6.83498479068269;0.515521483187315;0.0531848984834406;0.14994408521566
FR_CRS3035RES1000mN2110000E4274000;1;2B002;4.17173248354775;0.741873580062092;2.54064264702512;0.889216256460534;2.05908704340896;3.05356282560264;2.11264544013879;1.03430591843157;3.8228075701709;0.288331209046825;0.0297463182095772;0.0838637395135332
FR_CRS3035RES1000mN2110000E4277000;1;2B009;5.85783264975883;1.04171858967942;3.56750091426209;1.24861314581731;2.89131370698984;4.28772939982316;2.96651894276899;1.45234408071984;5.36788183005647;0.404866797418075;0.0417689664199156;0.117759169215823
FR_CRS3035RES1000mN2111000E4215000;1;2A090;7.81561109705456;0.330111413274845;4.60920888045828;2.87629080332143;3.81028606615041;5.69259123152382;4.00532503090415;0.582625694622705;7.81561109705456;0.0;0.0;1.54039417090803
FR_CRS3035RES1000mN2111000E4220000;1;2A022;1.98182895340552;0.21174926956489;1.16316164575115;0.606918038089482;0.996046425115859;1.51353927057815;0.985782528289663;0.286135296611615;1.87236479166466;0.0953759932198605;0.0;0.182154386215758
FR_CRS3035RES1000mN2111000E4228000;1;2A266;1.98107754068056;0.230491609042291;0.977118871428993;0.773467060209277;0.927256721583752;1.67480899427794;1.05382081909681;0.222837054641225;1.80873633724807;0.12514723764209;0.0;0.0834314917613939
FR_CRS3035RES1000mN2111000E4230000;1;2A266;4.95269385170139;0.576229022605725;2.44279717857248;1.93366765052319;2.31814180395938;4.18702248569485;2.63455204774201;0.55709263660306;4.52184084312018;0.312868094105225;0.0;0.208578729403484
FR_CRS3035RES1000mN2111000E4257000;1;2B124;5.83729328160415;0.482038350726767;2.9158870709119;2.43936785996549;2.46118746954331;4.99730118063819;3.37610581206084;0.671434684671523;5.75075908131392;0.0865342002902304;0.0;0.168557416294436
FR_CRS3035RES1000mN2111000E4258000;1;2B124;1.089586593045;0.0899770662441467;0.544278196422187;0.455331330378666;0.459404169092526;0.932794037433559;0.630182423952474;0.125329702523091;1.07343415733079;0.0161524357142108;0.0;0.0314628530883497
FR_CRS3035RES1000mN2111000E4260000;1;2B124;1.089586593045;0.0899770662441467;0.544278196422187;0.455331330378666;0.459404169092526;0.932794037433559;0.630182423952474;0.125329702523091;1.07343415733079;0.0161524357142108;0.0;0.0314628530883497
FR_CRS3035RES1000mN2111000E4270000;1;2B002;2.83570994813049;0.186843701721272;1.82189260167054;0.826973644738678;1.19053805777922;1.77779487403529;1.64517189035127;0.830096355675363;2.65494727810109;0.0474636035863732;0.106145406182338;0.227818718419834
FR_CRS3035RES1000mN2111000E4271000;1;2B002;23.9219679617416;1.57620812007808;15.3694338434119;6.97632599825156;10.043344981106;14.9974266751994;13.8786229806356;7.00266909833852;22.3970592509713;0.400401601401645;0.895439608572796;1.92187218820362
FR_CRS3035RES1000mN2111000E4273000;1;2B002;8.93940118418937;1.58972455359504;5.44421867341399;1.90545795718033;4.41231675971351;6.54333019838674;4.52708442447585;2.2163634865144;8.19170707960922;0.61785082379011;0.063741928150155;0.179707499288226
FR_CRS3035RES1000mN2111000E4275000;1;2B009;0.949444777819596;0.168843040432273;0.578224970809336;0.202376766577986;0.468627709986344;0.694960496615289;0.480817067833251;0.235397729071933;0.870032941570914;0.0656213124383062;0.0067699658582673;0.0190865521323727
FR_CRS3035RES1000mN2111000E4276000;1;2B009;15.3966193962308;2.7380339457005;9.3767536658563;3.281831784674;7.59947567014576;11.2697889458867;7.79714372608502;3.81731441988748;14.1088416898911;1.06414442998361;0.109784781674817;0.30951603045659
FR_CRS3035RES1000mN2111000E4279000;1;2B009;16.3464743848692;2.90694993533791;9.95522846071466;3.48429598881661;8.06830585231492;11.9650497025287;8.27816853255426;4.05281385334227;14.9792505321291;1.1297940943313;0.116557672519669;0.328610828998192
FR_CRS3035RES1000mN2112000E4209000;1;2A348;5.71303911735198;0.714180617671114;2.92305580017276;2.07580269950811;2.88527713113053;4.6727061199481;2.82776198622145;0.808732763181354;5.081204581418;0.431364898362848;0.0671174197846224;0.231600234222526
FR_CRS3035RES1000mN2112000E4210000;1;2A348;14.3136265450134;1.78933041364672;7.3235152489733;5.20078088239339;7.22886339224162;11.7071437778876;7.08476315277178;2.02622431058378;12.7306085750975;1.08075508200884;0.16815807869127;0.580258456542025
FR_CRS3035RES1000mN2112000E4211000;1;2A348;14.3914829357474;1.79906315380164;7.36335018968364;5.22906959226214;7.26818349124372;11.7708226755788;7.12329944450368;2.03724559237728;12.7998544250145;1.08663365440893;0.169072744240109;0.583414667791296
FR_CRS3035RES1000mN2112000E4212000;1;2A348;2.88754831030945;0.360969178304495;1.47740364862779;1.04917548337717;1.45830912998056;2.36173153799141;1.42923918032889;0.40875878422107;2.56819941226148;0.218025285283148;0.0339232391220254;0.117057988096973
FR_CRS3035RES1000mN2112000E4214000;1;2A090;1.00297633499508;0.125380947639705;0.513169214007109;0.364426173348266;0.506536822693372;0.820336350307872;0.496439512301708;0.141980442658346;0.892051996099933;0.0757300581911698;0.0117830776802223;0.040659542028863
FR_CRS3035RES1000mN2112000E4215000;1;2A090;6.88203462302817;0.860315435786195;3.52116812236293;2.50055106487905;3.47565922543085;5.62882988198823;3.40637539759732;0.974214732765746;6.12091482969161;0.519630288662918;0.0808509091707711;0.2789900082742
FR_CRS3035RES1000mN2112000E4216000;1;2A090;1.93655280902147;0.219450094695431;1.06918236700227;0.647920347323769;0.939071059816088;1.76808904061303;0.99748174920538;0.117811385109338;1.78327052004556;0.1355769055852;0.0;0.050652383299102
FR_CRS3035RES1000mN2112000E4225000;1;2A144;2.80606291278999;0.383942084893977;1.36025369606024;1.06186713183578;1.56441077098939;2.77745011032887;1.24165214180061;0.0286128024611161;2.65805275726339;0.118476148996295;0.0;0.0
FR_CRS3035RES1000mN2112000E4232000;1;2A027;3.16841519132908;0.142172398774884;1.56353317816415;1.46270961439005;1.54490297858292;2.72859870504774;1.62351221274616;0.439816486281335;2.95470331688844;0.213711874440639;0.0;0.0
FR_CRS3035RES1000mN2112000E4233000;1;2A027,2A259;4.28623928553694;0.192331144799336;2.11515124369682;1.97875689704078;2.08994826728104;3.69125454140209;2.1962910182559;0.594984744134841;3.99712937515649;0.289109910380449;0.0;0.0
FR_CRS3035RES1000mN2112000E4263000;1;2B229;3.98895778168246;0.186997680934964;2.27828532844781;1.52367477229969;1.70986578341468;3.60395826538287;2.27909199826778;0.384999516299589;3.8019601007475;0.0;0.0;0.0
FR_CRS3035RES1000mN2112000E4264000;1;2B229;1.00812319262089;0.0775662583109668;0.683146598341244;0.247410335968679;0.377633224349799;0.723914873782172;0.63048996827109;0.261834473000295;0.967853102622061;0.0402700899988286;0.0;0.0223738458384231
FR_CRS3035RES1000mN2112000E4265000;1;2B229;1.00812319262089;0.0775662583109668;0.683146598341244;0.247410335968679;0.377633224349799;0.723914873782172;0.63048996827109;0.261834473000295;0.967853102622061;0.0402700899988286;0.0;0.0223738458384231
FR_CRS3035RES1000mN2112000E4268000;1;2B002;3.98643711826303;0.306721453805396;2.70137714991225;0.978338514545382;1.49328089429593;2.86258777144628;2.4931562239671;1.03537610249359;3.82719647912073;0.159240639142297;0.0;0.0884732443231526
FR_CRS3035RES1000mN2112000E4269000;1;2B002;1.15072717013255;0.0885383865556152;0.779781040302404;0.282407743274532;0.431051298873838;0.826316188558798;0.719675871258712;0.298872245340835;1.10476067809613;0.0459664920364167;0.0;0.0255387362329165
FR_CRS3035RES1000mN2112000E4270000;1;2B002;10.8605074058518;0.835621012388772;7.3595357639566;2.66535062950643;4.06824132186095;7.7987322437032;6.79226608399085;2.82074180411836;10.4266778760207;0.433829529831148;0.0;0.241033358030241
FR_CRS3035RES1000mN2112000E4271000;1;2B002;10.2489145376013;0.788564292786346;6.94509476054224;2.51525548427272;3.83914453238392;7.35955856208735;6.40977000521738;2.66189604248798;9.83951545439351;0.409399083207794;0.0;0.22745993302596
FR_CRS3035RES1000mN2112000E4276000;1;2B009;23.2461413377039;2.85479837800685;14.5442509236111;5.84709203608592;9.7497154077245;17.0628095992859;13.4964259299794;5.51887314036876;21.2699755262482;1.97616581145565;0.0;0.664458598049208
FR_CRS3035RES1000mN2112000E4283000;1;2B009;1.92167763789459;0.106733584167509;1.16939993609495;0.645544117632134;0.905437500263715;1.33632939223721;1.01624013763087;0.424287345256229;1.89416657401221;0.0275110638823778;0.0;0.16106090040115
FR_CRS3035RES1000mN2113000E4210000;1;2A348;2.85651955867599;0.357090308835557;1.46152790008638;1.03790134975406;1.44263856556527;2.33635305997405;1.41388099311072;0.404366381590677;2.540602290709;0.215682449181424;0.0335587098923112;0.115800117111263
FR_CRS3035RES1000mN2113000E4214000;1;2A090;16.1004427219858;2.01269830151205;8.23773328295773;5.85001113751603;8.13126572960599;13.1685843025993;7.9691769923798;2.27916442781683;14.3198115121136;1.21566922538164;0.189149794127554;0.652693991569696
FR_CRS3035RES1000mN2113000E4215000;1;2A090;4.35607493023045;0.544548045338015;2.228769982009;1.58275690288344;2.19996452317492;3.56284239742346;2.15611040705552;0.61664211334565;3.87431408009443;0.328906870921402;0.0511756533956765;0.176590419461343
FR_CRS3035RES1000mN2113000E4216000;1;2A090;7.74981277223465;0.878208504728618;4.27871789761784;2.59288636988819;3.75803069221541;7.07564439531845;3.99178208001923;0.471464642111334;7.13639854705629;0.542559763735617;0.0;0.202703734804866
FR_CRS3035RES1000mN2113000E4218000;1;2A090;14.1776386972752;1.60660950746123;7.8275589646921;4.74347022512187;6.87500497539605;12.9443036542287;7.30263372187913;0.862505398626199;13.0554483280439;0.99256801783413;0.0;0.3708296444203
FR_CRS3035RES1000mN2113000E4230000;1;2A266;14.8580815551042;2.03297038843633;7.20253286538039;5.62257830128748;8.28354300792663;14.7065769859979;6.57453854717759;0.151504569106276;14.0743689192349;0.627330298297333;0.0;0.0
FR_CRS3035RES1000mN2113000E4231000;1;2A027;42.2455358843878;8.43726841438042;23.6393858811312;10.1688815888762;18.0049574544903;41.2848256562803;24.2405784298975;0.491461052597565;41.0714044751041;1.17413140928373;0.0;0.469249175509902
FR_CRS3035RES1000mN2113000E4232000;1;2A027;3.16841519132908;0.142172398774884;1.56353317816415;1.46270961439005;1.54490297858292;2.72859870504774;1.62351221274616;0.439816486281335;2.95470331688844;0.213711874440639;0.0;0.0
FR_CRS3035RES1000mN2113000E4233000;1;2A259;22.8266061588343;1.02427022896884;11.2643558116676;10.5379801181979;11.1301359563705;19.6579817493878;11.6964702024638;3.16862440944649;21.286935220924;1.53967093791024;0.0;0.0
FR_CRS3035RES1000mN2113000E4249000;1;2B354;11.0104865136394;0.407544090866386;7.34064016249297;3.26230226028006;5.30677781514738;10.1953983319066;5.70370869849204;0.0;11.0104865136394;0.0;0.0;0.815088181732774
FR_CRS3035RES1000mN2113000E4271000;1;2B002;8.45970211203997;0.650900052750881;5.73264930627744;2.07615275301165;3.16892281518002;6.0747577592684;5.29077929685995;2.19719341887857;8.12177420014514;0.337927911894833;0.0;0.187750933893
FR_CRS3035RES1000mN2113000E4275000;1;2B009;1.92167763789459;0.235996250905329;1.2023226286807;0.48335875830856;0.80597505636224;1.41052311307334;1.11570258153235;0.456226043976694;1.75831488476159;0.163362753133;0.0;0.0549284808445579
FR_CRS3035RES1000mN2113000E4276000;1;2B009;2.87112241571418;0.352595103693435;1.79635511287295;0.722172199147797;1.20418378462447;2.1074213738912;1.66693863108971;0.681634003364481;2.62704689900743;0.244075516706755;0.0;0.0820670384585012
FR_CRS3035RES1000mN2113000E4277000;1;2B009;13.6605412304864;1.67761566880933;8.54689544050386;3.43603012117321;5.72939772575109;10.0269206253569;7.93114350473531;3.24315304568642;12.4992519587103;1.16128927177615;0.0;0.390467559443091
FR_CRS3035RES1000mN2113000E4279000;1;2B009;1.89888955563919;0.233197705576213;1.1880649683845;0.477626881678476;0.796417456524472;1.39379652163573;1.10247209911472;0.450815918775577;1.73746402849168;0.16142552714751;0.0;0.0542771152278869
FR_CRS3035RES1000mN2114000E4207000;1;2A065;9.45612273337124;0.781471686399677;5.08947423476397;3.58517681220761;4.8965622284171;7.26185807998476;4.55956050495414;0.714544671387076;8.95774026325111;0.24146854182577;0.0;1.47971998199941
FR_CRS3035RES1000mN2114000E4209000;1;2A065;4.21944670502459;0.527468304019167;2.15886464477049;1.53311375623494;2.13096266872304;3.45109389877621;2.08848403630154;0.597301142659191;3.75279627676652;0.31859071182135;0.049570529790323;0.171051663589188
FR_CRS3035RES1000mN2114000E4212000;1;2A348;8.56955867602796;1.07127092650667;4.38458370025913;3.11370404926216;4.32791569669579;7.00905917992215;4.24164297933217;1.21309914477203;7.62180687212699;0.647047347544272;0.100676129676933;0.347400351333789
FR_CRS3035RES1000mN2114000E4231000;1;2A027;1.05613839710969;0.144507087234086;0.511968620401031;0.399662689474573;0.5888087100838;1.04536918762748;0.467329687025891;0.0107692094822113;1.00043073364238;0.0445917336800782;0.0;0.0
FR_CRS3035RES1000mN2114000E4235000;1;2A204;4.91178842143509;0.220400641955386;2.42384400316387;2.26754377631584;2.3949628139679;4.229969469555;2.51682560746718;0.681818951880083;4.58048477370816;0.331303647726923;0.0;0.0
FR_CRS3035RES1000mN2114000E4236000;1;2A204;14.7353652643053;0.661201925866158;7.27153200949162;6.80263132894753;7.18488844190373;12.689908408665;7.55047682240157;2.04545685564025;13.7414543211245;0.99391094318077;0.0;0.0
FR_CRS3035RES1000mN2114000E4237000;1;2A204;3.92943073714807;0.176320513564308;1.93907520253109;1.81403502105267;1.91597025117432;3.383975575644;2.01346048597375;0.545455161504066;3.66438781896653;0.265042918181538;0.0;0.0
FR_CRS3035RES1000mN2114000E4249000;1;2B354;5.9842291079104;0.221501312253402;3.98965772099807;1.77307007465893;2.88424805128081;5.5412264834036;3.0999810566296;0.0;5.9842291079104;0.0;0.0;0.443002624506804
FR_CRS3035RES1000mN2114000E4262000;1;2B229;7.92091336910638;0.37132316559262;4.52401396665815;3.02557623685561;3.3952975901175;7.1564159783943;4.52561577898888;0.764497390712084;7.54959020351376;0.0;0.0;0.0
FR_CRS3035RES1000mN2114000E4267000;1;2B075;6.17891597973911;0.475413517389872;4.18709287108178;1.51640959126746;2.3145623287856;4.43696684524704;3.86435365095351;1.6048169718842;5.93209544786304;0.246820531876074;0.0;0.137132162607869
FR_CRS3035RES1000mN2114000E4268000;1;2B075;7.20873530969563;0.554649103621517;4.88494168292874;1.76914452314537;2.70032271691653;5.17646131945488;4.5084125927791;1.87228646719824;6.92077802250688;0.287957287188753;0.0;0.159987523042514
FR_CRS3035RES1000mN2114000E4279000;1;2B009;3.86655356886331;0.474841424067409;2.41915957139607;0.972552573399836;1.62167975998645;2.83807391482851;2.24487380887686;0.917959601423658;3.53785596439008;0.328697604473235;0.0;0.110520052611142
FR_CRS3035RES1000mN2115000E4205000;1;2A065;14.5091353692027;1.19906211085415;7.80910661931873;5.50096663902983;7.51310935983379;11.1423344308554;6.99602600936892;1.09637170083572;13.7444351925551;0.370500664970223;0.0;2.27042923751154
FR_CRS3035RES1000mN2115000E4207000;1;2A065;1.01170699319225;0.0836093600310565;0.544520922598767;0.383576710562428;0.523881340034646;0.776943448202365;0.487825653157604;0.0764488640190095;0.958385241294345;0.0258346279219636;0.0;0.158314680970876
FR_CRS3035RES1000mN2115000E4209000;1;2A065;3.03512097957674;0.379417072310434;1.55290867108397;1.10279523618234;1.53283829721899;2.48243151932498;1.50228268235775;0.42964904072642;2.69945125699251;0.229167808233197;0.0356569392750433;0.123040419525342
FR_CRS3035RES1000mN2115000E4213000;1;2A090,2A348;7.70949753685992;0.963755647337593;3.94453652926872;2.80120536025362;3.89355586032103;6.30561345410629;3.81594167653889;1.09134965079925;6.85686434138762;0.582108148238558;0.0905720356330723;0.312534431954379
FR_CRS3035RES1000mN2115000E4214000;1;2A090;13.9730406505179;1.7467541526577;7.14925570796327;5.07703078989694;7.05685604687112;11.4285778936206;6.91618460364678;1.97801127267207;12.427689835714;1.05503903197925;0.164156837673307;0.56645148422523
FR_CRS3035RES1000mN2115000E4220000;1;2A019;8.54974718170337;0.968857043250398;4.72036646066141;2.86052367779155;4.14593400690101;7.80599125495589;4.40381317480235;0.520129145520229;7.87301644032016;0.59856269399482;0.0;0.223626781227248
FR_CRS3035RES1000mN2115000E4235000;1;2A204;12.7706498957312;0.573041669084001;6.30199440822604;5.89561381842116;6.22690331631653;10.997920620843;6.54374657941466;1.77272927488821;11.9092604116412;0.861389484089997;0.0;0.0
FR_CRS3035RES1000mN2115000E4249000;1;2B354;3.99262468141209;0.147783714547137;2.66186431033979;1.18297665652517;1.92434476508196;3.69705725231782;2.06827991633013;0.0;3.99262468141209;0.0;0.0;0.295567429094274
FR_CRS3035RES1000mN2115000E4260000;1;2B229;6.01961062554403;0.282192314061901;3.43808867422032;2.2993296372618;2.58030463129041;5.43861997435473;3.43930599425361;0.5809906511893;5.73741831148213;0.0;0.0;0.0
FR_CRS3035RES1000mN2115000E4268000;1;2B075;2.05963865991304;0.158471172463291;1.39569762369393;0.505469863755822;0.771520776261868;1.47898894841568;1.28811788365117;0.534938990628068;1.97736514928768;0.0822735106253582;0.0;0.0457107208692897
FR_CRS3035RES1000mN2115000E4270000;1;2B016;26.1091163645372;2.00886804214648;17.6926333613642;6.40761496102657;9.78022316105178;18.748480161894;16.3288932034854;6.78118187722598;25.0661719372234;1.04294442731385;0.0;0.579454325417233
FR_CRS3035RES1000mN2115000E4272000;1;2B016;7.02398360731705;0.862597224976523;4.39464677531041;1.76673960703012;2.94594445611452;5.15564683097613;4.07803915120253;1.66756598033493;6.42687133550567;0.597112271811384;0.0;0.200770796005988
FR_CRS3035RES1000mN2115000E4273000;1;2B016;33.7481484889038;4.14452266151339;21.1149684026823;8.48865742470811;14.1543853891469;24.7713469357866;19.5937630997569;8.01215769649039;30.8792019280597;2.86894656084406;0.0;0.964643856626764
FR_CRS3035RES1000mN2115000E4275000;1;2B009,2B016;8.82430607551784;1.08369016196959;5.52104196238852;2.21957395115973;3.70102167310711;6.47709450893561;5.12328440241073;2.09498105836513;8.07414751272984;0.750158562788004;0.0;0.252230508217104
FR_CRS3035RES1000mN2115000E4276000;1;2B009;8.915394749059;1.09487652592146;5.57803277669338;2.24248544644416;3.73922537457274;6.54395415117496;5.17616937448626;2.11660644670357;8.15749269371247;0.757902055346527;0.0;0.25483415118047
FR_CRS3035RES1000mN2115000E4279000;1;2B009;4.79280005360877;0.588591354598764;2.99867774155365;1.20553095745636;2.01015884098671;3.51794448696454;2.78264121262205;1.13786004734117;4.38536178376901;0.407438269839754;0.0;0.136995519303059
FR_CRS3035RES1000mN2115000E4280000;1;2B320;14.1401156585534;0.785368573281651;8.60469520038955;4.7500518848822;6.66240306014463;9.83299789285212;7.47771259840878;3.12199716335189;13.9376833579867;0.202432300566747;0.0;1.1851206023494
FR_CRS3035RES1000mN2116000E4206000;1;2A065;11.1975891178153;0.925389728776297;6.02676624590264;4.24543314313638;5.79832701728071;8.59922246192826;5.3992621005346;0.846137244843511;10.6074231183584;0.285938073403052;0.0;1.75222941104353
FR_CRS3035RES1000mN2116000E4207000;1;2A065;7.51901811311454;0.621385733942403;4.04688581530043;2.85074656387171;3.89349219818499;5.77425272258561;3.62552591492955;0.568168844491453;7.12273023427098;0.192003254497527;0.0;1.17659654603748
FR_CRS3035RES1000mN2116000E4208000;1;2A065;2.1097233525123;0.263734152009584;1.07943232238524;0.766556878117473;1.06548133436152;1.72554694938811;1.04424201815077;0.298650571329596;1.87639813838327;0.159295355910676;0.0247852648951616;0.0855258317945941
FR_CRS3035RES1000mN2116000E4211000;1;2A348;2.88754831030945;0.360969178304495;1.47740364862779;1.04917548337717;1.45830912998056;2.36173153799141;1.42923918032889;0.40875878422107;2.56819941226148;0.218025285283148;0.0339232391220254;0.117057988096973
FR_CRS3035RES1000mN2116000E4212000;1;2A348;4.82844217520658;0.603598145268193;2.47045497433565;1.75438905560274;2.4385258880508;3.94919251180637;2.38991628715578;0.683510002645693;4.29443978901781;0.364573115180117;0.0567250763949476;0.195739660754518
FR_CRS3035RES1000mN2116000E4213000;1;2A348;1.9094864457777;0.238702760696697;0.976981833316913;0.693801851764092;0.964354953823552;1.56177278290351;0.945131491954147;0.27030521195992;1.69830646651311;0.144176402382121;0.0224328594154124;0.0774084509142716
FR_CRS3035RES1000mN2116000E4214000;1;2A090,2A348;25.2404661718741;3.15528239010048;12.9141932213757;9.17099056039798;12.7472853465315;20.6442277619701;12.4931808253426;3.57301806129181;22.448992509104;1.90578970338084;0.296527807497745;1.02322034861216
FR_CRS3035RES1000mN2116000E4215000;1;2A348;11.5663707961908;1.44589905123308;5.91789178198819;4.20257996296955;5.84140672992513;9.4601578065162;5.72496406626567;1.6373252172513;10.2871860445487;0.87332263274235;0.135883012205307;0.468887772423305
FR_CRS3035RES1000mN2116000E4216000;1;2A348;2.85651955867599;0.323700693691667;1.57710150165061;0.955717363333709;1.38518032498514;2.60802643876457;1.47133923369085;0.173778130000793;2.63041993752517;0.199983228293465;0.0;0.0747149899106283
FR_CRS3035RES1000mN2116000E4218000;1;2A348;8.61600764764254;0.976365676868431;4.75694925947872;2.88269271129539;4.17806495922183;7.86648761896269;4.43794268842071;0.524160141852433;7.93403224892778;0.603201549642245;0.0;0.225359886827411
FR_CRS3035RES1000mN2116000E4219000;1;2A348;16.2697502740769;1.84368751612887;8.98262625606535;5.44343650188267;7.88950942191998;14.8544191612527;8.38024085215691;0.989780297362801;14.9819648073139;1.1390354998467;0.0;0.425550815461432
FR_CRS3035RES1000mN2116000E4220000;1;2A019;5.69983145446891;0.645904695500265;3.14691097377427;1.90701578519437;2.76395600460067;5.20399416997059;2.93587544986823;0.346752763680153;5.2486776268801;0.399041795996547;0.0;0.149084520818165
FR_CRS3035RES1000mN2116000E4260000;1;2B229;1.00812319262089;0.0472596375881787;0.575787562747129;0.385075992285582;0.432131761445262;0.910822854344124;0.575991431175627;0.0973003382767656;0.960863555032712;0.0;0.0;0.0
FR_CRS3035RES1000mN2116000E4270000;1;2B016;13.5097526197583;1.03945724995884;9.15477554149502;3.31551982830445;5.06062302634278;9.70110690255539;8.44912959341552;3.50881616795517;12.9700973892847;0.539655230473569;0.0;0.299829549247731
FR_CRS3035RES1000mN2116000E4271000;1;2B016;3.13537364617733;0.241239566672924;2.12466081188582;0.769473267618585;1.17448072637745;2.25145461779487;1.96089291979988;0.81433391505613;3.01012925160759;0.12524439456974;0.0;0.0695851133263299
FR_CRS3035RES1000mN2116000E4272000;1;2B016;8.85422012762707;1.08736382919033;5.53975807848272;2.22709821995402;3.71356799167757;6.4990516057315;5.1406521359495;2.10208296213087;8.10151855668121;0.752701570945856;0.0;0.253085559764702
FR_CRS3035RES1000mN2116000E4273000;1;2B016;8.33360238418703;1.0234281132389;5.21402681040363;2.0961474605445;3.49521455568089;6.11691500502524;4.83838782850614;1.97848295303988;7.62515878149824;0.708443602688789;0.0;0.238204426121905
FR_CRS3035RES1000mN2116000E4275000;1;2B201;4.99851257404363;0.613854376153254;3.12738445772939;1.25727374016098;2.0964371828805;3.66893873230521;2.90207539116313;1.18669831633269;4.57358658252284;0.424925991520788;0.0;0.142875525405733
FR_CRS3035RES1000mN2116000E4278000;1;2B320;13.1231049022433;1.61161450604164;8.21064140591474;3.30084899028692;5.50399037000883;9.63243908077134;7.61911453223447;3.11556013151152;12.0075033548202;1.11560154742313;0.0;0.375105689960438
FR_CRS3035RES1000mN2116000E4279000;1;2B320;16.9752960078928;2.08469211322042;10.6208149152445;4.26978897942788;7.11964633762242;12.4599708599553;9.85564967027038;4.03010993638836;15.5322178159983;1.44307819189449;0.0;0.485215211549121
FR_CRS3035RES1000mN2116000E4280000;1;2B320;8.15175540703058;0.452763801114167;4.96059383949916;2.73839776641725;3.8408653423212;5.66870849404197;4.31089006470938;1.79982666843982;8.03505349026059;0.116701916769996;0.0;0.683220244548791
FR_CRS3035RES1000mN2116000E4282000;1;2B320;2.97079428785376;0.165003492736896;1.80781967894138;0.997971116175487;1.3997501457836;2.0658822514576;1.57104414207016;0.65592188660572;2.92826389158809;0.0425303962656774;0.0;0.248990149790443
FR_CRS3035RES1000mN2116000E4283000;1;2B320;4.73041953915641;0.262736383082102;2.87860575452834;1.58907740154597;2.22883336844416;3.2895208557007;2.50158617071225;1.04442967365527;4.66269804853494;0.0677214906214768;0.0;0.396469009800443
FR_CRS3035RES1000mN2117000E4203000;1;2A065;1.01170699319225;0.0836093600310565;0.544520922598767;0.383576710562428;0.523881340034646;0.776943448202365;0.487825653157604;0.0764488640190095;0.958385241294345;0.0258346279219636;0.0;0.158314680970876
FR_CRS3035RES1000mN2117000E4207000;1;2A065;2.1097233525123;0.174351487666953;1.13549527093153;0.799876593913816;1.09245532990648;1.62016843541031;1.01726802260582;0.159419629180416;1.99853093619725;0.0538732243596104;0.0;0.330135287921572
FR_CRS3035RES1000mN2117000E4208000;1;2A065;8.53072510630679;1.06641638547515;4.36471464477339;3.09959407605825;4.30830343633224;6.9772971255815;4.22242166997455;1.20760189899799;7.58726810767486;0.644115206084753;0.100219908575139;0.345826081727302
FR_CRS3035RES1000mN2117000E4210000;1;2A065;2.1097233525123;0.263734152009584;1.07943232238524;0.766556878117473;1.06548133436152;1.72554694938811;1.04424201815077;0.298650571329596;1.87639813838327;0.159295355910676;0.0247852648951616;0.0855258317945941
FR_CRS3035RES1000mN2117000E4216000;1;2A348;2.85651955867599;0.323700693691667;1.57710150165061;0.955717363333709;1.38518032498514;2.60802643876457;1.47133923369085;0.173778130000793;2.63041993752517;0.199983228293465;0.0;0.0747149899106283
FR_CRS3035RES1000mN2117000E4217000;1;2A348;2.85651955867599;0.323700693691667;1.57710150165061;0.955717363333709;1.38518032498514;2.60802643876457;1.47133923369085;0.173778130000793;2.63041993752517;0.199983228293465;0.0;0.0747149899106283
FR_CRS3035RES1000mN2117000E4218000;1;2A348;0.947033112898291;0.107317758305931;0.522862635380317;0.316852719212042;0.459234256286407;0.864649215974231;0.487798856611883;0.0576133438010051;0.872073420291518;0.0663012226340202;0.0;0.0247705531230541
FR_CRS3035RES1000mN2117000E4249000;1;2B354;5.97952119370266;0.221327052686098;3.98651897648645;1.77167516453011;2.88197895493868;5.53686708833046;3.09754223876399;0.0;5.97952119370266;0.0;0.0;0.442654105372197
FR_CRS3035RES1000mN2117000E4264000;1;2B016;19.6343152997063;1.51068875653643;13.3050363347785;4.81859020839142;7.35482513327811;14.0990436347707;12.2794901664282;5.09951624647674;18.850010712755;0.784304586951297;0.0;0.435755418458883
FR_CRS3035RES1000mN2117000E4272000;1;2B016;14.4623099188227;1.77607880373343;9.04853245700707;3.6376986580822;6.06566929962407;10.6154237353144;8.39664061919863;3.43350118194553;13.2328618998563;1.22944801896642;0.0;0.413385001562727
FR_CRS3035RES1000mN2117000E4278000;1;2B320;4.99704022065757;0.613673560249345;3.12646326066774;1.25690339974049;2.09581965989958;3.66785801593494;2.90122056075799;1.18634876448933;4.57223939461615;0.424800826041424;0.0;0.142833440233294
FR_CRS3035RES1000mN2117000E4279000;1;2B320;2.97079428785376;0.364835548022811;1.85871611710864;0.747242622722305;1.24598738434448;2.18058113627996;1.72480690350928;0.705297131365393;2.7182456166899;0.252548671163858;0.0;0.0849160202084051
FR_CRS3035RES1000mN2117000E4280000;1;2B320;4.05249186560763;0.225083007210237;2.46606591824576;1.36134294015164;1.90941395803248;2.8180917990735;2.14307790757515;0.894749973369592;3.99447570285533;0.0580161627523;0.0;0.339650093164534
FR_CRS3035RES1000mN2117000E4281000;1;2B320;3.10952641292871;0.172708935448218;1.8922424431958;1.0445750342847;1.46511660790872;2.16235619314758;1.64440980501999;0.686552562578145;3.06500990396639;0.0445165089623192;0.0;0.260617657202985
FR_CRS3035RES1000mN2117000E4282000;1;2B320;3.06275473711338;0.170111148754524;1.86378044018814;1.02886314817072;1.44307918165248;2.12983129725261;1.6196755554609;0.67622584087751;3.01890781941646;0.043846917696923;0.0;0.256697598983262
FR_CRS3035RES1000mN2117000E4283000;1;2B143;9.0623147233309;0.503337975215672;5.51469718404287;3.04427956407236;4.26989388224639;6.30190896104677;4.79242084108452;2.00086912602634;8.93257708453062;0.129737638800294;0.0;0.759536636257788
FR_CRS3035RES1000mN2118000E4204000;1;2A065;21.9243469427622;1.81186907802155;11.8001216804674;8.3123561842733;11.352848535244;16.8368686071321;10.5714984075182;1.65669648367679;20.7688299837296;0.559853148697836;0.0;3.43078185195328
FR_CRS3035RES1000mN2118000E4259000;1;2B347;1.95260753183509;0.0915359600710791;1.11522792054225;0.745843651221757;0.836984743848158;1.76414904307105;1.11562278798693;0.188458488764042;1.86107157176401;0.0;0.0;0.0
FR_CRS3035RES1000mN2118000E4265000;1;2B016;2.06285509183237;0.1587186487548;1.39787721299469;0.506259230082881;0.77272562063554;1.48129860950071;1.29012947119683;0.535774377377132;1.98045309889075;0.0824019929416213;0.0;0.0457821049545281
FR_CRS3035RES1000mN2118000E4267000;1;2B016;15.9648674028043;1.22835684957001;10.8184643890999;3.91804616413442;5.98028534386192;11.4640800404602;9.98458205894238;4.14647006787475;15.3271411290352;0.637726273769065;0.0;0.354317294469323
FR_CRS3035RES1000mN2118000E4277000;1;2B320;1.03650880430957;0.127290960265023;0.648505225680589;0.260712618363958;0.434724443631783;0.760803787561613;0.601784360677787;0.246077855105429;0.948394685385794;0.0881141189237762;0.0;0.0296271616425277
FR_CRS3035RES1000mN2118000E4278000;1;2B320;2.97079428785376;0.364835548022811;1.85871611710864;0.747242622722305;1.24598738434448;2.18058113627996;1.72480690350928;0.705297131365393;2.7182456166899;0.252548671163858;0.0;0.0849160202084051
FR_CRS3035RES1000mN2118000E4279000;1;2B320;1.03650880430957;0.127290960265023;0.648505225680589;0.260712618363958;0.434724443631783;0.760803787561613;0.601784360677787;0.246077855105429;0.948394685385794;0.0881141189237762;0.0;0.0296271616425277
FR_CRS3035RES1000mN2118000E4280000;1;2B320;4.99704022065757;0.277544996342014;3.04085263806425;1.6786425862513;2.35445712479984;3.47492815099435;2.64258309585774;1.10329687329051;4.92550174301575;0.0715384776418274;0.0;0.41881519637271
FR_CRS3035RES1000mN2118000E4282000;1;2B143;3.06262947798293;0.170104191627231;1.86370421615542;1.02882107020028;1.44302016326577;2.12974419239466;1.61960931471716;0.676198184905;3.01878435351702;0.0438451244659088;0.0;0.256687100683268
FR_CRS3035RES1000mN2119000E4204000;1;2A065;3.12143034570454;0.257960847698008;1.68001619353029;1.18345330447624;1.61633666994112;2.39711188361267;1.50509367576342;0.235868493199424;2.95691617749159;0.0797078522815737;0.0;0.488449968892447
FR_CRS3035RES1000mN2119000E4205000;1;2A065;10.8299482571245;0.89500719975311;5.82889458741315;4.10604646995825;5.60795550848795;8.31689154998712;5.22199274863655;0.818356744801596;10.2591586728681;0.27655011334271;0.0;1.69469996233579
FR_CRS3035RES1000mN2119000E4218000;1;2A028;5.04666775414373;0.571888208461936;2.78629539546401;1.68848415021778;2.44722458088717;4.60765020512166;2.59944317325656;0.307017146928584;4.64721322780579;0.353314195428085;0.0;0.132000402093487
FR_CRS3035RES1000mN2119000E4219000;1;2A028;15.1400032624312;1.71566462538581;8.35888618639204;5.06545245065334;7.3416737426615;13.822950615365;7.79832951976968;0.921051440785753;13.9416396834174;1.05994258628425;0.0;0.396001206280463
FR_CRS3035RES1000mN2119000E4222000;1;2A348;2.85651955867599;0.323700693691667;1.57710150165061;0.955717363333709;1.38518032498514;2.60802643876457;1.47133923369085;0.173778130000793;2.63041993752517;0.199983228293465;0.0;0.0747149899106283
FR_CRS3035RES1000mN2119000E4223000;1;2A174;14.8382446487049;1.68146935012716;8.1922834542671;4.96449184431063;7.19534528733589;13.5474424570774;7.642899361369;0.902693769316038;13.6637659081601;1.03881664595766;0.0;0.388108422311409
FR_CRS3035RES1000mN2119000E4224000;1;2A174;5.93529785948195;0.812102474342066;2.87716672843642;2.24602865670347;3.30899348624075;5.87477694085708;2.62630437324121;0.0605209186248749;5.62223133653462;0.250597101844096;0.0;0.0
FR_CRS3035RES1000mN2119000E4226000;1;2A174;0.989216309913658;0.135350412390344;0.479527788072736;0.374338109450578;0.551498914373458;0.979129490142846;0.437717395540201;0.0100868197708125;0.937038556089103;0.0417661836406827;0.0;0.0
FR_CRS3035RES1000mN2119000E4228000;1;2A240;1.90574913156789;0.260755841048323;0.923821874471573;0.721171416047995;1.06247598891651;1.88631662946915;0.843273142651385;0.0194325020987427;1.80522742762734;0.0804635623214536;0.0;0.0
FR_CRS3035RES1000mN2119000E4230000;1;2A240;51.455226552333;9.36861650004802;30.7461243335004;11.3404857187846;27.0031886903502;47.7656915506551;24.4520378619827;1.83399829380057;46.3039642232372;5.15126232909584;0.0;1.85553670787729
FR_CRS3035RES1000mN2119000E4233000;1;2A131;9.53489395495134;0.427847571665923;4.70523026453159;4.40181611875383;4.64916533407273;8.21132892224717;4.88572862087861;1.32356503270416;8.89175852709392;0.643135427857417;0.0;0.0
FR_CRS3035RES1000mN2119000E4234000;1;2A131;16.9509225865802;0.760617905183865;8.36485380361173;7.82545087778461;8.26518281612931;14.597918083995;8.68573977045089;2.35300450258518;15.8075707148337;1.14335187174652;0.0;0.0
FR_CRS3035RES1000mN2119000E4272000;1;2B126;8.43140811845757;1.03543938201246;5.27522024118999;2.12074849525512;3.53623547440148;6.1887050108302;4.89517264405609;2.00170304070941;7.71465000260198;0.716758115855594;0.0;0.241000066917961
FR_CRS3035RES1000mN2119000E4273000;1;2B201;1.99940502961745;0.245541750461301;1.25095378309176;0.502909496064393;0.838574873152198;1.46757549292208;1.16083015646525;0.474679326533074;1.82943463300913;0.169970396608315;0.0;0.0571502101622931
FR_CRS3035RES1000mN2119000E4279000;1;2B320;2.97079428785376;0.364835548022811;1.85871611710864;0.747242622722305;1.24598738434448;2.18058113627996;1.72480690350928;0.705297131365393;2.7182456166899;0.252548671163858;0.0;0.0849160202084051
FR_CRS3035RES1000mN2119000E4280000;1;2B143;1.02412117301219;0.0568816128480238;0.62320922648923;0.344030333674937;0.482535518223148;0.712171072671716;0.541585654789042;0.226115788178762;1.00945968012783;0.0146614928843646;0.0;0.0858343121617116
FR_CRS3035RES1000mN2119000E4281000;1;2B143;6.00009764058445;0.333256688794192;3.6512439230704;2.01559702871986;2.82706802738317;4.17245154717566;3.17302961320128;1.32476199389556;5.91419922232973;0.0858984182547259;0.0;0.502884099513237
FR_CRS3035RES1000mN2119000E4283000;1;2B143;6.11552491491224;0.339667736337623;3.72148496899859;2.05437220957603;2.88145393512788;4.25271935916885;3.23407097978436;1.35024719017872;6.02797402016761;0.0875508947446328;0.0;0.512558365564671
FR_CRS3035RES1000mN2120000E4204000;1;2A065;1.01170699319225;0.0865493158759266;0.582718144481518;0.342439532834806;0.469542521061548;0.967814911985468;0.542164472130703;0.0438920812067832;0.996557360548863;0.0151496326433879;0.0;0.0
FR_CRS3035RES1000mN2120000E4206000;1;2A065;1.01170699319225;0.0865493158759266;0.582718144481518;0.342439532834806;0.469542521061548;0.967814911985468;0.542164472130703;0.0438920812067832;0.996557360548863;0.0151496326433879;0.0;0.0
FR_CRS3035RES1000mN2120000E4220000;1;2A028;14.1306697116024;2.11082405230653;8.6755089952343;3.34433666406158;7.21719638571818;13.4890471517664;6.91347332588422;0.318877949062015;13.6381658179024;0.328335929133359;0.0;0.32274461077398
FR_CRS3035RES1000mN2120000E4222000;1;2A348;8.66302359841431;1.2940730305385;5.31865372893552;2.05029683894029;4.4246128371772;8.26966705618544;4.23841076123711;0.195493013007728;8.36108653948418;0.20129137262009;0.0;0.197863529221148
FR_CRS3035RES1000mN2120000E4223000;1;2A141;2.0758193579914;0.310083634995306;1.27444699227166;0.491288730724439;1.06021839542384;1.98156391522651;1.01560096256756;0.0468437117991674;2.00346970031104;0.0482331051202407;0.0;0.0474117309657261
FR_CRS3035RES1000mN2120000E4230000;1;2A240,2A282;13.4623337751352;1.71112334876414;7.20255408565813;4.54865634071294;6.26712713447148;12.2586465533168;7.19520664066373;1.2036872218184;13.4623337751352;0.0;0.0;0.0
FR_CRS3035RES1000mN2120000E4232000;1;2A196;51.1906316136359;1.26396621268237;25.9113073599885;24.015358040965;27.1752735726709;48.03071608193;24.015358040965;1.89594931902355;48.6626991882712;2.52793242536474;0.0;1.26396621268237
FR_CRS3035RES1000mN2120000E4258000;1;2B347;10.7915312464757;0.438636774687865;6.05821006882473;4.29468440296311;4.95072634001996;10.1407303389387;5.84080490645575;0.426470710505595;10.3672029807774;0.424328265698303;0.0;0.224330197031421
FR_CRS3035RES1000mN2120000E4259000;1;2B347;14.6967463101459;0.597369664475881;8.25054150718102;5.84883513848901;6.74228405667568;13.8104350334577;7.95446225347024;0.580800972341652;14.1188630857213;0.577883224424594;0.0;0.305510304346526
FR_CRS3035RES1000mN2120000E4270000;1;2B126;3.16177804442159;0.241721901090403;2.04486385210464;0.875192291226546;1.4496202046378;2.88167811086631;1.7121578397838;0.106329169627541;2.784644128674;0.307481341053339;0.0351869601550071;0.173770763927744
FR_CRS3035RES1000mN2120000E4271000;1;2B126;8.43140811845757;0.644591736241074;5.45297027227904;2.33384610993746;3.86565387903412;7.68447496231015;4.56575423942346;0.28354445234011;7.42571767646401;0.819950242808903;0.0938318937466856;0.463388703807318
FR_CRS3035RES1000mN2120000E4276000;1;2B320;5.76692834346598;0.476602326884811;3.79305216679647;1.4972738497847;2.67069310266396;4.51581438351359;3.09623524080202;0.943925723496662;5.49824565591378;0.209032545091676;0.0;0.307188236455728
FR_CRS3035RES1000mN2120000E4279000;1;2B143;20.221126537931;1.67115583656063;13.2999377245023;5.25003297686807;9.36450393633473;15.8342272753048;10.8566226015963;3.30977608189986;19.2790190068568;0.732950592256562;0.0;1.07712318072637
FR_CRS3035RES1000mN2120000E4280000;1;2B143;3.06262947798293;0.41762119506372;1.89496776330681;0.750040519612396;1.45958063778585;2.37005827070954;1.60304884019708;0.510000001189029;2.75247606683454;0.273581664555568;0.0184165341297668;0.182571206084365
FR_CRS3035RES1000mN2121000E4206000;1;2A212;2.02592670719604;0.173313589510067;1.16688355385174;0.685729563834238;0.940251218963341;1.93803353244328;1.0856754882327;0.0878931747527636;1.99558981560295;0.030336891593094;0.0;0.0
FR_CRS3035RES1000mN2121000E4209000;1;2A154;4.89997667596126;0.198775200705933;3.26760677203577;1.43359470321956;2.03706305697873;4.89997667596126;2.86291361898254;0.0;4.29027708268218;0.410924392573157;0.0;0.0
FR_CRS3035RES1000mN2121000E4210000;1;2A154;0.979995335192252;0.0397550401411867;0.653521354407154;0.286718940643912;0.407412611395745;0.979995335192252;0.572582723796508;0.0;0.858055416536436;0.0821848785146314;0.0;0.0
FR_CRS3035RES1000mN2121000E4222000;1;2A258;2.95544635539853;0.441481357897329;1.81449301161854;0.69947198588266;1.5094851970712;2.8212502348529;1.44596115832733;0.0666937018277686;2.8524385810069;0.0686718495944193;0.0;0.0675024187178677
FR_CRS3035RES1000mN2121000E4224000;1;2A141;5.18954839497849;0.659615010035656;2.77648761494903;1.75344576999381;2.41589312113872;4.72554317906406;2.77365527383977;0.464005215914433;5.18954839497849;0.0;0.0;0.0
FR_CRS3035RES1000mN2121000E4230000;1;2A282;148.458343948726;13.8648469042506;80.4593252339827;54.1341718104928;72.4342017339205;134.539395197808;76.0241422148055;9.16101819597434;136.584141559965;9.8662484011504;0.396594281570969;4.75793055494394
FR_CRS3035RES1000mN2121000E4231000;1;2A282;1.94063194704217;0.246663074278748;1.03826771735103;0.655701155412396;0.903423383826186;1.76711716751549;1.03720856321598;0.173514779526684;1.94063194704217;0.0;0.0;0.0
FR_CRS3035RES1000mN2121000E4232000;1;2A196;8.90271854150189;0.219820210901281;4.50631432347626;4.17658400712434;4.72613453437755;8.35316801424869;4.17658400712435;0.329730316351921;8.46307811969933;0.439640421802563;0.0;0.219820210901281
FR_CRS3035RES1000mN2121000E4276000;1;2B320;1.03650880430957;0.0856612876992389;0.681737613498271;0.269109903112061;0.480012365275259;0.811642019523775;0.556496439034311;0.169654843054726;0.988217590230424;0.0375700997950222;0.0;0.0552119417310687
FR_CRS3035RES1000mN2121000E4277000;1;2B320;1.03650880430957;0.0856612876992389;0.681737613498271;0.269109903112061;0.480012365275259;0.811642019523775;0.556496439034311;0.169654843054726;0.988217590230424;0.0375700997950222;0.0;0.0552119417310687
FR_CRS3035RES1000mN2121000E4279000;1;2B143;5.08173909074705;0.419975510535982;3.34238615797813;1.31937742223294;2.35337856322994;3.97927442695893;2.72836052751711;0.831774553482967;4.84497954822768;0.184196645487066;0.0;0.270690110305153
FR_CRS3035RES1000mN2121000E4280000;1;2B143;8.12496987652336;1.10792364994971;5.02723431108323;1.98981191549042;3.87217872733897;6.28762055402229;4.25279114918439;1.35299900836089;7.30215172604265;0.725795529385124;0.0488579457978931;0.484350314140178
FR_CRS3035RES1000mN2121000E4281000;1;2B143;3.04323078577631;0.414975982810575;1.88296503929266;0.74528976367308;1.45033565541149;2.35504632387242;1.59289513036482;0.506769661665569;2.73504188603975;0.271848798551945;0.0182998838200691;0.181414800238316
FR_CRS3035RES1000mN2121000E4283000;1;2B143;10.1442178293985;1.38326898612961;6.27662141596468;2.48432742730422;4.83450709128012;7.85024356987498;5.30971073811838;1.68925139075666;9.11690982957725;0.906172953448134;0.0610003055276371;0.604722868766864
FR_CRS3035RES1000mN2122000E4223000;1;2A258;4.92574392566422;0.735802263162215;3.02415501936424;1.16578664313777;2.51580866178534;4.70208372475483;2.40993526387888;0.111156169712948;4.75406430167817;0.114453082657366;0.0;0.112504031196446
FR_CRS3035RES1000mN2122000E4224000;1;2A258;2.95544635539853;0.375650563209387;1.58120891797643;0.998586874212712;1.37585045488942;2.6911955150774;1.57959590050911;0.264250840321126;2.95544635539853;0.0;0.0;0.0
FR_CRS3035RES1000mN2122000E4252000;1;2B341;2.08431709697008;0.273891507960681;1.56886025014608;0.241565338863315;1.0130376363077;2.01584421997991;1.07127946066238;0.0684728769901702;1.60700373367334;0.47731336329674;0.0;0.0
FR_CRS3035RES1000mN2122000E4255000;1;2B177;3.47595094167946;0.456760368370956;2.61633955398919;0.402851019319308;1.68941142928744;3.36176084958672;1.78653951239201;0.114190092092739;2.67995025779153;0.796000683887933;0.0;0.0
FR_CRS3035RES1000mN2122000E4266000;1;2B126;4.21570405922879;0.322295868120538;2.72648513613953;1.16692305496873;1.93282693951706;3.84223748115508;2.28287711971173;0.141772226170055;3.71285883823201;0.409975121404452;0.0469159468733429;0.231694351903659
FR_CRS3035RES1000mN2122000E4275000;1;2B320;5.13577234573252;0.424441037679979;3.37792517332482;1.33340613472773;2.37840163145788;4.0215853653856;2.75737071427465;0.840618668801796;4.89649537984632;0.186155176638575;0.0;0.273568311545118
FR_CRS3035RES1000mN2122000E4276000;1;2B320;15.7579844916245;1.30230369243833;10.3644182241353;4.09126257505083;7.29760073078589;12.339347532051;8.46038376083861;2.57925294476023;15.0238159062956;0.571176093687986;0.0;0.839384014813258
FR_CRS3035RES1000mN2122000E4278000;1;2B143;5.10113778295368;0.421578697066759;3.35514516019301;1.32441392569391;2.36236219375062;3.99446464401569;2.73877558920306;0.834949714241948;4.86347445033209;0.184899785488449;0.0;0.271723424696038
FR_CRS3035RES1000mN2122000E4279000;1;2B143;3.06262947798293;0.25310811035939;2.0143675602836;0.795153807339944;1.41831889278313;2.3982032417167;1.6443105851998;0.501288480388814;2.9199407761104;0.111010436809208;0.0;0.163137755877416
FR_CRS3035RES1000mN2122000E4280000;1;2B143;8.03860594555519;1.09614703501126;4.97379759395057;1.96866131659336;3.8310196115039;6.22078662900668;4.20758633405129;1.33861737806147;7.2245338964173;0.71808072478284;0.0483386128868471;0.479201938487035
FR_CRS3035RES1000mN2122000E4283000;1;2B143;5.10113778295368;0.695592879392276;3.15627199580474;1.24927290775666;2.43108805430185;3.94758617698698;2.67004972865183;0.849459686218784;4.5845440207977;0.455679596836802;0.0306747122875218;0.304091919747912
FR_CRS3035RES1000mN2122000E4284000;1;2B143;1.02412117301219;0.139649510735165;0.633663530808893;0.250808131468132;0.488073221269848;0.792530364432096;0.536047951742342;0.170540316159276;0.920408112871393;0.0914837322743346;0.0061583559720118;0.0610504924208177
FR_CRS3035RES1000mN2123000E4203000;1;2A212;2.02592670719604;0.173313589510067;1.16688355385174;0.685729563834238;0.940251218963341;1.93803353244328;1.0856754882327;0.0878931747527636;1.99558981560295;0.030336891593094;0.0;0.0
FR_CRS3035RES1000mN2123000E4209000;1;2A212;2.02592670719604;0.0821848785146314;1.35101292635913;0.592728902322279;0.842236754232305;2.02592670719604;1.18368995296374;0.0;1.77384250943844;0.169899319242974;0.0;0.0
FR_CRS3035RES1000mN2123000E4224000;1;2A258;8.86633906619559;1.12695168962816;4.7436267539293;2.99576062263814;4.12755136466826;8.07358654523221;4.73878770152733;0.792752520963379;8.86633906619559;0.0;0.0;0.0
FR_CRS3035RES1000mN2123000E4252000;1;2B341;3.10359311875704;0.407830363541349;2.33606675477686;0.359696000438824;1.50843489297137;3.0016355278717;1.59515822578566;0.101957590885337;2.39286322455236;0.710729894204676;0.0;0.0
FR_CRS3035RES1000mN2123000E4263000;1;2B012;2.93485766931108;0.119291365871268;1.64758678603599;1.16797951740382;1.34639624681744;2.75786628680423;1.58846142249365;0.115982691137798;2.81945763603991;0.115400033271167;0.0;0.0610086913690533
FR_CRS3035RES1000mN2123000E4264000;1;2B218;10.0221102282882;0.766202909655088;6.48174876278637;2.77415855584675;4.59496311123618;9.13425777008669;5.42714711705203;0.337039046864695;8.82668233254554;0.974645231222163;0.111534582224724;0.550813411336816
FR_CRS3035RES1000mN2123000E4265000;1;2B218;3.64440371937752;0.278619239874577;2.35699955010413;1.00878492939882;1.67089567681315;3.32154828003152;1.97350804256437;0.122559653405343;3.20970266638019;0.35441644771715;0.0405580298998995;0.20029578594066
FR_CRS3035RES1000mN2123000E4267000;1;2B126;2.10785202961439;0.161147934060268;1.36324256806976;0.583461527484363;0.966413469758529;1.92111874057753;1.14143855985586;0.0708861130850274;1.856429419116;0.204987560702226;0.0234579734366714;0.115847175951829
FR_CRS3035RES1000mN2123000E4269000;1;2B201;0.999702514808726;0.076428512377955;0.646552511488656;0.276721490942116;0.458346203855387;0.911139496140475;0.54135631095334;0.0336195446931262;0.880458937715225;0.0972205719658654;0.0111255414077841;0.0549434739751251
FR_CRS3035RES1000mN2123000E4274000;1;2B320;18.0102219098313;1.48843771913048;11.8457707762177;4.67601341448313;8.34062304355344;14.1029703000969;9.66959886627787;2.94789717056821;17.171120998923;0.652812433111535;0.0;0.959354439166187
FR_CRS3035RES1000mN2123000E4276000;1;2B320;17.8730726871274;1.4771031516141;11.755564322215;4.64040521329826;8.27710855866721;13.9955750984077;9.5959641284602;2.92544870726894;17.0403615940835;0.647841216309158;0.0;0.952048881450802
FR_CRS3035RES1000mN2123000E4277000;1;2B143,2B320;12.2172354380176;1.00968184292701;8.03557953046875;3.17197406462184;5.65786229248087;9.56675100363977;6.55937314553674;1.99970627570324;11.6480312696211;0.442835364945453;0.0;0.650778158674583
FR_CRS3035RES1000mN2123000E4280000;1;2B143;8.06718794346796;1.10004448594728;4.99148238574304;1.97566107177765;3.84464115176615;6.2429052042485;4.22254679170181;1.34337695445629;7.25022138677903;0.720633926409583;0.0485104852415807;0.480905784763168
FR_CRS3035RES1000mN2123000E4281000;1;2B143;8.15410260978361;1.11189619934462;5.04525986421725;1.99694654622174;3.88606273573702;6.31016532344615;4.26803987404659;1.35785029517315;7.32833417861707;0.728397927656181;0.0490331298938596;0.486086991164315
FR_CRS3035RES1000mN2123000E4283000;1;2B143;1.02412117301219;0.139649510735165;0.633663530808893;0.250808131468132;0.488073221269848;0.792530364432096;0.536047951742342;0.170540316159276;0.920408112871393;0.0914837322743346;0.0061583559720118;0.0610504924208177
FR_CRS3035RES1000mN2124000E4203000;1;2A212;2.06898345269373;0.176996999718502;1.1916831717378;0.700303281237429;0.960234250577959;1.97922229622037;1.10874920211577;0.0897611564733617;2.03800181525871;0.0309816374350217;0.0;0.0
FR_CRS3035RES1000mN2124000E4208000;1;2A212;5.12940188623663;0.20808219239902;3.42060165759295;1.50071803624467;2.13244180081731;5.12940188623663;2.99696008541933;0.0;4.49115512495181;0.430164568885809;0.0;0.0
FR_CRS3035RES1000mN2124000E4252000;1;2B341;3.11883412890422;0.409833121786783;2.34753862488086;0.361462382236572;1.51584245917945;3.01637584845752;1.60299166972476;0.102458280446696;2.4046140086567;0.71422012024752;0.0;0.0
FR_CRS3035RES1000mN2124000E4253000;1;2B341;9.3260203664183;1.22549384886948;7.01967213443459;1.08085438311422;4.5327122451222;9.01964690420093;4.79330812129609;0.30637346221737;7.19034045776143;2.13567990865687;0.0;0.0
FR_CRS3035RES1000mN2124000E4254000;1;2B341;8.28386181793326;1.08854809488914;6.23524200936155;0.960071713682561;4.02619342696835;8.01172479421097;4.2576683909649;0.272137023722285;6.38683859092476;1.8970232270085;0.0;0.0
FR_CRS3035RES1000mN2124000E4255000;1;2B341;3.10359311875704;0.407830363541349;2.33606675477686;0.359696000438824;1.50843489297137;3.0016355278717;1.59515822578566;0.101957590885337;2.39286322455236;0.710729894204676;0.0;0.0
FR_CRS3035RES1000mN2124000E4258000;1;2B012;1.95657177954072;0.0795275772475122;1.09839119069066;0.778653011602548;0.89759749787829;1.83857752453615;1.05897428166243;0.0773217940918655;1.87963842402661;0.0769333555141113;0.0;0.0406724609127022
FR_CRS3035RES1000mN2124000E4262000;1;2B012;0.978285889770359;0.039763788623756;0.54919559534533;0.389326505801274;0.448798748939145;0.919288762268076;0.529487140831215;0.0386608970459327;0.939819212013304;0.0384666777570556;0.0;0.0203362304563511
FR_CRS3035RES1000mN2124000E4264000;1;2B218;1.82220185968876;0.139309619937288;1.17849977505206;0.504392464699408;0.835447838406577;1.66077414001576;0.986754021282185;0.0612798267026717;1.60485133319009;0.177208223858575;0.0202790149499497;0.10014789297033
FR_CRS3035RES1000mN2124000E4277000;1;2B320;2.02624593280381;0.167457174582263;1.33271233283001;0.526076425391543;0.938364535632098;1.58665930681428;1.08788139717171;0.331654139637618;1.93184260915505;0.0734448772535083;0.0;0.107932486351912
FR_CRS3035RES1000mN2124000E4280000;1;2B143;5.06247873865143;0.690321318990474;3.13235214417409;1.23980527548687;2.41266401935263;3.9176693397251;2.6498147192988;0.843022044061333;4.54979998957433;0.452226222614954;0.030442243549813;0.301787354865
FR_CRS3035RES1000mN2124000E4281000;1;2B143;16.1920893068592;2.20795879342304;10.0186743050914;3.96545620834473;7.71678722728034;12.5304727384339;8.47530207957886;2.69636455376568;14.5523115380351;1.44642333558432;0.0973680190489131;0.965252014659642
FR_CRS3035RES1000mN2125000E4205000;1;2A212;2.9756489963125;0.254560249806235;1.71390004559355;1.00718870091272;1.3810260687378;2.84655289608992;1.5946229275747;0.129096100222579;2.93109065138345;0.0445583449290577;0.0;0.0
FR_CRS3035RES1000mN2125000E4208000;1;2A212;11.1224125705943;0.451198023431481;7.41711094572097;3.25410360144186;4.62391093883904;11.1224125705943;6.49850163175528;0.0;9.73846099918337;0.932753547979469;0.0;0.0
FR_CRS3035RES1000mN2125000E4221000;1;2A154;1.9599906703845;0.292781271785514;1.20333409799639;0.463875300602593;1.00105924708761;1.87099458903429;0.958931423296892;0.0442298785484825;1.89167805276047;0.0455417450826847;0.0;0.0447662028017315
FR_CRS3035RES1000mN2125000E4253000;1;2B341;6.22242724766126;0.817663485328132;4.68360537965772;0.721158382675395;3.02427735215083;6.01801137632923;3.19814989551043;0.204415871332033;4.79747723320907;1.4249500144522;0.0;0.0
FR_CRS3035RES1000mN2125000E4257000;1;2B341;2.07667558041918;0.0844093630332213;1.16581573306259;0.826450484323369;0.952696356137139;1.95143826964939;1.12397922428204;0.0820681782819486;1.99501968494605;0.0816558954731347;0.0;0.04316913248784
FR_CRS3035RES1000mN2125000E4258000;1;2B341;5.13479678030772;0.208710946292017;2.88260088817221;2.04348494584349;2.35564101982479;4.82513447860853;2.77915576048293;0.202922123022609;4.93289406949337;0.20190271081435;0.0;0.106740178676582
FR_CRS3035RES1000mN2125000E4262000;1;2B012;3.91314355908143;0.159055154495024;2.19678238138132;1.55730602320509;1.79519499575658;3.6771550490723;2.11794856332486;0.154643588183731;3.75927684805321;0.153866711028222;0.0;0.0813449218254042
FR_CRS3035RES1000mN2125000E4275000;1;2B328;5.10014198662246;0.42149640042281;3.35449020018539;1.32415538601427;2.36190103553344;3.99368488204749;2.73824095108902;0.83478672318043;4.86252504841026;0.184863691084442;0.0;0.271670381394537
FR_CRS3035RES1000mN2125000E4278000;1;2B143;2.03850830497075;0.168470586707369;1.34077759990942;0.529260118353965;0.944043300967487;1.59626140229899;1.09446500400326;0.333661233853134;1.94353367422168;0.0738893486792407;0.0;0.108585668818622
FR_CRS3035RES1000mN2125000E4280000;1;2B143;12.1924601754229;1.66256800759994;7.54394847758248;2.98594369024049;5.81065353381983;9.43530429873918;6.38180664160307;2.03033202307521;10.9577260553201;1.08914041799681;0.073317017471661;0.726823853608501
FR_CRS3035RES1000mN2125000E4281000;1;2B143;16.2404823922151;2.21455769096662;10.048616985842;3.97730771540653;7.73985028825327;12.5679223982825;8.50063210396184;2.70442314321193;14.5958038410381;1.45074624207361;0.0976590215728908;0.968136850720643
FR_CRS3035RES1000mN2126000E4207000;1;2A212;53.9125960782125;4.61210443247156;31.052318667632;18.248172978109;25.0213317194364;51.5736421507845;28.8912643587762;2.33895392742802;53.1052911658889;0.807304912323629;0.0;0.0
FR_CRS3035RES1000mN2126000E4220000;1;2A154;4.89997667596126;0.731953179463787;3.00833524499099;1.15968825150649;2.50264811771903;4.67748647258573;2.39732855824224;0.110574696371206;4.72919513190119;0.113854362706712;0.0;0.111915507004329
FR_CRS3035RES1000mN2126000E4222000;1;2A154;10.7799486871148;1.61029699482034;6.61833753898019;2.55131415331428;5.50582585898187;10.2904702396886;5.27412282813293;0.243264332016655;10.4042292901827;0.250479597954767;0.0;0.246214115409524
FR_CRS3035RES1000mN2126000E4225000;1;2A100;18.2460004768505;2.31914896473341;9.76188879852223;6.16496271359487;8.49406994315151;16.6145985230643;9.75193053369899;1.63140195378618;18.2460004768505;0.0;0.0;0.0
FR_CRS3035RES1000mN2126000E4256000;1;2B260;2.90551759658666;0.118098797868173;1.63111569218106;1.15630310653743;1.33293618563267;2.73029561505917;1.57258141095399;0.114823200294907;2.79127122926801;0.114246367318647;0.0;0.0603987812325901
FR_CRS3035RES1000mN2126000E4266000;1;2B226;16.7594340343493;1.28127977330022;10.8390786314169;4.63907562963219;7.68390881749307;15.2747262865276;9.07552521685624;0.563612207834758;14.7603844823926;1.6298466178765;0.186513262253676;0.921095539986991
FR_CRS3035RES1000mN2126000E4270000;1;2B356;2.02809148931806;0.155050140615709;1.31165784473219;0.561383503970166;0.929844650213974;1.84842413651185;1.09824683910409;0.0682038020879871;1.78618264115892;0.197230887859006;0.022570330182174;0.111463550718225
FR_CRS3035RES1000mN2126000E4271000;1;2B356;9.12641170193126;0.697725632770689;5.90246030129483;2.52622576786574;4.18430092596288;8.31790861430331;4.94211077596839;0.306917109395942;8.03782188521515;0.887538995365524;0.101566485819783;0.501585978232012
FR_CRS3035RES1000mN2126000E4276000;1;2B143;4.03835756563924;0.333746233340535;2.65612818511991;1.0484831471788;1.87018340688477;3.16225069821559;2.16817415875447;0.660994789575146;3.8502094390439;0.146377431738376;0.0;0.215112077848498
FR_CRS3035RES1000mN2126000E4278000;1;2B143;10.1926109147544;0.842358668199417;6.70393363901013;2.64631860754486;4.72024863964439;7.98136134751109;5.47236227511001;1.66831752694315;9.71773452811559;0.369449258556211;0.0;0.542932040300161
FR_CRS3035RES1000mN2126000E4279000;1;2B143;12.2213851786715;1.01002479431011;8.03830891808057;3.17305146628082;5.65978405794805;9.57000047327363;6.56160112072345;2.00038550157805;11.6519876727815;0.442985779654756;0.0;0.650999203819814
FR_CRS3035RES1000mN2126000E4280000;1;2B143;25.2932699277355;3.4489988717953;15.6499281046702;6.19434295127002;12.0542061382913;19.5735475076141;13.2390637894442;4.2119256625569;22.7318128518535;2.25942280600021;0.152096220658182;1.50779675756448
FR_CRS3035RES1000mN2126000E4281000;1;2B143;13.1584542220255;1.79429128364974;8.14164649852095;3.22251643985481;6.27102466809303;10.1828521807358;6.88742955393247;2.19119280249943;11.8258935934087;1.17543171151441;0.079125837133426;0.784409238790226
FR_CRS3035RES1000mN2126000E4282000;1;2B143;5.08173909074705;0.69294766713913;3.14426927179058;1.24452215181734;2.42184307192749;3.93257423014986;2.65989601881957;0.846229346695322;4.5671098400029;0.453946730833178;0.030558061977824;0.302935513901863
FR_CRS3035RES1000mN2127000E4206000;1;2A212;4.05185341439207;0.346627179020133;2.33376710770347;1.37145912766847;1.88050243792668;3.87606706488655;2.1713509764654;0.175786349505527;3.99117963120589;0.0606737831861879;0.0;0.0
FR_CRS3035RES1000mN2127000E4224000;1;2A100;5.0683334657918;0.644208045759281;2.71163577736728;1.71248964266524;2.35946387309764;4.61516625640675;2.70886959269416;0.45316720938505;5.0683334657918;0.0;0.0;0.0
FR_CRS3035RES1000mN2127000E4251000;1;2B315;2.88380785282363;0.378949288775159;2.17063493646478;0.334223627583682;1.40161297675714;2.78907053062984;1.48219487606649;0.0947373221937898;2.22340928519025;0.660398567633376;0.0;0.0
FR_CRS3035RES1000mN2127000E4255000;1;2B260;19.3701173105778;2.54534717739524;14.5798387075593;2.24493142562322;9.41443021497809;18.733780516229;9.95568709559969;0.63633679434881;14.9343163211773;4.43580098940052;0.0;0.0
FR_CRS3035RES1000mN2127000E4256000;1;2B260;3.87402346211555;0.157465063824231;2.17482092290808;1.54173747538324;1.77724824751023;3.64039415341222;2.09677521460533;0.153097600393209;3.72169497235736;0.152328489758196;0.0;0.0805317083101201
FR_CRS3035RES1000mN2127000E4267000;1;2B015;22.2096922334485;1.69795885538956;14.3640053718117;6.14772800624723;10.1827573435136;20.2421495307442;12.0269348899349;0.746901932927379;19.5605410021256;2.15988151488729;0.247168379530034;1.22064076977689
FR_CRS3035RES1000mN2127000E4268000;1;2B356;2.02809148931806;0.155050140615709;1.31165784473219;0.561383503970166;0.929844650213974;1.84842413651185;1.09824683910409;0.0682038020879871;1.78618264115892;0.197230887859006;0.022570330182174;0.111463550718225
FR_CRS3035RES1000mN2127000E4270000;1;2B356;2.02809148931806;0.155050140615709;1.31165784473219;0.561383503970166;0.929844650213974;1.84842413651185;1.09824683910409;0.0682038020879871;1.78618264115892;0.197230887859006;0.022570330182174;0.111463550718225
FR_CRS3035RES1000mN2127000E4274000;1;2B328;13.2603691652184;1.09589064109931;8.72167452048201;3.44280400363709;6.14094269238696;10.3835806933235;7.11942647283144;2.17044548026912;12.6425651258667;0.48064559681955;0.0;0.706342991625796
FR_CRS3035RES1000mN2127000E4277000;1;2B143;15.2453556123522;1.2599379645953;10.0272494636653;3.95816818409164;7.060199755681;11.937931608608;8.18515585667121;2.49534630383575;14.5350705394924;0.55259495084386;0.0;0.812077699908486
FR_CRS3035RES1000mN2127000E4278000;1;2B143;5.10113778295368;0.421578697066759;3.35514516019301;1.32441392569391;2.36236219375062;3.99446464401569;2.73877558920306;0.834949714241948;4.86347445033209;0.184899785488449;0.0;0.271723424696038
FR_CRS3035RES1000mN2127000E4279000;1;2B143;12.1253565965503;1.00208860315936;7.97514853185834;3.1481194615326;5.6153127455517;9.49480493995949;6.51004385099861;1.98466762830886;11.5604330872126;0.439505053395155;0.0;0.645884028281943
FR_CRS3035RES1000mN2127000E4281000;1;2B057;4.10164786232289;0.559302094591602;2.53784877714205;1.00449699058924;1.9547535364301;3.17411704860846;2.14689432589279;0.683021054195349;3.68627274594845;0.366396149995307;0.0246644716208062;0.244509759519078
FR_CRS3035RES1000mN2127000E4282000;1;2B057;13.0984028082195;1.78610265248191;8.10449035732874;3.20780979840885;6.24240550880752;10.1363805618274;6.85599729941198;2.18119282655307;11.7719236043948;1.17006737806629;0.0787647294905167;0.780829419839076
FR_CRS3035RES1000mN2127000E4284000;1;2B303;4.10376937984668;0.559591385441182;2.53916144240103;1.00501655200447;1.95576460418175;3.17575881434926;2.14800477566493;0.683374336872027;3.6881794167526;0.36658566305907;0.0246772289589579;0.244636228625391
FR_CRS3035RES1000mN2128000E4215000;1;2A198;9.40882270369645;0.622834280099273;5.4671041514246;3.31888427217257;4.84261539756415;8.50043202142555;4.5662073061323;0.403919403063383;9.30893485817593;0.0998878455205226;0.0;0.50447127920751
FR_CRS3035RES1000mN2128000E4216000;1;2A198;13.5372015414552;0.742128159700835;8.61793795464261;4.17713542711173;5.75086705030324;12.8797898745938;7.78633449115194;0.65741166686136;13.5372015414552;0.0;0.0;0.0
FR_CRS3035RES1000mN2128000E4220000;1;2A108;1.85547029907603;0.101719454660999;1.18121369953398;0.572537144881048;0.78823994553793;1.76536247151714;1.0672303535381;0.0901078275588851;1.85547029907603;0.0;0.0;0.0
FR_CRS3035RES1000mN2128000E4223000;1;2A108;3.71094059815206;0.203438909321997;2.36242739906796;1.1450742897621;1.57647989107586;3.53072494303429;2.13446070707619;0.18021565511777;3.71094059815206;0.0;0.0;0.0
FR_CRS3035RES1000mN2128000E4254000;1;2B260;3.87402346211555;0.327468540447495;2.6499725319626;0.896582389705455;1.94323884021003;3.57236405276913;1.93078462190552;0.271379795538823;3.46032358978259;0.292581417102557;0.1211184552304;0.0302796138076001
FR_CRS3035RES1000mN2128000E4255000;1;2B260;3.87402346211555;0.327468540447495;2.6499725319626;0.896582389705455;1.94323884021003;3.57236405276913;1.93078462190552;0.271379795538823;3.46032358978259;0.292581417102557;0.1211184552304;0.0302796138076001
FR_CRS3035RES1000mN2128000E4261000;1;2B105;18.4698981666202;2.51362307893985;11.48014682625;4.47612826143031;8.00714094384041;16.8629581887462;10.4627572227798;1.60693997787405;17.7928600576477;0.229644992093309;0.0;0.0
FR_CRS3035RES1000mN2128000E4267000;1;2B015;1.93127758551726;0.0888822947513065;0.868216182375134;0.974179108390819;1.00461237600512;1.86388761624463;0.926665209512143;0.0303600426413949;1.63160208759599;0.299675497921267;0.0;0.0370299266312302
FR_CRS3035RES1000mN2128000E4268000;1;2B356;6.08427446795417;0.280013748755703;2.73521817407457;3.06904254512389;3.16491915784422;5.87196989169004;2.91935531010995;0.095645925616418;5.14018026091377;0.9440942070404;0.0;0.11665865064771
FR_CRS3035RES1000mN2128000E4272000;1;2B053;4.02688699864568;0.339540665046214;2.20774299764807;1.4796033359514;1.96893533114733;3.83112258227467;2.05795166749835;0.0946100716080888;3.79007463316353;0.236812365482143;0.0;0.101154344762923
FR_CRS3035RES1000mN2128000E4282000;1;2B303;24.4065819540915;2.01731699210331;14.9156336757492;7.473631286239;11.6709737990207;19.8429402317341;12.7356081550708;1.37125126800201;23.4870338278733;0.613029150894974;0.152098184060903;3.1923904543554
FR_CRS3035RES1000mN2128000E4284000;1;2B303;3.02390592878099;0.24993982459839;1.84800449274145;0.925961611441156;1.4460003834986;2.45848372885859;1.57790554528239;0.169894123108238;2.9099765372791;0.0759525642465526;0.0188445314220448;0.395528076814166
FR_CRS3035RES1000mN2129000E4215000;1;2A198;12.5270140736584;0.829248678402157;7.27896494639504;4.4188004488612;6.44751348271958;11.3175723380078;6.07950059093882;0.537782909312428;12.3940222545936;0.132991819064824;0.0;0.671658826338197
FR_CRS3035RES1000mN2129000E4224000;1;2A108;4.27956087623163;0.746569391188419;2.6665359611116;0.866455523931613;1.73580276149302;3.83829008728218;2.54375811473861;0.0;4.27956087623163;0.0;0.0;0.441270788949451
FR_CRS3035RES1000mN2129000E4252000;1;2B074;17.8127784283127;1.50570191695452;12.1845863904984;4.12249012085978;8.9350214918549;16.4257470197396;8.87775693645781;1.24780559930168;15.910584434458;1.34529075676882;0.556903237085837;0.139225809271459
FR_CRS3035RES1000mN2129000E4253000;1;2B238;2.01048679236202;0.169945066652805;1.37524587234264;0.465295853366577;1.00847505464349;1.85393578945417;1.00201173771853;0.140836910251122;1.79579058892884;0.151839832806286;0.062856370626892;0.015714092656723
FR_CRS3035RES1000mN2129000E4254000;1;2B238;9.04190350769922;0.764305888564862;6.18498988619304;2.09260773294132;4.53548571850862;8.33783568307887;4.5064177891906;0.633395731646189;8.07633518748585;0.682879948316718;0.28268837189665;0.0706720929741625
FR_CRS3035RES1000mN2129000E4255000;1;2B238;6.01048679236202;0.508062317257858;4.11139092451069;1.39103355059347;3.01490465860759;5.54246693822353;2.99558213375444;0.421041507040659;5.36863791277335;0.45393549119735;0.187913388391322;0.0469783470978304
FR_CRS3035RES1000mN2129000E4258000;1;2B292;3.27648231853425;0.445906171182379;2.0365298038494;0.794046343502476;1.42043315495472;2.99141791931815;1.85604916357953;0.285064399216101;3.15637860312605;0.0407380565580753;0.0;0.0
FR_CRS3035RES1000mN2129000E4267000;1;2B364;2.0190904214774;0.0929236642713007;0.907692913101249;1.01847384410485;1.0502908752738;1.94863631250706;0.968799546203605;0.0317404767458469;1.70578904422238;0.313301377255016;0.0;0.038713632224496
FR_CRS3035RES1000mN2129000E4273000;1;2B053;15.1008262449213;1.2732774939233;8.27903624118027;5.54851250981774;7.3835074918025;14.36670968353;7.7173187531188;0.354787768530333;14.2127798743633;0.888046370558035;0.0;0.37932879286096
FR_CRS3035RES1000mN2129000E4281000;1;2B057,2B303;14.2269167274722;1.17592053297563;8.6945184967529;4.35647769774369;6.80316369901777;11.5667101127106;7.42375302845444;0.7993203488715;13.6909000642943;0.357342732288399;0.0886600263447155;1.86088626589016
FR_CRS3035RES1000mN2129000E4282000;1;2B303;7.0659514679661;0.584033601612773;4.31822628277274;2.1636915835806;3.37886454575667;5.7447311927134;3.68708692220944;0.39699106283356;6.79973301736377;0.177478117862637;0.044033957272741;0.924229212419153
FR_CRS3035RES1000mN2129000E4283000;1;2B303;24.3909756023032;2.01602705487628;14.9060961408856;7.46885240654137;11.663511003814;19.8302520189253;12.7274645984892;1.37037444593332;23.4720154646682;0.612637160381785;0.152000927600688;3.19034913744466
FR_CRS3035RES1000mN2130000E4214000;1;2A198;3.11825701678951;0.206418743915069;1.81189893981117;1.09993933306328;1.60493187284045;2.81719962542591;1.51332514394906;0.133866324457894;3.08515234631209;0.0331046704774219;0.0;0.167191066905702
FR_CRS3035RES1000mN2130000E4254000;1;2B238;6.04229441659734;0.510750993871539;4.13314849292886;1.39839492979694;3.03085959833196;5.57179779141361;3.01143481826538;0.423269667671581;5.3970488590551;0.456337727493656;0.188907830048582;0.0472269575121454
FR_CRS3035RES1000mN2130000E4266000;1;2B364;4.03818084295479;0.185847328542601;1.81538582620249;2.03694768820969;2.10058175054759;3.8972726250141;1.93759909240721;0.0634809534916937;3.41157808844476;0.626602754510031;0.0;0.0774272644489918
FR_CRS3035RES1000mN2130000E4278000;1;2B057,2B088;7.70536004204678;0.649703623165238;4.22446785392967;2.83118856495187;3.76751461640201;7.33076912055653;3.93784542564477;0.181034299097375;7.25222476930076;0.453135272746012;0.0;0.193556622392877
FR_CRS3035RES1000mN2130000E4280000;1;2B088;11.6227108587393;0.960670861398842;7.10300597659255;3.55903402074792;5.55785952170988;9.44944922375862;6.06485133702943;0.653006514088927;11.1848108688172;0.291931929765212;0.0724310031943182;1.52025512089177
FR_CRS3035RES1000mN2130000E4281000;1;2B303;3.02390592878099;0.24993982459839;1.84800449274145;0.925961611441156;1.4460003834986;2.45848372885859;1.57790554528239;0.169894123108238;2.9099765372791;0.0759525642465526;0.0188445314220448;0.395528076814166
FR_CRS3035RES1000mN2131000E4231000;1;2B007;1.84811883777329;0.322404329664587;1.1515376188946;0.374176889214105;0.74960255852206;1.65755702986774;1.09851627925123;0.0;1.84811883777329;0.0;0.0;0.19056180790555
FR_CRS3035RES1000mN2131000E4251000;1;2B096;4.20379229991031;0.355343673640092;2.87554637543544;0.972902250834782;2.10865332986409;3.87645471029399;2.09513897004622;0.294480481595832;3.75487701718317;0.317486850645173;0.131428432081964;0.032857108020491
FR_CRS3035RES1000mN2131000E4253000;1;2B096;0.840758459982062;0.0710687347280184;0.575109275087088;0.194580450166956;0.421730665972817;0.775290942058797;0.419027794009245;0.0588960963191664;0.750975403436635;0.0634973701290346;0.0262856864163928;0.0065714216040982
FR_CRS3035RES1000mN2131000E4254000;1;2B096;7.66826971196126;0.648193567976586;5.24537455776823;1.77470158621644;3.84646084031507;7.07116292243343;3.82180887164619;0.53717110567838;6.84938922972467;0.579137746838799;0.239742735397794;0.0599356838494485
FR_CRS3035RES1000mN2131000E4255000;1;2B238;1.99973939406792;0.169036596462215;1.36789426217612;0.462808535429586;1.00308408011777;1.84402526111017;0.996655313950147;0.140084042649738;1.7861908856205;0.151028147215374;0.0625203612320454;0.0156300903080113
FR_CRS3035RES1000mN2131000E4257000;1;2B078,2B110;23.1752527275075;3.15398870045782;14.4048062229205;5.61645780412923;10.0470242620851;21.1589319135427;13.1282284654224;2.01632081396479;22.3257337350342;0.288148894019744;0.0;0.0
FR_CRS3035RES1000mN2131000E4259000;1;2B110;11.1022714426405;1.51094096324315;6.90072598758236;2.69060449181499;4.81309920802147;10.1363384599329;6.28917223461902;0.965932982707566;10.6953032614943;0.138039799389403;0.0;0.0
FR_CRS3035RES1000mN2131000E4267000;1;2B213;10.6403178544424;0.489694425533779;4.78341188036296;5.36721154854565;5.53488275396625;10.2690347729014;5.10543510047616;0.167267774555746;8.98926438860074;1.65105346584165;0.0;0.204015306985216
FR_CRS3035RES1000mN2131000E4270000;1;2B155;3.21381178579551;0.147907772845504;1.44478630128577;1.62111771166424;1.67176128298333;3.10166908858984;1.54205050281218;0.0505217186746547;2.71512601718522;0.498685768610292;0.0;0.0616209785310156
FR_CRS3035RES1000mN2131000E4271000;1;2B155;1.07127059526517;0.0493025909485012;0.481595433761922;0.540372570554746;0.557253760994443;1.03388969619661;0.514016834270728;0.0168405728915515;0.905042005728405;0.166228589536764;0.0;0.0205403261770052
FR_CRS3035RES1000mN2131000E4272000;1;2B161;6.79992375886879;0.573358685288753;3.72806191686837;2.49850315671167;3.32480403409576;6.46935001630536;3.47511972477303;0.159761442020223;6.40003520203133;0.399888556837457;0.0;0.170812300543208
FR_CRS3035RES1000mN2131000E4273000;1;2B161;0.971417679838398;0.081908383612679;0.532580273838338;0.356929022387381;0.474972004870823;0.924192859472194;0.496445674967575;0.0228230631457461;0.914290743147332;0.0571269366910653;0.0;0.0244017572204583
FR_CRS3035RES1000mN2131000E4276000;1;2B088;2.88412078279512;0.243184447190401;1.58122079530135;1.05971554030337;1.41018293049978;2.74391118119039;1.47393785229534;0.0677612443255532;2.71451198445048;0.169608798344633;0.0;0.0724483572791802
FR_CRS3035RES1000mN2131000E4279000;1;2B088;13.8273899368368;1.16590338308125;7.58087408935681;5.08061246439875;6.76086430866956;13.1551806292924;7.06652562816724;0.324868900596682;13.0142315540742;0.813158382762559;0.0;0.347340406947741
FR_CRS3035RES1000mN2131000E4282000;1;2B303;1.00288315918843;0.0828929360911972;0.612893597725799;0.307096625371435;0.479568302369564;0.815359996931183;0.523314856818867;0.056345653245577;0.965098297236757;0.0251897874385105;0.0062498184966965;0.131177509011671
FR_CRS3035RES1000mN2131000E4284000;1;2B303;7.15836227867218;0.591671782946074;4.37470145011749;2.19198904560862;3.42305443488271;5.81986265508105;3.73530784378947;0.402183041030104;6.88866213661518;0.179799234392892;0.0446098476830586;0.936316582561037
FR_CRS3035RES1000mN2132000E4212000;1;2A203,2A279;2.95311653037261;0.195486966453442;1.71594216952327;1.0416873943959;1.51993591878028;2.66800290624228;1.43318061159233;0.126776867169161;2.92176505770919;0.031351472663426;0.0;0.158336756961169
FR_CRS3035RES1000mN2132000E4213000;1;2A279;7.87497741432696;0.521298577209178;4.5758457853954;2.77783305172239;4.05316245008074;7.11467441664608;3.82181496424621;0.33807164578443;7.79137348722449;0.0836039271024693;0.0;0.422231351896451
FR_CRS3035RES1000mN2132000E4249000;1;2B096;6.92077978437109;0.585008758183647;4.73406434103791;1.60170668514954;3.4715143604696;6.38187795210651;3.44926542390149;0.484808577237219;6.18172238287685;0.522684381384788;0.21637302010945;0.0540932550273625
FR_CRS3035RES1000mN2132000E4250000;1;2B096;3.83413485598063;0.324096783988293;2.62268727888412;0.887350793108222;1.92323042015754;3.53558146121672;1.9109044358231;0.26858555283919;3.42469461486233;0.289568873419399;0.119871367698897;0.0299678419247243
FR_CRS3035RES1000mN2132000E4267000;1;2B213;2.90190486939338;0.133553025145576;1.30456687646262;1.46378496778518;1.50951347835443;2.80064584715494;1.39239139103895;0.045618483969749;2.45161756052747;0.450287308865905;0.0;0.0556405382686953
FR_CRS3035RES1000mN2132000E4268000;1;2B213;9.67301623131128;0.445176750485254;4.34855625487542;4.8792832259506;5.03171159451478;9.33548615718313;4.64130463679651;0.152061613232497;8.17205853509159;1.50095769621969;0.0;0.185468460895651
FR_CRS3035RES1000mN2132000E4277000;1;2B088;16.4468943641204;1.38677580280162;9.01701882313962;6.04309973817916;8.04166379937048;15.6473396019951;8.40523056474992;0.386413091314315;15.4796886887408;0.967205675379562;0.0;0.413141670811009
FR_CRS3035RES1000mN2132000E4278000;1;2B088;0.947002306338572;0.0798497184059645;0.519194531974379;0.347958055958229;0.46303417509732;0.900964423014624;0.483968131241252;0.0222494338792845;0.891311184050683;0.0556911222878878;0.0;0.0237884494446633
FR_CRS3035RES1000mN2132000E4280000;1;2B303;20.2721256042003;1.67558503375563;12.3889367183732;6.20760385207154;9.6939197476366;16.4815613055117;10.5782058565637;1.13896235008014;19.5083482285372;0.509182480748634;0.126332867799889;2.65160194860853
FR_CRS3035RES1000mN2132000E4281000;1;2B303;11.2314446884743;0.928330901006376;6.86389085279671;3.43922293467123;5.37076010606063;9.13134358955422;5.86068458241368;0.63102374595239;10.8082861348744;0.282104352573836;0.0699926906893672;1.4690773529677
FR_CRS3035RES1000mN2132000E4282000;1;2B303;6.06306830877767;0.501140665521576;3.70533268504694;1.85659495820916;2.89929624338711;4.92937119578221;3.16377206539057;0.340645409587983;5.83463472012701;0.152288330424126;0.0377841387760445;0.793051703407482
FR_CRS3035RES1000mN2132000E4284000;1;2B303;2.02102276959256;0.167046888507192;1.23511089501565;0.618864986069722;0.966432081129037;1.64312373192741;1.05459068846352;0.113548469862661;1.94487824004234;0.0507627768080421;0.0125947129253482;0.264350567802494
FR_CRS3035RES1000mN2133000E4213000;1;2A279;17.7186991822357;1.17292179872065;10.2956530171397;6.25012436637539;9.11961551268169;16.0080174374537;8.599083669554;0.76066120301497;17.5305903462552;0.188108835980556;0.0;0.950020541767017
FR_CRS3035RES1000mN2133000E4233000;1;2B007;0.924059418886646;0.0;0.489150134717755;0.434909284168891;0.2671842962655;0.879389168952052;0.656875122621147;0.0446702499345944;0.924059418886646;0.0;0.0;0.0
FR_CRS3035RES1000mN2133000E4253000;1;2B096;1.83183206247968;0.154843505133953;1.25303955853914;0.423948998806584;0.918860519912458;1.68919240544268;0.912971542567222;0.128321941113316;1.63621407054077;0.138347128244165;0.0572708636947432;0.0143177159236858
FR_CRS3035RES1000mN2133000E4254000;1;2B306;12.4411335755517;1.05164046974394;8.5101865190269;2.87930658678086;6.24056467821464;11.4723771798557;6.20056889733706;0.871515704285558;11.1125677002505;0.939603109659367;0.388962765641852;0.0972406914104631
FR_CRS3035RES1000mN2133000E4262000;1;2B005,2B013;32.9073033103394;4.44943472314666;21.00576312862;7.4521054585727;16.3201414511269;31.329649504233;16.5871618592125;0.974471127316613;31.52005991019;1.19211894399587;0.0;0.603182678789809
FR_CRS3035RES1000mN2133000E4263000;1;2B013,2B157;38.0853681312314;5.20353112071758;22.8020454259993;10.0797915845145;19.4562231665314;36.3064139587425;18.6291449647;0.910364294031915;35.4126770856077;2.18457361030945;0.0;0.868589878456983
FR_CRS3035RES1000mN2133000E4264000;1;2B157;7.42094600504354;0.341530764453599;3.33612602270494;3.74328921788499;3.86022923594163;7.16199963347896;3.56071676910192;0.11665865064771;6.26944106044872;1.15150494459481;0.0;0.142287720916868
FR_CRS3035RES1000mN2133000E4275000;1;2B225;1.01069254508105;0.0852199773744546;0.554112740170817;0.371359827535779;0.494175342294574;0.9615584034265;0.516517202786476;0.0237458101248034;0.951255939967395;0.059436605113654;0.0;0.025388331529747
FR_CRS3035RES1000mN2133000E4278000;1;2B293;2.00338812353039;0.168922479334029;1.09835863355069;0.736107010645667;0.979551117214505;1.90599475070929;1.02383700631588;0.0470687888410455;1.88557327531845;0.117814848211937;0.0;0.0503245839800554
FR_CRS3035RES1000mN2133000E4279000;1;2B293,2B303;11.4324236664225;0.963963661282943;6.26783252278472;4.20062748235484;5.58985213268578;10.8766440412391;5.84257153373672;0.268600142516542;10.7601079812418;0.672315685180655;0.0;0.287179482666891
FR_CRS3035RES1000mN2133000E4281000;1;2B303;5.06035921720237;0.418262116924474;3.09254546554145;1.54955163473645;2.41981117834082;4.11415271859559;2.64054803886156;0.284309536099182;4.86970393229102;0.12710291510627;0.0315354050427904;0.66189696250761
FR_CRS3035RES1000mN2133000E4282000;1;2B087;8.15510893813559;0.674057508925237;4.98384483889876;2.4972065903116;3.89968832686891;6.63023357990436;4.25542061126668;0.458183923219871;7.84785513433489;0.204834889096922;0.0508214244273287;1.06669143501137
FR_CRS3035RES1000mN2134000E4212000;1;2A203;18.764011809015;1.24211818575885;10.903043886473;6.61884973678313;9.65762618427411;16.9524085908319;9.10638562474089;0.805536323475836;18.5648055138228;0.199206295192256;0.0;1.00606689470721
FR_CRS3035RES1000mN2134000E4214000;1;2A279;1.96874435358174;0.130324644302294;1.14396144634885;0.694458262930597;1.01329061252019;1.77866860416152;0.955453741061553;0.0845179114461076;1.94784337180612;0.0209009817756173;0.0;0.105557837974113
FR_CRS3035RES1000mN2134000E4252000;1;2B096;16.5267997393285;1.39699902229052;11.304930333734;3.82487038330401;8.28996506394369;15.2399039069966;8.23683467538481;1.15772131429499;14.7619330550935;1.24816861208743;0.516698072147594;0.129174518036898
FR_CRS3035RES1000mN2134000E4255000;1;2B306;18.1831952258063;1.53701299424114;12.4379649124239;4.20821731914126;9.12082529892908;16.7673204936352;9.06236992687722;1.27375372164812;16.2414451003661;1.3732660833483;0.568484042091937;0.142121010522984
FR_CRS3035RES1000mN2134000E4256000;1;2B306;0.957010275042438;0.130242359347531;0.594839147059984;0.231928768634923;0.414886757243584;0.873747332478887;0.542123517798853;0.0832629425635512;0.921929820291857;0.0118989620333977;0.0;0.0
FR_CRS3035RES1000mN2134000E4258000;1;2B078;23.991612323134;5.4457260646723;13.4699994558915;5.07588680257023;11.037053308985;23.0960964112369;12.954559014149;0.255420007464145;22.7102360603713;1.15085989206036;0.0;0.640095904432918
FR_CRS3035RES1000mN2134000E4263000;1;2B045;1.0109396763196;0.137581771100687;0.628359496729939;0.244998408488974;0.43826643769161;0.922984704048397;0.572673238627989;0.0879549722712028;0.973882369313022;0.0125694918229054;0.0;0.0
FR_CRS3035RES1000mN2134000E4271000;1;2B179;15.5118733304649;0.713895769226795;6.97344573636513;7.82453182487296;8.06896949442667;14.9706022698261;7.44290383603824;0.243849532191768;13.1049027329401;2.40697059752478;0.0;0.29742152844704
FR_CRS3035RES1000mN2134000E4273000;1;2B194;23.5417791861137;2.36011518124001;12.8978740387005;8.28378996617319;11.3249449382131;19.8626120707755;12.2168342479006;2.65057928044982;21.8323435790204;1.45156188921791;0.15087463829464;1.02858783488836
FR_CRS3035RES1000mN2134000E4280000;1;2B303;12.2032909770457;1.00865849605165;7.45781683787457;3.73681564311949;5.83548689951033;9.92147011586702;6.36780407753537;0.685625634001002;11.7435169139366;0.306514575447485;0.0760490920304513;1.59619522717769
FR_CRS3035RES1000mN2135000E4207000;1;2A197;0.975402746514141;0.145921183611668;0.579283378096566;0.250198184805908;0.398800055040875;0.720927107317077;0.576602691473267;0.0720959274466236;0.975402746514141;0.0;0.0;0.182379711750441
FR_CRS3035RES1000mN2135000E4210000;1;2A197;4.87701373257071;0.322842871294256;2.83384466511596;1.72032619616049;2.51014420605461;4.40615420301087;2.3668695265161;0.209369496867866;4.82523739352575;0.0517763390449585;0.0;0.261490032691971
FR_CRS3035RES1000mN2135000E4211000;1;2A203;9.87579568895526;0.65374641355729;5.73844415077527;3.4836051246227;5.08296114961795;8.92232031096417;4.79283453933731;0.423966486039914;9.77095027043302;0.10484541852224;0.0;0.529508891951165
FR_CRS3035RES1000mN2135000E4214000;1;2A279;3.93748870716348;0.260649288604589;2.2879228926977;1.38891652586119;2.02658122504037;3.55733720832304;1.91090748212311;0.169035822892215;3.89568674361225;0.0418019635512347;0.0;0.211115675948226
FR_CRS3035RES1000mN2135000E4236000;1;2B007;16.8778515240529;0.0;8.93427757782477;7.94357394622813;4.88009406079204;16.0619539415719;11.9977574632609;0.815897582481007;16.8778515240529;0.0;0.0;0.0
FR_CRS3035RES1000mN2135000E4237000;1;2B007,2B073;2.8843269948298;0.0;1.5268162514819;1.3575107433479;0.833979788054862;2.7448948272454;2.05034720677494;0.139432167584399;2.8843269948298;0.0;0.0;0.0
FR_CRS3035RES1000mN2135000E4238000;1;2B073;109.774984252816;20.7335921421761;61.386903935056;27.654488175584;52.4416369451776;107.086337266017;57.3333473076385;2.05974069861016;98.8985607949614;8.55571343682251;0.204915408849352;0.6289062881885
FR_CRS3035RES1000mN2135000E4251000;1;2B096;4.82520845847824;0.407871554394228;3.30061756233617;1.11671934174785;2.42036027409717;4.44948292460059;2.40484818438107;0.338011397633339;4.30993328196646;0.364418631534529;0.150856544977247;0.0377141362443118
FR_CRS3035RES1000mN2135000E4256000;1;2B306;5.74206165025463;0.781454156085185;3.56903488235991;1.39157261180954;2.48932054346151;5.24248399487332;3.25274110679312;0.499577655381307;5.53157892175114;0.0713937722003865;0.0;0.0
FR_CRS3035RES1000mN2135000E4257000;1;2B306;13.3981438505941;1.82339303086543;8.32774805883976;3.24700276088892;5.80841460141017;12.2324626547044;7.58972924918392;1.16568119588971;12.907017484086;0.166585468467568;0.0;0.0
FR_CRS3035RES1000mN2135000E4262000;1;2B045;4.04375870527838;0.550327084402744;2.51343798691975;0.979993633955891;1.75306575076643;3.69193881619357;2.29069295451194;0.35181988908481;3.89552947725207;0.0502779672916212;0.0;0.0
FR_CRS3035RES1000mN2135000E4270000;1;2B208;82.6443668302125;8.52553529073975;44.8868081956316;29.2320233438412;40.2901446996039;78.7835247875315;42.3542221306086;3.00322475528229;79.2569896702089;2.10227726577778;0.0;0.857617287398774
FR_CRS3035RES1000mN2135000E4273000;1;2B194,2B334;35.50025442205;4.30293018516457;19.6746770223838;11.5226472145016;18.3944837027549;31.0698150960166;17.1057707192951;3.13156980144279;33.3586708935786;1.9497924859864;0.064284608618856;1.29886952459065
FR_CRS3035RES1000mN2136000E4208000;1;2A197;2.92620823954242;0.220774624593841;1.45919437901683;1.24623923593175;1.24443435743022;2.56476676647665;1.6817738821122;0.289153178452615;2.85201788155753;0.0741903579848869;0.0;0.0722882946131538
FR_CRS3035RES1000mN2136000E4209000;1;2A197;3.90161098605656;0.294366166125122;1.94559250535577;1.66165231457567;1.65924580990696;3.41968902196887;2.2423651761496;0.385537571270153;3.80269050874338;0.0989204773131826;0.0;0.0963843928175384
FR_CRS3035RES1000mN2136000E4210000;1;2A197;3.90161098605656;0.294366166125122;1.94559250535577;1.66165231457567;1.65924580990696;3.41968902196887;2.2423651761496;0.385537571270153;3.80269050874338;0.0989204773131826;0.0;0.0963843928175384
FR_CRS3035RES1000mN2136000E4211000;1;2A197;14.6310411977121;1.10387312296921;7.29597189508415;6.23119617965874;6.22217178715111;12.8238338323833;8.40886941056101;1.44576589226308;14.2600894077877;0.370951789924435;0.0;0.361441473065769
FR_CRS3035RES1000mN2136000E4212000;1;2A203;0.987579568895526;0.0745102503756028;0.492470267936079;0.420599050583845;0.419989913780674;0.865595012455663;0.567589655114853;0.0975876451518908;0.962540721432511;0.0250388474630147;0.0;0.0243969112879727
FR_CRS3035RES1000mN2136000E4234000;1;2B007;3.82175922291617;0.160225539924076;2.47232701752153;1.18920666547057;1.43865750784263;3.82175922291617;2.38310171507354;0.0;3.74174019671214;0.0800190262040268;0.0;0.0
FR_CRS3035RES1000mN2136000E4239000;1;2B047;19.0838453751226;0.800081651068384;12.3454942520207;5.93826947203349;7.18389511898099;19.0838453751226;11.8999502561416;0.0;18.6842726563629;0.399572718759689;0.0;0.0
FR_CRS3035RES1000mN2136000E4250000;1;2B096;3.83413485598063;0.345037005540452;2.6786143951657;0.810483455274476;1.87086526153969;3.38342136903294;1.96326959444095;0.221176600059099;3.56668152844038;0.267453327540246;0.0;0.229536886888598
FR_CRS3035RES1000mN2136000E4253000;1;2B329;1.99943080299377;0.179930451839537;1.39684813711829;0.422652214035947;0.97562182152738;1.76439200989491;1.02380898146639;0.115339528647458;1.85995881217085;0.139471990822915;0.0;0.119699264451401
FR_CRS3035RES1000mN2136000E4257000;1;2B306;1.91402055008488;0.245837529023682;0.970719017053782;0.697464004007415;0.959893778039093;1.72604879900782;0.954126772045786;0.0633891426294814;1.76320841097586;0.14085665222613;0.0;0.124582608447576
FR_CRS3035RES1000mN2136000E4271000;1;2B208;3.98286105205844;0.214535599501709;2.3345062908615;1.43381916169522;2.14173904275715;3.29531996003025;1.84112200930129;0.363190295182519;3.52143597878143;0.374339628595575;0.0;0.324350796845665
FR_CRS3035RES1000mN2137000E4213000;1;2A203;2.96273870668658;0.223530751126808;1.47741080380824;1.26179715175154;1.25996974134202;2.59678503736699;1.70276896534456;0.292762935455672;2.88762216429754;0.0751165423890441;0.0;0.0731907338639182
FR_CRS3035RES1000mN2137000E4237000;1;2B147;15.0955420144812;0.632873822927874;9.76542848192711;4.69723970962622;5.68254397709441;15.0955420144812;9.41299803738681;0.0;14.7794753808802;0.316066633601019;0.0;0.0
FR_CRS3035RES1000mN2137000E4240000;1;2B047;13.0863341986531;1.20677180532041;6.85428898388428;5.02527340944841;7.0512181324248;11.8709390286316;6.0351160662283;0.807102590858128;12.0807683701901;1.00556582846301;0.0;0.40829257916341
FR_CRS3035RES1000mN2137000E4250000;1;2B096;7.02053991835762;0.631784264689819;4.90470992636447;1.48404572730334;3.42567091244072;6.19525542897074;3.59486900591691;0.404988141535877;6.53081620418909;0.489723714168534;0.0;0.420296347851016
FR_CRS3035RES1000mN2137000E4252000;1;2B329;8.99743861347198;0.809687033277917;6.2858166170323;1.90193496316176;4.39029819687322;7.93976404452712;4.60714041659877;0.519027878913563;8.36981465476886;0.627623958703119;0.0;0.538646690031305
FR_CRS3035RES1000mN2137000E4253000;1;2B329;4.99857700748443;0.449826129598843;3.49212034279572;1.05663053508987;2.43905455381845;4.41098002473729;2.55952245366598;0.288348821618646;4.64989703042714;0.348679977057288;0.0;0.299248161128503
FR_CRS3035RES1000mN2137000E4269000;1;2B227;3.95913329827047;0.213257511258811;2.32059855223793;1.42527723477372;2.12897970819328;3.27568820797006;1.83015359007719;0.361026601850105;3.50045714854043;0.372109513503861;0.0;0.322418488450295
FR_CRS3035RES1000mN2137000E4270000;1;2B227;0.989783324567618;0.0533143778147028;0.580149638059483;0.356319308693431;0.53224492704832;0.818922051992515;0.457538397519298;0.0902566504625263;0.875114287135108;0.0930273783759653;0.0;0.0806046221125737
FR_CRS3035RES1000mN2137000E4271000;1;2B321;2.87934348374678;0.155094961230872;1.68769268837132;1.03655583414458;1.54833479653068;2.38229702963651;1.3310086872161;0.26256241333184;2.54576386331516;0.270622639408372;0.0;0.234484040778417
FR_CRS3035RES1000mN2137000E4272000;1;2B111;10.5450724469578;0.732473424872077;5.26001620707597;4.55258281500975;4.23811749849615;9.06741533643123;6.30695494846165;0.928584004425825;9.86720812967139;0.677864317286414;0.0;0.549073106100737
FR_CRS3035RES1000mN2137000E4280000;1;2B311;2.0457337821945;0.322394728219277;1.3841470658552;0.339191988120026;1.12383686502169;1.9768977476959;0.921896917172809;0.0;1.8392256786987;0.206508103495798;0.0;0.068836034498599
FR_CRS3035RES1000mN2137000E4282000;1;2B311,2B335;12.3013908369146;1.93862153037913;8.32314262053604;2.03962668599947;6.75784729855446;11.8874665172398;5.54354353836016;0.0;11.0596178778902;1.24177295902439;0.0;0.413924319674795
FR_CRS3035RES1000mN2138000E4239000;1;2B147;10.0636946763208;0.421915881951916;6.51028565461807;3.13149313975081;3.78836265139627;10.0636946763208;6.27533202492454;0.0;9.85298358725345;0.210711089067346;0.0;0.0
FR_CRS3035RES1000mN2138000E4241000;1;2B095;13.8522274981922;1.27739956292901;7.2554444126064;5.31938352265679;7.46389907417918;12.5656998778694;6.38832842401302;0.854339231539558;12.7878097316253;1.06441776656686;0.0;0.432188388783263
FR_CRS3035RES1000mN2138000E4242000;1;2B095;1.97888964259889;0.182485651847001;1.03649205894377;0.759911931808115;1.06627129631131;1.79509998255277;0.912618346287576;0.122048461648509;1.82682996166077;0.152059680938123;0.0;0.0617411983976092
FR_CRS3035RES1000mN2138000E4252000;1;2B329;1.99943080299377;0.179930451839537;1.39684813711829;0.422652214035947;0.97562182152738;1.76439200989491;1.02380898146639;0.115339528647458;1.85995881217085;0.139471990822915;0.0;0.119699264451401
FR_CRS3035RES1000mN2138000E4271000;1;2B321;12.477155096236;0.672078165333777;7.31333498294236;4.49174194795985;6.70945078496625;10.3232871284249;5.76770431126975;1.1377704577713;11.031643407699;1.17269810410294;0.0;1.0160975100398
FR_CRS3035RES1000mN2138000E4273000;1;2B111;6.71050064806402;0.466119452191319;3.34728304086651;2.89709815500619;2.69698386267935;5.77017339591076;4.01351678538467;0.590917093725522;6.27913244615449;0.431368201909534;0.0;0.34941015842774
FR_CRS3035RES1000mN2139000E4250000;1;2B083;5.62942982800668;0.506597103053316;3.93284856695976;1.18998415799361;2.74687904914585;4.96767429706845;2.88255077886084;0.324740312064831;5.23674417760338;0.392685650403296;0.0;0.337015218873407
FR_CRS3035RES1000mN2139000E4253000;1;2B289;0.988311898602347;0.088939015147535;0.690457320347099;0.208915563107714;0.482246574028904;0.872133016339994;0.506065324573444;0.0570119397834567;0.919371364203431;0.0689405343989161;0.0;0.0591669424788977
FR_CRS3035RES1000mN2139000E4268000;1;2B063;14.312864957823;0.770958118844389;8.38931432644884;5.15259251252976;7.69658325841853;11.8421077120818;6.61628169940447;1.3051657039988;12.6546813868561;1.34523210386187;0.0;1.16559154174233
FR_CRS3035RES1000mN2139000E4279000;1;2B311;5.12808872405932;0.356203215260342;2.55795585431538;2.21392965448359;2.06100457484733;4.40950126962192;3.06708414921199;0.451572161916412;4.79844202135492;0.329646702704397;0.0;0.267015292520985
FR_CRS3035RES1000mN2140000E4220000;1;2B153;2.0495314977751;0.123896510627571;1.19213021329383;0.733504773853694;0.982389544957881;1.92956311589296;1.06714195281722;0.119968381882138;1.76016623627058;0.289365261504519;0.0;0.0
FR_CRS3035RES1000mN2140000E4250000;1;2B083;13.1353362653489;1.1820599071244;9.17664665623943;2.77662970198508;6.40938444800697;11.591240026493;6.72595181734194;0.757727394817937;12.2190697477412;0.916266517607688;0.0;0.786368844037948
FR_CRS3035RES1000mN2140000E4252000;1;2B289;9.88311898602347;0.88939015147535;6.90457320347099;2.08915563107714;4.82246574028904;8.72133016339994;5.06065324573444;0.570119397834566;9.19371364203431;0.689405343989161;0.0;0.591669424788977
FR_CRS3035RES1000mN2140000E4253000;1;2B193;1.9265071339462;0.173367989811904;1.34590199229127;0.407237151843031;0.940038733219387;1.700040726116;0.986468400726815;0.111132840622748;1.79212199548394;0.13438513846226;0.0;0.115333567207455
FR_CRS3035RES1000mN2140000E4259000;1;2B264;3.76493162267238;0.483569252702044;1.90943128791024;1.3719310820601;1.88813774187826;3.39518596358438;1.87679388079412;0.124688205468453;3.46827995318575;0.277068950072874;0.0;0.245057453619549
FR_CRS3035RES1000mN2140000E4263000;1;2B051;10.9979479699873;1.41258062937349;5.57774431552538;4.00762302508841;5.51554257195427;9.91786367408922;5.48240539803303;0.364233546223014;10.1313825305045;0.809361285248936;0.0;0.715850749675064
FR_CRS3035RES1000mN2140000E4267000;1;2B221,2B222;16.0367959085251;0.863817135308767;9.39977580045505;5.77320297276127;8.62360787109687;13.2684452110078;7.41318803742822;1.46236802230117;14.1788903400154;1.50726026989009;0.0;1.30598267521613
FR_CRS3035RES1000mN2140000E4268000;1;2B063,2B221;37.6953563260246;6.07025988328222;24.2904851256918;7.33461131705059;17.8737211425484;35.3832302175702;19.8216351834762;1.23796161575978;36.0008854138756;1.59840672827638;0.0;1.07416449269465
FR_CRS3035RES1000mN2140000E4270000;1;2B256,2B338;28.3171681209955;2.63878021755221;15.8409258565697;9.83746204687355;14.2352760028347;26.3737764543814;14.0818921181608;1.18075213047812;26.61893807348;1.28026502215985;0.0;0.762639536136005
FR_CRS3035RES1000mN2140000E4277000;1;2B302;9.1158763694975;0.633199745062215;4.54711503277447;3.93556159166081;3.66371642774637;7.83848926724434;5.45215994175113;0.802731041025783;8.5298844436232;0.585991925874296;0.0;0.474656061227374
FR_CRS3035RES1000mN2140000E4278000;1;2B313;4.05497613233063;0.281663522973673;2.02267364995854;1.75063895939842;1.62971524272198;3.48676151407236;2.42526088960865;0.357075401212347;3.79431186080654;0.26066427152409;0.0;0.211139217045916
FR_CRS3035RES1000mN2141000E4220000;1;2B153;21.5200807266386;1.30091336158949;12.5173672395853;7.70180012546381;10.3150902220578;20.2604127168761;11.2049905045808;1.25966800976246;18.4817454808411;3.03833524579746;0.0;0.0
FR_CRS3035RES1000mN2141000E4221000;1;2B153;4.09906299555021;0.247793021255142;2.38426042658768;1.46700954770739;1.96477908991577;3.85912623178593;2.13428390563444;0.239936763764278;3.52033247254117;0.57873052300904;0.0;0.0
FR_CRS3035RES1000mN2141000E4248000;1;2B083;1.87647660933556;0.168865701017772;1.31094952231992;0.396661385997869;0.915626349715283;1.65589143235615;0.960850259620279;0.108246770688277;1.74558139253446;0.130895216801099;0.0;0.112338406291136
FR_CRS3035RES1000mN2141000E4251000;1;2B083;3.75295321867112;0.337731402035544;2.62189904463984;0.793322771995738;1.83125269943057;3.3117828647123;1.92170051924056;0.216493541376554;3.49116278506892;0.261790433602197;0.0;0.224676812582271
FR_CRS3035RES1000mN2141000E4253000;1;2B193;11.8295552419791;1.06455157966109;8.26439813668704;2.50060552563098;5.7722288842193;10.438957286397;6.05732635775981;0.682401873411164;11.0043745867256;0.825180655253523;0.0;0.708196082170954
FR_CRS3035RES1000mN2141000E4260000;1;2B106;12.0540810405;1.54823076351836;6.11337516653198;4.39247511044965;6.04520018880771;10.8702762371989;6.00888085169229;0.39921089787134;11.1042993118604;0.887084258814254;0.0;0.784593905429784
FR_CRS3035RES1000mN2141000E4261000;1;2B051;21.9958959399746;2.82516125874699;11.1554886310508;8.01524605017683;11.0310851439085;19.8357273481784;10.9648107960661;0.728467092446028;20.262765061009;1.61872257049787;0.0;1.43170149935013
FR_CRS3035RES1000mN2141000E4262000;1;2B051;4.58247832082804;0.588575262238956;2.32406013146891;1.66984292712017;2.29814273831428;4.13244319753717;2.28433558251376;0.151763977592922;4.2214093877102;0.337233868853723;0.0;0.298271145697943
FR_CRS3035RES1000mN2141000E4267000;1;2B222;33.8530763782133;3.58439623336265;19.7946536819928;10.4740264628578;16.6224444326182;31.9938912917311;17.2306319455951;0.861411363326141;30.1535593130713;3.45657146525975;0.12566574877688;0.997773723156065
FR_CRS3035RES1000mN2141000E4270000;1;2B256;2.83686110283623;0.152806660700731;1.66279214974088;1.02126229239462;1.52549037071814;2.34714816656187;1.31137073211809;0.258688517591745;2.5082031795134;0.266629821561088;0.0;0.231024418682608
FR_CRS3035RES1000mN2141000E4277000;1;2B302;74.7501862298795;12.2745095100234;43.940867433551;18.5348092863051;35.59907272165;73.4010614574066;39.1511135082295;0.752744533301602;69.7278788631927;4.83244376742279;0.189863599264071;0.596380239171312
FR_CRS3035RES1000mN2142000E4217000;1;2B153;1.02476574888755;0.0619482553137853;0.596065106646917;0.366752386926847;0.491194772478941;0.964781557946481;0.533570976408609;0.0599841909410692;0.88008311813529;0.14468263075226;0.0;0.0
FR_CRS3035RES1000mN2142000E4218000;1;2B153;1.02476574888755;0.0619482553137853;0.596065106646917;0.366752386926847;0.491194772478941;0.964781557946481;0.533570976408609;0.0599841909410692;0.88008311813529;0.14468263075226;0.0;0.0
FR_CRS3035RES1000mN2142000E4220000;1;2B153;3.07429724666265;0.185844765941356;1.78819531994075;1.10025716078054;1.47358431743682;2.89434467383944;1.60071292922583;0.179952572823208;2.64024935440587;0.434047892256779;0.0;0.0
FR_CRS3035RES1000mN2142000E4250000;1;2B083;7.50590643734225;0.675462804071089;5.24379808927969;1.58664554399148;3.66250539886114;6.62356572942461;3.84340103848112;0.432987082753108;6.98232557013786;0.523580867204395;0.0;0.449353625164543
FR_CRS3035RES1000mN2142000E4251000;1;2B083;4.6911915233389;0.42216425254443;3.2773738057998;0.991653464994673;2.28906587428821;4.13972858089038;2.4021256490507;0.270616926720692;4.36395348133615;0.327238042002746;0.0;0.280846015727839
FR_CRS3035RES1000mN2142000E4258000;1;2B137;20.0550152801499;2.57587380699001;10.1711471796279;7.30799429353197;10.0577208458086;18.085456311768;9.99729443434125;0.664188388141117;18.4748129389946;1.47588922834738;0.0;1.30537058024077
FR_CRS3035RES1000mN2142000E4259000;1;2B137;1.91000145525237;0.245321314951429;0.968680683774086;0.695999456526854;0.957878175791299;1.72242441064457;0.95212327946107;0.0632560369658206;1.75950599418996;0.140560878890226;0.0;0.124321007641978
FR_CRS3035RES1000mN2142000E4260000;1;2B304;10.1070489318526;1.29815321732983;5.12591393232813;3.68298178219464;5.06875089903906;9.11445787223331;5.03829803281354;0.33472846792368;9.31068043443778;0.743798219075185;0.0;0.657862591695603
FR_CRS3035RES1000mN2142000E4261000;1;2B304;16.1712782909641;2.07704514772772;8.20146229172497;5.8927708515114;8.11000143846247;14.5831325955733;8.06127685250163;0.535565548677886;14.8970886951004;1.19007715052029;0.0;1.05258014671296
FR_CRS3035RES1000mN2142000E4263000;1;2B304;1.01070489318526;0.129815321732983;0.512591393232813;0.368298178219464;0.506875089903906;0.911445787223332;0.503829803281354;0.033472846792368;0.931068043443778;0.0743798219075185;0.0;0.0657862591695603
FR_CRS3035RES1000mN2142000E4271000;1;2B164;22.7055173068877;1.22302578567536;13.30856695661;8.17392456460227;12.2096383144039;18.7859790754009;10.4958789924838;2.0704773340507;20.0750225820696;2.13403751841605;0.0;1.849060897436
FR_CRS3035RES1000mN2143000E4211000;1;2B121;3.08447335938189;0.232715306718475;1.53811547907507;1.31364257358834;1.31174007752547;2.70348318254422;1.77273328185642;0.304792141470135;3.00627038679947;0.0782029725824207;0.0;0.0761980353675339
FR_CRS3035RES1000mN2143000E4212000;1;2B121;5.08660881798097;0.383771099086604;2.53650813197626;2.16632958691811;2.16319217831636;4.45831744786035;2.92341663966461;0.5026330960965;4.95764419952507;0.128964618455897;0.0;0.125658274024125
FR_CRS3035RES1000mN2143000E4215000;1;2B121;2.00213545859908;0.15105579236813;0.998392652901185;0.852687013329766;0.851452100790891;1.75483426531612;1.15068335780819;0.197840954626365;1.9513738127256;0.0507616458734765;0.0;0.0494602386565914
FR_CRS3035RES1000mN2143000E4216000;1;2B121;6.06130026305063;0.366412496354986;3.5256150897279;2.16927267696774;2.90532641910381;5.70650484495174;3.15597384394682;0.354795418098892;5.20552920630958;0.855771056741046;0.0;0.0
FR_CRS3035RES1000mN2143000E4217000;1;2B121,2B153;12.002099693027;0.725540580266532;6.98113968121714;4.29541943154333;5.7528939022267;11.2995623175714;6.2492057908003;0.702537375455628;10.3075706164813;1.69452907654565;0.0;0.0
FR_CRS3035RES1000mN2143000E4252000;1;2B193;8.71726590527892;0.784474056713386;6.09008154836933;1.84271030019622;4.25358798539689;7.69252643721094;4.46367791988204;0.502865785154437;8.10918563137221;0.608080273906714;0.0;0.521873682913554
FR_CRS3035RES1000mN2143000E4258000;1;2B003;3.26947698310806;0.419932869943035;1.65815538562628;1.19138872753874;1.63966401164725;2.94838883512882;1.62981297146081;0.108279580800139;3.01186385687054;0.24060743880235;0.0;0.212808567179098
FR_CRS3035RES1000mN2143000E4260000;1;2B304;14.1498685045936;1.81741450426175;7.17627950525936;5.15617449507248;7.09625125865467;12.7602410211266;7.05361724593893;0.468619855093151;13.0349526082129;1.04131750670526;0.0;0.921007628373841
FR_CRS3035RES1000mN2143000E4261000;1;2B304;21.2248027568904;2.72612175639263;10.764419257889;7.73426174260872;10.644376887982;19.1403615316899;10.5804258689084;0.702929782639727;19.5524289123193;1.56197626005788;0.0;1.38151144256076
FR_CRS3035RES1000mN2143000E4262000;1;2B304;1.01070489318526;0.129815321732983;0.512591393232813;0.368298178219464;0.506875089903906;0.911445787223332;0.503829803281354;0.033472846792368;0.931068043443778;0.0743798219075185;0.0;0.0657862591695603
FR_CRS3035RES1000mN2143000E4269000;1;2B344;1.0157396794796;0.0547125089794953;0.595363644533181;0.365663525966923;0.546202666973473;0.840397693073913;0.469537012506127;0.0926235661241894;0.898063529117284;0.0954669543818681;0.0;0.0827184202814953
FR_CRS3035RES1000mN2143000E4270000;1;2B217;1.8790633738565;0.101215177266519;1.10139048534678;0.676457711243198;1.01044534042268;1.5546901991047;0.868618033433815;0.171348578948013;1.66136887142695;0.17660869316881;0.0;0.15302459580378
FR_CRS3035RES1000mN2143000E4277000;1;2B340;21.1692720077023;1.4704431143101;10.5595020245345;9.13932686885769;8.50803658083459;18.2028698834687;12.6612354268677;1.86413582937145;19.808456879202;1.36081512850027;0.0;1.10226629486209
FR_CRS3035RES1000mN2143000E4280000;1;2B242,2B307;16.4498441034493;2.59239157369343;11.129993378288;2.72745915146791;9.03682648652591;15.8963302268847;7.41301761692343;0.0;14.7893024737556;1.66054162969377;0.0;0.553513876564587
FR_CRS3035RES1000mN2144000E4208000;1;2B121;7.03599170812028;1.30611790481417;3.65305759057419;2.07681621273192;3.46712013368151;6.47089646517846;3.56887157443878;0.094597954028266;6.37111120037107;0.664880507749207;0.0;0.470497288913551
FR_CRS3035RES1000mN2144000E4213000;1;2B121;4.00427091719815;0.743328042107143;2.07900078277581;1.1819420923152;1.97318144956172;3.68266814382543;2.03108946763643;0.0538368792710007;3.62587910108509;0.378391816113064;0.0;0.267765894101719
FR_CRS3035RES1000mN2144000E4214000;1;2B121;8.01068315318994;1.48705358536726;4.15911332935088;2.3645162384718;3.94741807511143;7.36730562655679;4.06326507807852;0.107702548282695;7.25369717264024;0.756985980549694;0.0;0.535674978350457
FR_CRS3035RES1000mN2144000E4218000;1;2B153;1.02476574888755;0.0969374026039824;0.521879173386751;0.405949172896817;0.464398556256061;1.00594488743126;0.560367192631491;0.0;1.02476574888755;0.0;0.0;0.018820861456294
FR_CRS3035RES1000mN2144000E4231000;1;2B023;1.00691420044985;0.175656181404938;0.627394492777425;0.203863526267487;0.408407427835543;0.903090037997893;0.598506772614307;0.0;1.00691420044985;0.0;0.0;0.103824162451957
FR_CRS3035RES1000mN2144000E4255000;1;2B003;3.26947698310806;0.489950881862633;1.54316001658338;1.23636608466205;1.71374108997179;3.08590037919588;1.55573589313627;0.121241815223229;3.0400074701038;0.165503528478033;0.0;0.062334788688954
FR_CRS3035RES1000mN2144000E4258000;1;2B003;10.8982566103602;0.648186186963531;4.24493247445793;6.00513794893874;5.12288472663583;8.92245827841949;5.77537188372437;1.39819235142272;10.1542048980076;0.578706887385339;0.0;0.577605980517986
FR_CRS3035RES1000mN2144000E4259000;1;2B304;1.01070489318526;0.0601128211861295;0.393675261701682;0.556916810297448;0.47509659990138;0.827469251611048;0.535608293283881;0.129668432458615;0.94170149811538;0.0536693072765738;0.0;0.0535672091155966
FR_CRS3035RES1000mN2144000E4261000;1;2B267;3.02326075931762;0.179811866598523;1.1775771331886;1.6658717595305;1.4211278851539;2.47515900517071;1.60213287416372;0.387869383256763;2.81685505377384;0.160537770978501;0.0;0.160232370890145
FR_CRS3035RES1000mN2144000E4268000;1;2B101,2B243;41.1483622672933;5.08185464018917;22.4266587530234;13.6398488740807;20.1360955135331;33.4073304920351;21.0122667537601;4.28422912550369;37.3812452206546;3.066966666325;0.479712726001472;3.4568026497545
FR_CRS3035RES1000mN2144000E4270000;1;2B297;1.80214515330653;0.151130303318903;0.902752517346698;0.748262332640929;0.954552465471267;1.6585769778805;0.847592687835262;0.128506101405259;1.7902036671141;0.0119414861924279;0.0;0.0150620740207654
FR_CRS3035RES1000mN2144000E4272000;1;2B297;9.9117983431859;1.2677322571267;5.60457615549178;3.03948993056742;4.80368148757705;9.05989748356047;5.10811685560885;0.506723470047289;9.46371859770476;0.395113596694215;0.0;0.345177389578142
FR_CRS3035RES1000mN2144000E4280000;1;2B242;2.5725646209802;0.442490567849316;1.57997906438426;0.550094988746623;1.343026668751;2.20085044676501;1.2295379522292;0.162523359680664;2.42708000578304;0.145484615197163;0.0;0.209190814534532
FR_CRS3035RES1000mN2144000E4281000;1;2B242;8.57549461041501;1.47501658415308;5.26676836052938;1.83370966573254;4.47690132469036;7.33640701992225;4.09859328572464;0.541762171352973;8.09053010326642;0.484964507148596;0.0;0.697325419139788
FR_CRS3035RES1000mN2145000E4212000;1;2B121;9.20288609058256;1.70836675162688;4.77810012902556;2.71641920993012;4.5348989845755;8.46375685807911;4.66798710600707;0.123731555044268;8.33324044139811;0.869645649184447;0.0;0.615397677459188
FR_CRS3035RES1000mN2145000E4213000;1;2B121;12.4038828427672;2.30257995492773;6.44004431089206;3.66125857694742;6.11225165179652;11.4076657522374;6.29163119097069;0.166768522137097;11.2317524218284;1.17213042093877;0.0;0.8294485683927
FR_CRS3035RES1000mN2145000E4214000;1;2B121;6.68343827061946;1.24067206914154;3.47001331417759;1.97275288730034;3.29339265188999;6.14665833540954;3.39004561872947;0.089857920887704;6.0518730250619;0.631565245557562;0.0;0.446922014322216
FR_CRS3035RES1000mN2145000E4216000;1;2B153;3.07429724666265;0.290812207811947;1.56563752016025;1.21784751869045;1.39319566876818;3.01783466229377;1.68110157789447;0.0;3.07429724666265;0.0;0.0;0.0564625843688821
FR_CRS3035RES1000mN2145000E4254000;1;2B003;5.4491283051801;0.816584803104388;2.57193336097229;2.06061014110341;2.85623514995298;5.14316729865979;2.59289315522711;0.202069692038716;5.06667911683967;0.275839214130054;0.0;0.10389131448159
FR_CRS3035RES1000mN2145000E4261000;1;2B122;14.1681056354798;0.842664170673684;5.51855712925912;7.806884335547;6.65992502840907;11.599500354638;7.50818060707073;1.81769778799715;13.2008130091666;0.752338709354744;0.0;0.750907492844696
FR_CRS3035RES1000mN2145000E4262000;1;2B122;12.144090544697;0.722283574863159;4.73019182507925;6.69161514475459;5.70850716720779;9.94242887540399;6.43558337748922;1.55802667542613;11.3149825792857;0.644861750875496;0.0;0.643634993866884
FR_CRS3035RES1000mN2145000E4267000;1;2B101;36.3780602587168;4.99105304674168;22.8406564772056;8.54635073476955;17.9842528708882;34.3029161779345;18.3938073878286;1.24843239168637;32.9954961283372;3.24580750371232;0.0;0.826711689095924
FR_CRS3035RES1000mN2145000E4270000;1;2B113,2B297;11.3250317678056;0.949732313750838;5.67307295900091;4.70222649505385;5.99859393993027;10.4228213412135;5.32643782787533;0.807557414618461;11.2499891386168;0.075042629188846;0.0;0.094653011973666
FR_CRS3035RES1000mN2145000E4272000;1;2B297;27.9332498762512;3.57269999735708;15.7947146200223;8.56583525887183;13.5376478286262;25.5324383627613;14.395602047625;1.42803887013327;26.6704796844407;1.11350195432006;0.0;0.972772643356583
FR_CRS3035RES1000mN2145000E4277000;1;2B319;5.82831899680552;0.745449790365669;3.2955934478381;1.78727575860175;2.82465271177513;5.32738568565081;3.00366628503039;0.297962682890353;5.56483989823539;0.232334032813752;0.0;0.202970628264354
FR_CRS3035RES1000mN2145000E4278000;1;2B319;9.6913987803963;1.23954285843932;5.47995233935647;2.97190358260051;4.69686643111756;8.85844085831869;4.99453234927874;0.495455925310523;9.25328257297148;0.386327818276568;0.0;0.337501996767091
FR_CRS3035RES1000mN2145000E4280000;1;2B319;2.94711349309168;0.506914350154455;1.81001385989482;0.630185283042406;1.5385627186111;2.52128012452672;1.40855077448058;0.186185716133722;2.7804472531115;0.166666239980182;0.0;0.239647652431237
FR_CRS3035RES1000mN2146000E4208000;1;2B121;5.95365380733747;1.10519940321333;3.09111226032918;1.75734214379495;2.93377733242156;5.47548646658208;3.01987647491592;0.0800460677798589;5.39105104562343;0.562602761714038;0.0;0.39812127297553
FR_CRS3035RES1000mN2146000E4210000;1;2B121;7.20075063198349;1.33670273057331;3.73859973763765;2.12544816377253;3.54830825979464;6.6224227861664;3.65244237218885;0.0968131154087678;6.52030089085557;0.680449741127916;0.0;0.481514730408328
FR_CRS3035RES1000mN2146000E4211000;1;2B121;4.00427091719815;0.743328042107143;2.07900078277581;1.1819420923152;1.97318144956172;3.68266814382543;2.03108946763643;0.0538368792710007;3.62587910108509;0.378391816113064;0.0;0.267765894101719
FR_CRS3035RES1000mN2146000E4217000;1;2B121;2.00213545859908;0.189391391377606;1.01962111758348;0.793122949637999;0.907318396825641;1.9653642119762;1.09481706177344;0.0;2.00213545859908;0.0;0.0;0.0367712466228825
FR_CRS3035RES1000mN2146000E4218000;1;2B121;2.97682690366874;0.281592030526547;1.51599911051726;1.17923576262493;1.34902451393275;2.92215446092352;1.62780238973599;0.0;2.97682690366874;0.0;0.0;0.054672442745221
FR_CRS3035RES1000mN2146000E4249000;1;2B081;14.4700654096515;2.16842673757842;6.82972429317828;5.47191437889479;7.58468274749119;13.6575912799925;6.8853826621603;0.536592551569899;13.454478243922;0.732486234030202;0.0;0.275881578089139
FR_CRS3035RES1000mN2146000E4252000;1;2B248;5.6371305852735;0.844758080787592;2.66066853273388;2.13170397175202;2.95477911709789;5.32061351113577;2.6823514681756;0.209041369105841;5.24148638382253;0.285356039260841;0.0;0.107475705031886
FR_CRS3035RES1000mN2146000E4260000;1;2B122;1.01200754539142;0.0601902979052635;0.394182652089939;0.557634595396218;0.47570893060065;0.828535739617001;0.53629861479077;0.129835556285511;0.942915214940474;0.0537384792396248;0.0;0.0536362494889072
FR_CRS3035RES1000mN2146000E4261000;1;2B122;15.1801131808712;0.902854468578946;5.91273978134905;8.36451893094321;7.13563395900971;12.4280360942549;8.0444792218615;1.94753334428266;14.143728224107;0.806077188594367;0.0;0.804543742333602
FR_CRS3035RES1000mN2146000E4263000;1;2B082;17.7662489147998;1.0566678279333;6.92005424941485;9.78952683745165;8.35128484024842;14.5453186113845;9.41496407455139;2.27932175156631;16.5533018903581;0.943403241232465;0.0;0.941608551848953
FR_CRS3035RES1000mN2146000E4269000;1;2B113;4.11645115457949;0.345211100475228;2.06206288961413;1.70917716449013;2.18038407804521;3.78851342969146;1.93606707653428;0.293533008997424;4.08917447016036;0.0272766844191344;0.0;0.0344047158906047
FR_CRS3035RES1000mN2146000E4270000;1;2B273;2.07064278063014;0.17364687352046;1.03725162166317;0.859744285446507;1.09676912968652;1.90568469974043;0.973873650943621;0.147651941717075;2.05692215877625;0.0137206218538932;0.0;0.0173061391726362
FR_CRS3035RES1000mN2146000E4271000;1;2B273;1.03532139031507;0.0868234367602301;0.518625810831586;0.429872142723253;0.548384564843259;0.952842349870214;0.48693682547181;0.0738259708585376;1.02846107938812;0.0068603109269466;0.0;0.0086530695863181
FR_CRS3035RES1000mN2146000E4273000;1;2B299;15.9287559779409;2.03730918143809;9.00683436542957;4.88461243107324;7.7197565529539;14.5597086627581;8.208999424987;0.814329975571752;15.2086694025987;0.634967323526657;0.0;0.554717339611007
FR_CRS3035RES1000mN2146000E4276000;1;2B210;5.93447630866213;0.759027452451884;3.35561956198636;1.81982929422388;2.87610108633645;5.42441897156431;3.05837522232567;0.303389791026774;5.66619818779244;0.236565777230938;0.0;0.206667546071049
FR_CRS3035RES1000mN2146000E4278000;1;2B318;2.90686317833092;0.371791686092705;1.64367105670089;0.891400435537324;1.40879024705615;2.6570236280604;1.49807293127477;0.148608329757754;2.77545347163622;0.115876163509511;0.0;0.101231220512763
FR_CRS3035RES1000mN2146000E4280000;1;2B319;0.960401834571281;0.165192644599555;0.589845160601134;0.205364029370592;0.501384986028129;0.821631763669661;0.459016848543152;0.060673979392022;0.906088838816868;0.0543129957544138;0.0;0.0780960915095985
FR_CRS3035RES1000mN2146000E4283000;1;2B319;1.94264877781343;0.334142728161642;1.19310682163833;0.415399228013462;1.01417437499622;1.66195219964159;0.928474402817213;0.122728037023799;1.83278739373059;0.109861384082838;0.0;0.157968541148041
FR_CRS3035RES1000mN2147000E4211000;1;2B121;2.00213545859908;0.371664021053573;1.03950039138791;0.590971046157599;0.986590724780863;1.84133407191272;1.01554473381822;0.0269184396355004;1.81293955054255;0.189195908056532;0.0;0.13388294705086
FR_CRS3035RES1000mN2147000E4212000;1;2B121;2.97682690366874;0.552599701606667;1.54555613016459;0.878671071897478;1.46688866621078;2.73774323329105;1.50993823745796;0.0400230338899295;2.69552552281172;0.281301380857019;0.0;0.199060636487765
FR_CRS3035RES1000mN2147000E4213000;1;2B121;3.95151834873839;0.73353538215976;2.05161186894128;1.16637109763735;1.94718660764069;3.63415239466936;2.0043317410977;0.0531276281443585;3.57811149508088;0.373406853657505;0.0;0.26423832592467
FR_CRS3035RES1000mN2147000E4252000;1;2B248;6.57665234948575;0.985551094252191;3.10411328818953;2.48698796704403;3.44724230328088;6.2073824296584;3.12941004620487;0.243881597290148;6.11506744779295;0.332915379137648;0.0;0.125388322537201
FR_CRS3035RES1000mN2147000E4254000;1;2B220;3.47571108040508;0.520856307520275;1.64050042137876;1.31435435150604;1.82184151353102;3.28055471759314;1.65386956687406;0.128889581653885;3.23176694711259;0.175943262714268;0.0;0.0662667811580511
FR_CRS3035RES1000mN2147000E4255000;1;2B122,2B220,2B267;2.8929428608841;0.433524968425057;1.36543972514307;1.09397816731597;1.51637557849532;2.73050812638163;1.37656728238878;0.107278823372306;2.68990054161836;0.146443071364429;0.0;0.0551559111301651
FR_CRS3035RES1000mN2147000E4258000;1;2B122;1.01200754539142;0.0601902979052635;0.394182652089939;0.557634595396218;0.47570893060065;0.828535739617001;0.53629861479077;0.129835556285511;0.942915214940474;0.0537384792396248;0.0;0.0536362494889072
FR_CRS3035RES1000mN2147000E4263000;1;2B169;18.8884808925832;1.12341384911585;7.35716994017949;10.4078971032879;8.87880637550605;15.4640956560507;10.0096745170772;2.42329855666072;17.5989162351952;1.00299473352399;0.0;1.00108667987174
FR_CRS3035RES1000mN2147000E4265000;1;2B169,2B255;6.54673291760941;0.549017780155395;3.27946925414122;2.71824588331279;3.46764523147322;6.02518641606475;3.07908768613619;0.466829834788767;6.50335254916478;0.0433803684446325;0.0;0.0547166667558891
FR_CRS3035RES1000mN2147000E4266000;1;2B255;9.94248096277736;0.833789753777607;4.98050875721674;4.12818245178301;5.2662903975893;9.15041166224686;4.67619056518806;0.708971452426179;9.87659947763858;0.065881485138777;0.0;0.0830978481043203
FR_CRS3035RES1000mN2147000E4267000;1;2B241;1.048857020619;0.0879585528243785;0.525406243755276;0.435492224039345;0.555554059073299;0.965299662069517;0.493302961545701;0.0747911600816307;1.04190701905749;0.0069500015615126;0.0;0.0087661984678521
FR_CRS3035RES1000mN2147000E4268000;1;2B241,2B246,2B255;12.65985663122;1.06167251241647;6.34172970035905;5.25645441844448;6.70561821153612;11.6513071731675;5.95423841968387;0.902740168871895;12.5759691025809;0.0838875286391076;0.0;0.105809289180647
FR_CRS3035RES1000mN2147000E4269000;1;2B246,2B255;8.57983481517075;0.719516425002578;4.29791543905498;3.56240295111319;4.54452986826884;7.89632093305604;4.03530494690191;0.611804837571356;8.52298258060425;0.0568522345665054;0.0;0.0717090445433507
FR_CRS3035RES1000mN2147000E4271000;1;2B214,2B273;4.08285312873223;0.342393525082982;2.04523255696537;1.69522704668388;2.16258802074726;3.75759199582679;1.92026510798497;0.291137224557628;4.0557990736396;0.0270540550926278;0.0;0.0341239083478079
FR_CRS3035RES1000mN2147000E4272000;1;2B273;19.6711064159863;2.5159608048384;11.1229274601789;6.03221815096901;9.53345966684173;17.9804109553505;10.1376467491446;1.00565113994986;18.7818405077198;0.784148480211793;0.0;0.685044320685959
FR_CRS3035RES1000mN2147000E4274000;1;2B252;20.4632541869777;2.61727756360672;11.5708434039064;6.27513321946463;9.91736836344599;18.7044750806004;10.5458858235317;1.04614831850505;19.5381778879708;0.815725833187793;0.0;0.712630787872202
FR_CRS3035RES1000mN2147000E4279000;1;2B318;6.00021903395316;0.767436034894459;3.39279345291973;1.83998954613897;2.9079628233784;5.48451123038594;3.09225621057476;0.306750773639253;5.72896890108366;0.23918647669907;0.0;0.208957029927963
FR_CRS3035RES1000mN2147000E4280000;1;2B318,2B319;4.22063243425389;0.725964287654961;2.59216457779066;0.90250356880827;2.20341284023359;3.61078617920947;2.0172195940203;0.266641062229472;3.98194568540475;0.238686748849144;0.0;0.343205192814953
FR_CRS3035RES1000mN2147000E4283000;1;2B318;2.90686317833092;0.499991148113444;1.78529352667627;0.621578503541205;1.51754973969175;2.48684564521328;1.38931343863917;0.183642877625498;2.74247318887008;0.164389989460845;0.0;0.236374655492149
FR_CRS3035RES1000mN2148000E4216000;1;2B121;5.42278502190031;0.512966690654372;2.76164437360985;2.14817395763609;2.45747239092574;5.32319007962668;2.96531263097458;0.0;5.42278502190031;0.0;0.0;0.0995949422736332
FR_CRS3035RES1000mN2148000E4218000;1;2B121;4.00427091719815;0.378782782755212;2.03924223516695;1.58624589927599;1.81463679365128;3.93072842395239;2.18963412354688;0.0;4.00427091719815;0.0;0.0;0.0735424932457648
FR_CRS3035RES1000mN2148000E4249000;1;2B244;20.1864139968611;3.02505611463404;9.52778292035632;7.63357496187073;10.5809850640747;19.0529748119838;9.60542893278634;0.748571557001891;18.7696226834203;1.02185235163297;0.0;0.384867627875419
FR_CRS3035RES1000mN2148000E4253000;1;2B220;2.60678331030381;0.390642230640206;1.23037531603407;0.985765763629532;1.36638113514827;2.46041603819486;1.24040217515554;0.0966671862404137;2.42382521033444;0.131957447035701;0.0;0.0497000858685383
FR_CRS3035RES1000mN2148000E4254000;1;2B220;11.2960610113165;1.69278299944089;5.33162636948097;4.27165164239463;5.92098491897581;10.6618028321777;5.37507609234067;0.418891140375126;10.5032425781159;0.571815603821372;0.0;0.215367038763666
FR_CRS3035RES1000mN2148000E4255000;1;2B220;18.2474831721267;2.73449561448145;8.61262721223851;6.90036034540673;9.56466794603788;17.222912267364;8.6828152260888;0.676670303682897;16.9667764723411;0.923702129249911;0.0;0.347900601079769
FR_CRS3035RES1000mN2148000E4257000;1;2B082;3.13522039672937;0.1864707931647;1.22118604401438;1.72756355955029;1.47375614827913;2.5668209314208;1.66146424845024;0.402233250276407;2.92117092182789;0.166482924923376;0.0;0.166166215032168
FR_CRS3035RES1000mN2148000E4258000;1;2B122;7.08405281773991;0.421332085336842;2.75927856462956;3.90344216777351;3.32996251420454;5.79975017731899;3.75409030353537;0.908848893998575;6.60040650458329;0.376169354677372;0.0;0.375453746422349
FR_CRS3035RES1000mN2148000E4262000;1;2B169;5.201787355148;0.30938220962087;2.02612554085956;2.86627960466757;2.44517613648063;4.25872984174339;2.75661121866737;0.66736355673451;4.84664809505639;0.2762194245157;0.0;0.275693956670104
FR_CRS3035RES1000mN2148000E4264000;1;2B169;4.14366603312342;0.347493376595764;2.07569569830866;1.72047695821899;2.19479913743371;3.8135602306808;1.94886689568971;0.295473628450569;4.11620901578506;0.0274570173383583;0.0;0.0346321739920471
FR_CRS3035RES1000mN2148000E4266000;1;2B241;9.439713185571;0.791626975419407;4.72865619379748;3.91943001635411;4.99998653165969;8.68769695862565;4.43972665391131;0.673120440734676;9.37716317151739;0.0625500140536139;0.0;0.078895786210669
FR_CRS3035RES1000mN2148000E4267000;1;2B125,2B241;66.2659980762816;7.5401746048163;37.9120389183247;20.8137845531406;33.9631416163939;57.0066109583819;32.3028564598878;6.33601017627638;62.2982248549286;3.77663908771126;0.0;2.92337694162333
FR_CRS3035RES1000mN2148000E4268000;1;2B069,2B241;34.7679711102277;3.94836592490707;18.9903645181338;11.8292406671868;17.0072413317138;31.5805726110316;17.7607297785139;1.96339388757901;30.6589819168446;3.64809530832943;0.153854458167207;1.22400461161708
FR_CRS3035RES1000mN2148000E4271000;1;2B072,2B214;8.03682607955708;0.673978986041273;4.02590488423531;3.3369422092805;4.25691134519846;7.39657107327122;3.77991473435862;0.573084351868702;7.98357196321474;0.0532541163423429;0.0;0.0671706544171564
FR_CRS3035RES1000mN2148000E4272000;1;2B072;50.4381006499516;8.55724872227886;30.9812918739422;10.8995600537305;24.3580303197452;49.7508439560271;26.0800703302065;0.687256693924492;47.7221480064307;2.37643409078014;0.169759276370365;0.0
FR_CRS3035RES1000mN2148000E4275000;1;2B252;2.9233220267111;0.37389679480096;1.65297762912948;0.896447602780662;1.41676690906371;2.67206786865721;1.50655511764739;0.149449759786435;2.79116826971012;0.11653226188397;0.0;0.101804398267457
FR_CRS3035RES1000mN2148000E4276000;1;2B252,2B318;18.3450780843955;2.34636000873491;10.3731314583414;5.6255866173192;8.89080961203664;16.7683523229462;9.45426847235885;0.93786024527063;17.5157575479725;0.731289069106697;0.0;0.638865516178718
FR_CRS3035RES1000mN2148000E4282000;1;2B207,2B318;26.0530346066138;4.4812176857528;16.0008611276184;5.5709557932426;13.6011822572772;22.2885879662385;12.4518523493366;1.6459165610892;24.5796738663043;1.47336074030957;0.0;2.11853007928614
FR_CRS3035RES1000mN2149000E4216000;1;2B121;3.95151834873839;0.373792669675487;2.01237710345105;1.56534857561186;1.79073063103986;3.87894470987083;2.16078771769853;0.0;3.95151834873839;0.0;0.0;0.0725736388675593
FR_CRS3035RES1000mN2149000E4217000;1;2B121;3.95151834873839;0.373792669675487;2.01237710345105;1.56534857561186;1.79073063103986;3.87894470987083;2.16078771769853;0.0;3.95151834873839;0.0;0.0;0.0725736388675593
FR_CRS3035RES1000mN2149000E4218000;1;2B121;4.00427091719815;0.378782782755212;2.03924223516695;1.58624589927599;1.81463679365128;3.93072842395239;2.18963412354688;0.0;4.00427091719815;0.0;0.0;0.0735424932457648
FR_CRS3035RES1000mN2149000E4225000;1;2B049;1.02694866736535;0.179151194141165;0.639877695619237;0.207919777604948;0.416533467866918;0.921058726372636;0.610415199498432;0.0;1.02694866736535;0.0;0.0;0.105889940992714
FR_CRS3035RES1000mN2149000E4226000;1;2B049;4.05319957318396;0.707080662065882;2.52549332327157;0.820625587846508;1.64398993623154;3.63526917678231;2.40920963695242;0.0;4.05319957318396;0.0;0.0;0.417930396401646
FR_CRS3035RES1000mN2149000E4255000;1;2B220;0.86892777010127;0.130214076880069;0.41012510534469;0.328588587876511;0.455460378382755;0.820138679398286;0.413467391718514;0.0322223954134712;0.807941736778147;0.0439858156785671;0.0;0.0165666952895128
FR_CRS3035RES1000mN2149000E4256000;1;2B122;1.01200754539142;0.0601902979052635;0.394182652089939;0.557634595396218;0.47570893060065;0.828535739617001;0.53629861479077;0.129835556285511;0.942915214940474;0.0537384792396248;0.0;0.0536362494889072
FR_CRS3035RES1000mN2149000E4266000;1;2B195;7.77758017936813;0.652238278053433;3.89604026784856;3.22930163346613;4.11959509587491;7.15797803825715;3.65798508349322;0.554598227220278;7.72604389431805;0.05153628505008;0.0;0.0650039138907002
FR_CRS3035RES1000mN2149000E4267000;1;2B125;2.1481982370708;0.18015077784493;1.07610164626153;0.891945812964335;1.13784836906985;1.97706168861698;1.01034986800095;0.153182211757537;2.13396371243248;0.0142345246383245;0.0;0.0179543366962819
FR_CRS3035RES1000mN2149000E4271000;1;2B214;12.6995564512313;1.06500179242979;6.36161661811796;5.27293804068355;6.72664624082723;11.68784430081;5.97291021040407;0.905571055766207;12.6154058611781;0.0841505900532434;0.0;0.106141094655098
FR_CRS3035RES1000mN2149000E4273000;1;2B245;0.987997147381483;0.126366155799139;0.558657981345525;0.30297301023682;0.478825682517858;0.903080607514589;0.509171464863625;0.0505096376645057;0.943333051623407;0.0393844883551219;0.0;0.0344069022023883
FR_CRS3035RES1000mN2149000E4276000;1;2B318;3.72396264385709;0.476299799944783;2.10569580968644;1.14196703422587;1.80479160222452;3.40389489553614;1.91917104163257;0.19038112034624;3.5556145625235;0.148448164825792;0.0;0.129686627974711
FR_CRS3035RES1000mN2149000E4277000;1;2B207;7.06666834158855;0.90383632685654;3.99581181080663;2.16702020392538;3.42480977880999;6.45930117909722;3.64185856277856;0.361271141697995;6.74720754928183;0.281698300188857;0.0;0.246096020793336
FR_CRS3035RES1000mN2149000E4282000;1;2B207;5.95127725698026;1.02364155652057;3.65506599744511;1.27256970301458;3.10690895928219;5.09136723059531;2.84436829769806;0.375975618380006;5.6147184492433;0.336558807736969;0.0;0.483934408004952
FR_CRS3035RES1000mN2149000E4283000;1;2B207;3.84773554427056;0.66182465234617;2.36314437182857;0.822766520095817;2.00873922004243;3.29176978590915;1.83899632422813;0.243083070768224;3.63013699670702;0.217598547563544;0.0;0.312882687593186
FR_CRS3035RES1000mN2150000E4217000;1;2B049;3.07170620784589;0.290567109287513;1.56431799011412;1.21682110844426;1.39202147389778;3.01529121053059;1.67968473394811;0.0;3.07170620784589;0.0;0.0;0.0564149973153032
FR_CRS3035RES1000mN2150000E4219000;1;2B121;2.00213545859908;0.189391391377606;1.01962111758348;0.793122949637999;0.907318396825641;1.9653642119762;1.09481706177344;0.0;2.00213545859908;0.0;0.0;0.0367712466228825
FR_CRS3035RES1000mN2150000E4224000;1;2B049;1.02694866736535;0.179151194141165;0.639877695619237;0.207919777604948;0.416533467866918;0.921058726372636;0.610415199498432;0.0;1.02694866736535;0.0;0.0;0.105889940992714
FR_CRS3035RES1000mN2150000E4240000;1;2B023;4.0276568017994;0.447964866195253;2.28003162622249;1.29966030938167;1.99906612788556;3.83185453893613;2.02859067391386;0.111999022712883;3.97183656517855;0.0558202366208461;0.0;0.0838032401504034
FR_CRS3035RES1000mN2150000E4241000;1;2B023;110.760562049483;12.3190338203694;62.7008697211182;35.7406585079958;54.9743185168525;105.375999820743;55.7862435326308;3.07997312460428;109.22550554241;1.53505650707326;0.0;2.30458910413608
FR_CRS3035RES1000mN2150000E4256000;1;2B169;2.91349785204721;0.173283593051908;1.13482386115423;1.60539039784107;1.36953222712248;2.38529555309277;1.54396562492473;0.373787345835335;2.7145859395042;0.154709265311233;0.0;0.154414953119108
FR_CRS3035RES1000mN2150000E4264000;1;2B079;7.05742719274899;0.591845285233697;3.53529245552482;2.93028945199048;3.73814757061173;6.49519615192192;3.31927962213726;0.503246063630135;7.01066283016607;0.0467643625829193;0.0;0.0589849771969322
FR_CRS3035RES1000mN2150000E4266000;1;2B195;41.8044934641037;5.94102451807907;22.2838949394611;13.5795740065635;19.9533791367745;33.4768895995476;21.8511143273292;5.40462145801673;38.0448354077576;2.5372861094779;0.844950483057167;2.92298240653942
FR_CRS3035RES1000mN2150000E4269000;1;2B206;10.260558223689;0.860464138375441;5.13984389593844;4.26025018937512;5.43476818810272;9.44314924843263;4.82579003558628;0.731652682442763;10.19256907524;0.0679891484489896;0.0;0.0857562928136065
FR_CRS3035RES1000mN2150000E4273000;1;2B245;3.95198858952593;0.505464623196554;2.2346319253821;1.21189204094728;1.91530273007143;3.61232243005835;2.0366858594545;0.202038550658023;3.77333220649363;0.157537953420488;0.0;0.137627608809553
FR_CRS3035RES1000mN2150000E4274000;1;2B245;5.9279828842889;0.758196934794832;3.35194788807315;1.81783806142092;2.87295409510715;5.41848364508754;3.05502878918175;0.303057825987034;5.65999830974045;0.236306930130732;0.0;0.20644141321433
FR_CRS3035RES1000mN2150000E4275000;1;2B207;6.14189144310958;0.785556125398108;3.4729013989006;1.88343391881088;2.9766233333688;5.61400715622755;3.16526810974078;0.313993529423025;5.86423676740753;0.244833957932646;0.0;0.213890757459
FR_CRS3035RES1000mN2150000E4277000;1;2B207;2.10919312662973;0.269768620240006;1.19263256732446;0.646791939065264;1.02220521698581;1.92791185198322;1.08698790964391;0.107828834195408;2.01384345479137;0.0840786760919434;0.0;0.0734524404511036
FR_CRS3035RES1000mN2150000E4278000;1;2B077,2B207;18.2969147180451;2.34019984979905;10.345897726856;5.61081714139005;8.86746758435346;16.7243285094575;9.42944713369164;0.935397976842519;17.4697714887251;0.729369134877941;0.0;0.637188231745106
FR_CRS3035RES1000mN2150000E4280000;1;2B207;12.3367674093758;2.12196932659351;7.57681034327722;2.63798773950507;6.44050201959821;10.5542072075202;5.89626538977759;0.779382904755459;11.6390940274547;0.697673381921145;0.0;1.00317729710015
FR_CRS3035RES1000mN2150000E4281000;1;2B207;7.19114113296249;1.23690269914259;4.41654695336055;1.53769148045934;3.75418920152958;6.15208109687851;3.43695193143291;0.454304784935419;6.78446508990982;0.406676043052679;0.0;0.58475525114857
FR_CRS3035RES1000mN2151000E4212000;1;2B049;1.02694866736535;0.190636387507806;0.53318747094591;0.303124808911634;0.506048692008909;0.944469348067142;0.520899975356441;0.013807185519093;0.929905040863883;0.0970436265014673;0.0;0.0686721337791152
FR_CRS3035RES1000mN2151000E4216000;1;2B049;18.3755815049753;1.73823251251691;9.35807358581975;7.27927540663865;8.3273602094331;18.0380953291742;10.0482212955422;0.0;18.3755815049753;0.0;0.0;0.33748617580107
FR_CRS3035RES1000mN2151000E4217000;1;2B049;2.0538973347307;0.194287790219542;1.04598172258793;0.81362782192323;0.930775602114483;2.01617542879817;1.12312173261622;0.0;2.0538973347307;0.0;0.0;0.0377219059325332
FR_CRS3035RES1000mN2151000E4248000;1;2B162;0.980983535004861;0.14700631035226;0.463014291266564;0.370962933386037;0.514195940576849;0.925902668315667;0.466787594428011;0.0363777524975953;0.912132824262506;0.0496581677317139;0.0;0.0187031141915979
FR_CRS3035RES1000mN2151000E4252000;1;2B162;4.15950204907652;0.623326516009645;1.96324283186409;1.57293270120279;2.1802599046126;3.92595177052116;1.97924214446391;0.154246560370452;3.86756578083754;0.210557306073874;0.0;0.0793037181849115
FR_CRS3035RES1000mN2151000E4258000;1;2B337;11.9692694563784;0.711885892124589;4.66209802424892;6.59528554000489;5.6263299607737;9.79930195864303;6.3429394956047;1.53559799556534;11.1520969715461;0.635578599313989;0.0;0.634369502170029
FR_CRS3035RES1000mN2151000E4263000;1;2B079;6.98836450235013;0.415640914124146;2.72200742558902;3.85071616263697;3.28498282369497;5.72140966540757;3.70338167865516;0.896572557013508;6.51125107398999;0.371088222057892;0.0;0.370382279929048
FR_CRS3035RES1000mN2151000E4265000;1;2B039;5.81196077306123;0.487398805195414;2.91139823502822;2.4131637328376;3.07845429374481;5.34895000930279;2.73350647931642;0.414435218548325;5.7734491974564;0.0385115756048305;0.0;0.0485755452101161
FR_CRS3035RES1000mN2151000E4268000;1;2B195,2B206;36.4469953031598;6.19021576971709;20.6199337477531;9.63684578568959;17.4421706681124;34.2928038723088;19.0048246350474;0.865024353269762;33.3756109352047;2.71159153000798;0.0;1.28916707758126
FR_CRS3035RES1000mN2151000E4271000;1;2B166;5.82030483853234;0.488098549687831;2.91557804601355;2.41662824283096;3.08287394232467;5.35662934349344;2.73743089620767;0.415030211311031;5.78173797296242;0.0385668655699197;0.0;0.048645283727865
FR_CRS3035RES1000mN2151000E4280000;1;2B077;6.09419886514232;1.04822459829834;3.74284344214081;1.30313082470318;3.18152225752047;5.213637856029;2.91267660762185;0.385004779295937;5.74955750235611;0.344641362786216;0.0;0.495556229817387
FR_CRS3035RES1000mN2152000E4212000;1;2B049,2B121;7.27741135546063;1.08870769783342;4.32199258086508;1.86671107676213;2.97541918913462;5.3787864920397;4.30199216632602;0.537902648887936;7.27741135546063;0.0;0.0;1.360722214533
FR_CRS3035RES1000mN2152000E4217000;1;2B049;2.04475754048055;0.60093468127713;1.11642849362574;0.327394365577675;1.08045873209142;1.82040493329317;0.964298808389126;0.122051588514606;1.67316390990766;0.325483660045664;0.0;0.10230101867277
FR_CRS3035RES1000mN2152000E4223000;1;2B049;10.1966119888757;2.9966867241392;5.56730464979791;1.63262061493859;5.38793389583963;9.07783069628064;4.80867809303606;0.608635824087422;8.3435824763405;1.6230924813828;0.0;0.510145468507633
FR_CRS3035RES1000mN2152000E4251000;1;2B162;15.1824593276326;3.03609820125328;9.60197865825395;2.54438246812539;7.15699884067552;14.3978614314457;8.02546048695706;0.483933855514677;14.4756710160971;0.596339114973871;0.0;0.300664040672246
FR_CRS3035RES1000mN2152000E4252000;1;2B162;17.3834838540949;3.47624603642937;10.9939923019803;2.91324551568528;8.19455999228148;16.4851415917515;9.1889238618134;0.554090492340614;16.5742313518024;0.682791315491703;0.0;0.344251770002792
FR_CRS3035RES1000mN2152000E4253000;1;2B162;2.00046792096508;0.400041714286221;1.26517383443065;0.33525237224821;0.943018932716493;1.89708790272772;1.05744898824859;0.0637639879636692;1.90734023238524;0.0785747054398962;0.0;0.0396160302736905
FR_CRS3035RES1000mN2152000E4254000;1;2B169;2.02742338907425;0.405432108982767;1.28222152241862;0.339769757672866;0.955725718214418;1.92265036835207;1.07169767085983;0.0646231810184816;1.93304084386148;0.0796334667149337;0.0;0.0401498397037058
FR_CRS3035RES1000mN2152000E4257000;1;2B337;10.1278433861663;0.793886056353567;6.8735752188297;2.46038211098304;5.17718013937016;9.19305094436199;4.95066324679614;0.430624299788718;9.51259875501501;0.615244631151279;0.0;0.504168142015595
FR_CRS3035RES1000mN2152000E4260000;1;2B079;3.02433069074164;0.237066656111749;2.05255587954907;0.734708155080819;1.54598606929309;2.74518720842005;1.47834462144855;0.128591076734958;2.84060912738824;0.183721563353397;0.0;0.150552405586628
FR_CRS3035RES1000mN2152000E4262000;1;2B079;14.2061504798083;1.11357021928135;9.6414448930315;3.45113536749546;7.2619409006094;12.8949333144838;6.94420957919891;0.604029245892227;13.3431574931703;0.862992986637966;0.0;0.707187919432278
FR_CRS3035RES1000mN2152000E4264000;1;2B039;15.1110980099592;1.6986566327546;7.39763145762161;6.01480991958298;7.22810051281092;14.6047724214568;7.88299749714827;0.302819104829348;14.5469230577458;0.375074660475188;0.0;0.203506483673021
FR_CRS3035RES1000mN2152000E4267000;1;2B102;27.0087994438793;6.15882623241139;17.6660151547566;3.1839580567113;13.1071579940757;25.3886160554652;13.9016414498036;1.15591094829177;24.980469779479;1.7584933086453;0.0434878243748077;0.464272440122313
FR_CRS3035RES1000mN2152000E4269000;1;2B166;1.03665792722656;0.116531959677613;0.507495437339482;0.412630530209464;0.495865203869195;1.00192276537845;0.540792723357364;0.020774124112629;0.997954158898856;0.0257310302551909;0.0;0.0139610377354841
FR_CRS3035RES1000mN2152000E4281000;1;2B077;14.1685683107427;1.13505970941772;8.48702561893209;4.5464829823929;7.93106932209189;6.7949858636839;6.23749898865081;5.10145186938111;10.1923175907455;2.84119101057945;1.13505970941772;2.27213057767769
FR_CRS3035RES1000mN2153000E4212000;1;2B049;4.08951508096109;0.611795366728503;2.42872815290114;1.04899156133145;1.67202608892195;3.02258968224476;2.41748899203914;0.302272454760378;4.08951508096109;0.0;0.0;0.764652943955957
FR_CRS3035RES1000mN2153000E4222000;1;2B049;7.17036108305714;2.1073005316201;3.91498515800988;1.14807539342715;3.78884982256471;6.38362271842898;3.38151126049242;0.427998891352545;5.8672919148928;1.14137511316571;0.0;0.358739473275615
FR_CRS3035RES1000mN2153000E4224000;1;2B049;2.04475754048055;0.264534376647754;1.1217882089222;0.658434954910598;0.858165420850903;2.04475754048055;1.18659211962965;0.0;2.04475754048055;0.0;0.0;0.0
FR_CRS3035RES1000mN2153000E4249000;1;2B162;20.4803778310899;4.0955445328142;12.9525886816762;3.43224461659958;9.65443326608687;19.4219945341138;10.825944565003;0.652802552756261;19.5269557698498;0.80443162247727;0.0;0.405580744219912
FR_CRS3035RES1000mN2153000E4251000;1;2B162;5.14048558408138;1.02796382974612;3.2510433129616;0.861478441373663;2.42322067669365;4.87483598887326;2.71726490738773;0.163850595890911;4.90118080163202;0.201908831605942;0.0;0.101798999317216
FR_CRS3035RES1000mN2153000E4252000;1;2B162;6.12146911908624;1.2241351009358;3.87145551127203;1.02587850687841;2.88565550831367;5.8051243366789;3.23581361077257;0.195118991481294;5.83649665649442;0.240440062972656;0.0;0.12122579092605
FR_CRS3035RES1000mN2153000E4254000;1;2B059,2B169;21.5375549960938;4.30695255438766;13.6211886994536;3.60941374225254;10.1527857122252;20.424538983715;11.3847692838686;0.686499584994725;20.534918216255;0.84595559967651;0.0;0.426516427384101
FR_CRS3035RES1000mN2153000E4255000;1;2B059;3.77053959858254;0.754010153821092;2.38463611029059;0.631893334470859;1.77742926580158;3.57568596040068;1.99311033278095;0.120184202436282;3.59500984685059;0.148099869637079;0.0;0.0746694357455793
FR_CRS3035RES1000mN2153000E4264000;1;2B039;19.7606666284082;2.2213202120637;9.67382575227442;7.86552066407005;9.45213143982967;19.0985485511359;10.3085351885785;0.395994214007609;19.0228993832061;0.490482248313708;0.0;0.266123863264719
FR_CRS3035RES1000mN2153000E4265000;1;2B039;23.2478430922449;2.61331789654553;11.380971473264;9.25355372243534;11.1201546350937;22.4688806483951;12.1276884571512;0.465875545891304;22.3798816273012;0.577037939192597;0.0;0.313086897958493
FR_CRS3035RES1000mN2153000E4268000;1;2B054;1.98378903176352;0.223000101949575;0.971163057574408;0.789625872239534;0.94890698930999;1.91731847162883;1.03488204245353;0.0397541739437457;1.9097239915223;0.0492399028219336;0.0;0.0267163861909456
FR_CRS3035RES1000mN2153000E4270000;1;2B166;1.03665792722656;0.116531959677613;0.507495437339482;0.412630530209464;0.495865203869195;1.00192276537845;0.540792723357364;0.020774124112629;0.997954158898856;0.0257310302551909;0.0;0.0139610377354841
FR_CRS3035RES1000mN2154000E4212000;1;2B049;6.0979571136645;0.912260215402432;3.6215247587888;1.56417213947327;2.4931912907332;4.50704347328184;3.60476582293131;0.450724457369574;6.0979571136645;0.0;0.0;1.14018918301309
FR_CRS3035RES1000mN2154000E4219000;1;2B049;8.09744129159907;2.37976053658849;4.42116681534685;1.29651393966373;4.27872301625048;7.20898286591696;3.81871827534858;0.483336313952978;6.62589390843649;1.28894735753128;0.0;0.405122111729128
FR_CRS3035RES1000mN2154000E4220000;1;2B049;8.14271465414505;2.39306594476198;4.44588586929234;1.30376284009073;4.30264565691841;7.24928879505226;3.84006899722664;0.486038681205202;6.66293974628888;1.29615395266655;0.0;0.407387177887586
FR_CRS3035RES1000mN2154000E4247000;1;2B162;24.2842169626751;2.31727118673067;17.0911781219494;4.87576765399508;11.0477738612248;21.0096681728101;13.2364431014504;1.69605478229653;24.2842169626751;0.0;0.0;1.57849400756844
FR_CRS3035RES1000mN2154000E4254000;1;2B059;7.54107919716508;1.50802030764218;4.76927222058119;1.26378666894172;3.55485853160316;7.15137192080137;3.98622066556191;0.240368404872564;7.19001969370117;0.296199739274159;0.0;0.149338871491159
FR_CRS3035RES1000mN2154000E4257000;1;2B059;17.9100630932671;1.40390691443537;12.1552201343979;4.35093604443385;9.15531761361761;16.2569775375907;8.7547454796495;0.761515367550457;16.8220654079194;1.08799768534773;0.0;0.89157018812596
FR_CRS3035RES1000mN2154000E4260000;1;2B059;2.8279046989369;0.221669512805584;1.91924528437861;0.686989901752711;1.44557646530804;2.56689119014589;1.38232823362886;0.120239268560598;2.6561155907241;0.171789108212799;0.0;0.140774240230414
FR_CRS3035RES1000mN2154000E4261000;1;2B079;25.204196840922;1.9756684291672;17.1056103664578;6.12291804529702;12.8839539019561;22.8778681438547;12.3202429389659;1.07165357939717;23.6730962701886;1.53110057073336;0.0;1.25467511767014
FR_CRS3035RES1000mN2154000E4262000;1;2B039,2B079;13.792408884796;1.08113846943198;9.36064631962938;3.35062409573465;7.05044328094292;12.51937976219;6.74196560385308;0.586437427194773;12.9545498072549;0.837859077541091;0.0;0.686591695411195
FR_CRS3035RES1000mN2154000E4271000;1;2B192;3.08388826403307;0.346663574739661;1.50971615820145;1.22750853109196;1.47511811041249;2.98055682252346;1.60877015362057;0.0617996311646414;2.96875086549025;0.076545618512519;0.0;0.0415318103449691
FR_CRS3035RES1000mN2154000E4273000;1;2B166;1.03665792722656;0.142458065121699;0.647831147980702;0.246368714124158;0.49642334477053;0.904558801231477;0.540234582456031;0.0749554044997217;0.947227934918427;0.0894299923081329;0.0;0.0571437214953616
FR_CRS3035RES1000mN2154000E4279000;1;2B286,2B343;9.99495956507418;1.37351248007087;6.24607786136921;2.37536922363409;4.78627629020768;8.72132301802644;5.2086832748665;0.72268413473943;9.1327183825695;0.862241182504684;0.0;0.550952412308304
FR_CRS3035RES1000mN2155000E4212000;1;2B049;6.10697525429176;0.913609337863907;3.62688055564848;1.56648536077937;2.49687841893882;4.51370884515928;3.61009683535294;0.451391024297635;6.10697525429176;0.0;0.0;1.14187538483485
FR_CRS3035RES1000mN2155000E4220000;1;2B049;8.15173279477231;2.39571629002604;4.4508097338369;1.30520677090937;4.3074108814475;7.2573174573078;3.8443219133248;0.486576974067419;6.67031902091352;1.29758945656374;0.0;0.407838363397085
FR_CRS3035RES1000mN2155000E4223000;1;2B165;24.2238469328729;7.11915689157495;13.2261123412862;3.87857770001171;12.7999855363377;21.5659850065045;11.4238613965352;1.44592155282966;19.8216490927746;3.85594194128485;0.0;1.21194037353874
FR_CRS3035RES1000mN2155000E4224000;1;2B165;2.00706575734596;0.259658115204107;1.10110986586364;0.646297776278215;0.842346535581643;2.00706575734596;1.16471922176432;0.0;2.00706575734596;0.0;0.0;0.0
FR_CRS3035RES1000mN2155000E4248000;1;2B080;13.0952792023598;2.61871629445647;8.28196464824927;2.19459825965408;6.17310384616229;12.4185424306398;6.92217535619749;0.417405956221146;12.4856552885531;0.514358513423311;0.0;0.259330815498826
FR_CRS3035RES1000mN2155000E4257000;1;2B059;10.368983896102;0.812788213620476;7.03723270938825;2.51896297309328;5.30044703946282;9.41193436386829;5.06853685663918;0.440877318055528;9.73909049932173;0.629893396780264;0.0;0.516172214178187
FR_CRS3035RES1000mN2155000E4263000;1;2B140;4.81803624044949;0.377668931524314;3.26990981624103;1.17045749268415;2.46289763612377;4.37333506467269;2.35513860432572;0.204857382099151;4.52535093553277;0.292685304916717;0.0;0.23984379367765
FR_CRS3035RES1000mN2155000E4264000;1;2B055;7.26004666264248;0.816110544017232;3.55415268565979;2.88978343296545;3.47270244496409;7.01678522680278;3.78734421767838;0.145487828214187;6.98899180770978;0.180202625595439;0.0;0.0977736076255128
FR_CRS3035RES1000mN2155000E4274000;1;2B166;14.6312152570198;2.0106291199359;9.14337963118318;3.4772065059007;7.00643541633767;12.7667904579261;7.62477984068213;1.05790794543622;13.3690154189358;1.26219983808406;0.0;0.806516853657456
FR_CRS3035RES1000mN2155000E4277000;1;2B343,2B346;3.78316019166258;0.519883817790843;2.36418296295344;0.899093410918291;1.81163813715516;3.30108009398268;1.97152205450742;0.273540861460407;3.45679603820844;0.32636415345414;0.0;0.208539236219489
FR_CRS3035RES1000mN2155000E4278000;1;2B343;19.0729997767521;2.6210214313722;11.9191519365178;4.53282640886208;9.13346832673529;16.6425677755673;9.93953145001681;1.37907054558906;17.4276178445545;1.64538193219757;0.0;1.05136145559578
FR_CRS3035RES1000mN2155000E4279000;1;2B343;8.10649188392866;1.11399828080111;5.06593139871299;1.92656220441456;3.88194766053771;7.07349877730364;4.22454422339095;0.58613874671195;7.40716427760319;0.699327606325478;0.0;0.446854359913064
FR_CRS3035RES1000mN2156000E4219000;1;2B049;9.09715323763715;2.67356631442176;4.96700507728213;1.45658184593326;4.80697513430801;8.09900553237557;4.29017810332913;0.543009125352563;7.44392827940712;1.44808109184746;0.0;0.455138579909016
FR_CRS3035RES1000mN2156000E4220000;1;2B049;4.05319957318396;1.19119658220772;2.21302888204085;0.648974108935382;2.14172819273557;3.60847892846592;1.91147138044839;0.241935504175992;3.31661192647356;0.645186632575222;0.0;0.202785140542046
FR_CRS3035RES1000mN2156000E4222000;1;2B165;13.1471118228302;3.8638104012618;7.17826439434087;2.10503702722753;6.94699077496537;11.7045990769216;6.20012104786482;0.784751174938064;10.7578882023881;2.09275182529403;0.0;0.657761570970543
FR_CRS3035RES1000mN2156000E4223000;1;2B049,2B165;2.04475754048055;0.60093468127713;1.11642849362574;0.327394365577675;1.08045873209142;1.82040493329317;0.964298808389126;0.122051588514606;1.67316390990766;0.325483660045664;0.0;0.10230101867277
FR_CRS3035RES1000mN2156000E4224000;1;2B165;3.01059863601894;0.389487172806161;1.65166479879546;0.969446664417323;1.26351980337246;3.01059863601894;1.74707883264648;0.0;3.01059863601894;0.0;0.0;0.0
FR_CRS3035RES1000mN2156000E4247000;1;2B080;15.9014104600083;1.5173592108813;11.1913774687464;3.19267378038064;7.23413018038419;13.7572217279196;8.66728027962412;1.11058401831155;15.9014104600083;0.0;0.0;1.0336047137772
FR_CRS3035RES1000mN2156000E4248000;1;2B080;2.80613125764853;0.561153491669244;1.77470671033913;0.470271055640159;1.32280796703478;2.66111623513711;1.48332329061375;0.08944413347596;2.67549756183282;0.110219681447852;0.0;0.0555708890354627
FR_CRS3035RES1000mN2156000E4249000;1;2B080;7.48301668706275;1.49640931111798;4.73255122757102;1.25405614837376;3.52748791209274;7.09630996036563;3.95552877497;0.238517689269227;7.13466016488752;0.293919150527607;0.0;0.148189037427901
FR_CRS3035RES1000mN2156000E4250000;1;2B080;0.935377085882843;0.187051163889748;0.591568903446377;0.15675701854672;0.440935989011592;0.887038745045703;0.49444109687125;0.0298147111586533;0.891832520610939;0.0367398938159508;0.0;0.0185236296784876
FR_CRS3035RES1000mN2156000E4253000;1;2B223;1.02344627408963;0.204662717995071;0.647267288494722;0.171516267599839;0.482451731902339;0.970556700919519;0.54099454218729;0.0326218757214715;0.975801828061406;0.0401990897616377;0.0;0.0202676974486402
FR_CRS3035RES1000mN2156000E4262000;1;2B140;7.70885798471919;0.604270290438902;5.23185570598566;1.87273198829463;3.94063621779804;6.99733610347631;3.76822176692115;0.327771811358642;7.24056149685244;0.468296487866748;0.0;0.38375006988424
FR_CRS3035RES1000mN2156000E4267000;1;2B355;19.7366370709279;2.21861902071618;9.66206209286252;7.85595595734917;9.44063736728567;19.0753241489014;10.2959997036422;0.395512673282982;18.9997669726064;0.489885807333222;0.0;0.265800248743537
FR_CRS3035RES1000mN2156000E4268000;1;2B355;2.02947600158366;0.228135828967181;0.993529093776551;0.807811078839925;0.970760464799864;1.96147461411492;1.05871553678379;0.0406697187502305;1.95370523195083;0.0503739054392242;0.0;0.0273316687185055
FR_CRS3035RES1000mN2156000E4270000;1;2B250,2B355;25.2721560151764;2.84087333765525;12.3719729841323;10.0593096933889;12.0884454414062;24.4253651824603;13.1837105737701;0.506441799039327;24.3286165448616;0.627283691140183;0.0;0.340349033676767
FR_CRS3035RES1000mN2156000E4271000;1;2B250,2B355;10.37110689178;1.16582855191054;5.07717086755863;4.12810747231082;4.96081773763138;10.0236035669428;5.41028915414861;0.20783197243433;9.98390016919678;0.257422683224114;0.0;0.139671352402861
FR_CRS3035RES1000mN2156000E4272000;1;2B250;13.6898252074282;1.88126281551914;8.55508354960482;3.25347884230423;6.55563290484555;11.9453597502789;7.13419230258266;0.989840871326313;12.5088368304084;1.18098837701978;0.0;0.754624585822986
FR_CRS3035RES1000mN2157000E4212000;1;2B049;1.02694866736535;0.153632502662022;0.609896061180039;0.26342010352329;0.419874955789369;0.759025064028868;0.607073711575981;0.0759058931076177;1.02694866736535;0.0;0.0;0.192017710228865
FR_CRS3035RES1000mN2157000E4220000;1;2B049;13.1775895321484;3.87276750848484;7.19490508764052;2.10991693602305;6.96309532844669;11.7317327449971;6.2144942037017;0.786570389570082;10.7828271999359;2.09760325446463;0.0;0.659286397581199
FR_CRS3035RES1000mN2157000E4221000;1;2B049;24.4011501883895;7.17126462231266;13.3229191276913;3.90696643838558;12.893673343747;21.723834391892;11.5074768446425;1.45650478509862;19.9667310413023;3.88416500020557;0.0;1.22081101139886
FR_CRS3035RES1000mN2157000E4222000;1;2B049;5.11646374832644;1.50367975224287;2.79356637750428;0.819217618579284;2.70356158364346;4.55508081720055;2.41290216468297;0.305401748470322;4.18664918484115;0.814436584449456;0.0;0.255981182655565
FR_CRS3035RES1000mN2157000E4223000;1;2B049;7.12490578102985;2.09394165317347;3.89016676591939;1.14079736193699;3.76483104428761;6.3431548123733;3.36007473674223;0.425285664131708;5.83009720140705;1.13413955697901;0.0;0.356465304524841
FR_CRS3035RES1000mN2157000E4225000;1;2B049,2B165;19.1916951522094;2.48286802390776;10.5288851635281;6.17994196477357;8.05457313206308;19.1916951522094;11.1371220201463;0.0;19.1916951522094;0.0;0.0;0.0
FR_CRS3035RES1000mN2157000E4243000;1;2B339;2.98507830045921;0.284844924027029;2.10089149753232;0.599341878899863;1.35802072894549;2.58256235557844;1.62705757151372;0.208483408577887;2.98507830045921;0.0;0.0;0.194032536302887
FR_CRS3035RES1000mN2157000E4267000;1;2B355;5.79874225494796;0.651843564677421;2.83877174852356;2.30812694174698;2.77371583713002;5.60444455514646;3.02502641781794;0.116203993754931;5.58224540392979;0.143931386125899;0.0;0.0780937060465673
FR_CRS3035RES1000mN2157000E4272000;1;2B250,2B350;29.4146472384761;4.04217594037153;18.3818829601105;6.99058833799405;14.0857627032627;25.6664009851996;15.3288845352134;2.12682189955872;26.8771161906781;2.53753104779804;0.0;1.62142435371782
FR_CRS3035RES1000mN2157000E4279000;1;2B346;19.886951961025;2.73287515884363;12.4278091937383;4.72626760844308;9.52324479512256;17.3527997554021;10.3637071659024;1.43792324290922;18.1713523266646;1.71559963436038;0.0;1.09622896271364
FR_CRS3035RES1000mN2158000E4219000;1;2B050;13.6221316129387;4.00341417360055;7.43762308025559;2.18109435908256;7.19799328747761;12.1274992752122;6.42413832546108;0.813105108747248;11.1465826825731;2.16836527912304;0.0;0.68152722897927
FR_CRS3035RES1000mN2158000E4221000;1;2B049;2.04475754048055;0.60093468127713;1.11642849362574;0.327394365577675;1.08045873209142;1.82040493329317;0.964298808389126;0.122051588514606;1.67316390990766;0.325483660045664;0.0;0.10230101867277
FR_CRS3035RES1000mN2158000E4223000;1;2B049;34.4708981425509;10.1306672202133;18.8209565805881;5.51927434174951;18.2145717347007;30.6887206876365;16.2563264078502;2.05756809427622;28.2065044742002;5.48706331698474;0.0;1.72460936063818
FR_CRS3035RES1000mN2158000E4227000;1;2B167;1.99782543019198;0.258462675580921;1.09604046773564;0.643322286875418;0.838468457577817;1.99782543019198;1.15935697261416;0.0;1.99782543019198;0.0;0.0;0.0
FR_CRS3035RES1000mN2158000E4228000;1;2B361;1.04007068337133;0.134556026545121;0.570600184106626;0.334914472719584;0.436507839213191;1.04007068337133;0.603562844158139;0.0;1.04007068337133;0.0;0.0;0.0
FR_CRS3035RES1000mN2158000E4262000;1;2B036;1.86491359706825;0.146184024038022;1.26568148788477;0.45304808514546;0.953311901482495;1.69278345359282;0.911601695585756;0.0792939899723275;1.75162412028542;0.113289476782833;0.0;0.0928361535031028
FR_CRS3035RES1000mN2158000E4268000;1;2B274,2B355;93.2325850777535;12.1008126356973;56.419942043363;24.7118303986932;44.9245981767059;90.2029072114413;48.3079869010476;2.03500870082008;87.4568879357881;5.42101453084932;0.0;0.994669165492075
FR_CRS3035RES1000mN2158000E4270000;1;2B350;4.89099857501832;0.549803009997854;2.39438622487207;1.94680934014839;2.3395142619648;4.72711652420849;2.55148431305352;0.0980132488871774;4.70839246092137;0.121400154290613;0.0;0.0658688019226486
FR_CRS3035RES1000mN2158000E4271000;1;2B350;2.9610649461197;0.332856858411504;1.44958805634369;1.1786200313645;1.41636795958893;2.86184892949075;1.54469698653077;0.0593383112024398;2.85051317328513;0.0734970038960013;0.0;0.0398777054265092
FR_CRS3035RES1000mN2158000E4272000;1;2B350;6.48625530797287;0.891344537856623;4.05340866249089;1.54150210762535;3.10606659193162;5.65972551963998;3.38018871604126;0.468987770728077;5.92670162390229;0.559553684070587;0.0;0.357542017604818
FR_CRS3035RES1000mN2158000E4277000;1;2B148,2B346;8.05584070873867;1.1070377702757;5.0342783257869;1.91452461267606;3.85769238293457;7.02930197418518;4.1981483258041;0.582476420668769;7.36088265777825;0.694958050960424;0.0;0.444062313884715
FR_CRS3035RES1000mN2158000E4278000;1;2B346;14.2087186265643;1.95256941584803;8.87935186470651;3.37679734600976;6.80411487748247;12.3981316790446;7.40460374908183;1.02735938645275;12.9829665591667;1.2257520673976;0.0;0.78322756106692
FR_CRS3035RES1000mN2159000E4220000;1;2B050;8.6824988352322;2.55170335208207;4.74060562371002;1.39018985944011;4.58786995386041;7.72984737801938;4.09462888137178;0.518258401857881;7.1046289896609;1.38207657547967;0.0;0.434393055354938
FR_CRS3035RES1000mN2159000E4221000;1;2B050;16.9818283474044;4.99079690546199;9.27200250668742;2.71902893525499;8.97327157943558;15.1185671102539;8.0085567679688;1.01364542477538;13.8957219878726;2.70316041650659;0.0;0.84961581237515
FR_CRS3035RES1000mN2159000E4226000;1;2B167;1.0146240422176;0.1312639436345;0.556639730880362;0.326720367702739;0.425828124341079;1.0146240422176;0.588795917876521;0.0;1.0146240422176;0.0;0.0;0.0
FR_CRS3035RES1000mN2159000E4227000;1;2B167;1.0146240422176;0.1312639436345;0.556639730880362;0.326720367702739;0.425828124341079;1.0146240422176;0.588795917876521;0.0;1.0146240422176;0.0;0.0;0.0
FR_CRS3035RES1000mN2159000E4254000;1;2B223;15.595236538597;3.11864294059248;9.8630350447565;2.61355855324804;7.35158167844757;14.7893071753317;8.24365486014941;0.497090937833155;14.8692322290679;0.612552245623916;0.0;0.30883842543217
FR_CRS3035RES1000mN2159000E4269000;1;2B350;10.8792929700295;1.22295435785284;5.32595314111057;4.33038547106607;5.20389868716779;10.5147619206041;5.6753942828617;0.218015775967391;10.4731130493224;0.270036440386699;0.0;0.146515273457967
FR_CRS3035RES1000mN2159000E4279000;1;2B148;13.2164643228007;1.81621331948265;8.25926955229346;3.14098145102459;6.32895505146821;11.5323182415007;6.8875092713325;0.955614579654068;12.076311653645;1.1401526691557;0.0;0.728531501645914
FR_CRS3035RES1000mN2159000E4281000;1;2B148;3.05710240404691;0.244907861563312;1.83121581897395;0.980978723509654;1.71125907427402;1.46613032197351;1.34584332977289;1.10072241824108;2.19916070036892;0.613033842114681;0.244907861563312;0.490249663832326
FR_CRS3035RES1000mN2159000E4282000;1;2B148;8.13160702828018;0.651432050733077;4.87086314287492;2.6093118346722;4.55178939938492;3.89976979991002;3.57981762889526;2.92781888513322;5.84956218141885;1.63061279612826;0.651432050733077;1.30401834323695
FR_CRS3035RES1000mN2160000E4220000;1;2B050;9.17416008034727;1.37257969527683;4.89793610504052;2.90364428002993;4.71621408352995;7.60853196895326;4.45794599681732;0.923910908438078;8.58997622862111;0.494315865499568;0.0455605610535735;0.641717202955939
FR_CRS3035RES1000mN2160000E4223000;1;2B167;18.9036893374419;2.82825020744696;10.0923748564916;5.9830642735033;9.71793004516045;15.6776558720832;9.18575929228145;1.90375191141487;17.6999573388431;1.01855575596397;0.0938791872665587;1.32228155394385
FR_CRS3035RES1000mN2160000E4224000;1;2B167;10.7896013859273;1.00598104753808;5.74283537704095;4.04078496134827;5.44924119439569;9.85521360983258;5.34036019153161;0.433865778778789;9.54977879443997;1.10195609683659;0.0;0.500521997315935
FR_CRS3035RES1000mN2160000E4225000;1;2B167;21.1242689105585;1.96954580683923;11.2435292532594;7.91119385045989;10.668720023248;19.2948909805538;10.4555488873104;0.849437996288344;18.6968997347034;2.15744920359772;0.0;0.979939933716369
FR_CRS3035RES1000mN2160000E4226000;1;2B167;3.01244947240958;0.28086923395175;1.60339578663825;1.12818445181958;1.52142448770169;2.75156903184078;1.49102498470789;0.121135034523466;2.66629183618042;0.307665403363613;0.0;0.13974540604534
FR_CRS3035RES1000mN2160000E4227000;1;2B167;1.0146240422176;0.0945996539018262;0.540040232778511;0.379984155537263;0.512431454130243;0.926756820021934;0.502192588087357;0.0407995285922779;0.898034581271592;0.103624880042089;0.0;0.0470676936033883
FR_CRS3035RES1000mN2160000E4228000;1;2B167;19.8868907254163;1.85417741106942;10.5849266819279;7.44778663241898;10.0437875592631;18.1646706976591;9.84310316615324;0.799681195203847;17.6017074722176;2.03107415169001;0.0;0.922538832553325
FR_CRS3035RES1000mN2160000E4232000;1;2B112;10.0301150860188;1.50953610674496;5.99216155722253;2.52841742205132;5.24879969202395;8.40418393223008;4.78131539399486;1.04283963546444;8.99565005455719;0.795989815980814;0.094110077687608;0.583091518324277
FR_CRS3035RES1000mN2160000E4234000;1;2B175;13.4073312493539;2.01780841420265;8.00976800448809;3.37975483066316;7.01611053601622;11.2339366890187;6.39122071333768;1.39397168554094;12.024553960785;1.06400565122559;0.125797657817405;0.779422874794285
FR_CRS3035RES1000mN2160000E4239000;1;2B235;2.03838448620587;0.30677763465004;1.21776560411629;0.51384124743954;1.0666948256992;1.70795230161991;0.971689660506669;0.211932576675454;1.82815385040857;0.161766168997885;0.0191256551603729;0.118499607910501
FR_CRS3035RES1000mN2160000E4281000;1;2B148;37.4467220682287;2.9985808576049;24.6721978681535;9.77594334247035;20.943023681878;29.9387807436404;16.5036983863507;3.01767145423749;36.6951716701642;0.751550398064578;0.0;4.49026987035083
FR_CRS3035RES1000mN2161000E4221000;1;2B050;31.4121701519131;4.69968984163013;16.7704510251915;9.94202928509142;16.1482378732467;26.0514857732876;15.2639322786664;3.16345544517323;29.4119344475316;1.69252922773012;0.155998596437975;2.19722893345226
FR_CRS3035RES1000mN2161000E4222000;1;2B167;10.8224388521273;1.61918472009513;5.77792555767362;3.42532857435856;5.56355438378315;8.97552160277275;5.25888446834415;1.08990569423397;10.1332973984862;0.583127303333796;0.0537462156483591;0.757011555120578
FR_CRS3035RES1000mN2161000E4224000;1;2B167;3.87286462963727;0.361091042916305;2.06135733935272;1.45041624736825;1.95597341600249;3.53747157488341;1.91689121363478;0.155733596500979;3.42783752531262;0.395540728355166;0.0;0.179659458252886
FR_CRS3035RES1000mN2161000E4229000;1;2B025;2.03164633168414;0.189422911178184;1.0813569482232;0.760866472282757;1.0260741325899;1.85570419723705;1.00557219909424;0.0816954942421585;1.79819182953546;0.207494696211396;0.0;0.0942466402049331
FR_CRS3035RES1000mN2161000E4231000;1;2B173;53.980732893866;5.33494536840071;32.4845716614726;16.1612158639927;26.048358561697;51.0357049558736;27.932374332169;1.64716237080143;51.9629605789045;1.64170867966004;0.0;1.29786556719094
FR_CRS3035RES1000mN2161000E4232000;1;2B173;13.1945485035686;1.98578453063795;7.88264796863604;3.32611600429462;6.90476046665334;11.0556470764022;6.28978803691527;1.37184848165496;11.8337167567931;1.04711921500736;0.123801170183445;0.767052945511409
FR_CRS3035RES1000mN2161000E4233000;1;2B112;11.9824730839511;1.80336672243542;7.15853347228192;3.02057288923376;6.27047650932705;10.0400550638639;5.71199657462406;1.245827964651;10.7466498367128;0.950928923874904;0.112428567683355;0.696590055436153
FR_CRS3035RES1000mN2161000E4242000;1;2B190;1.04797404574068;0.140425325840132;0.761922532191396;0.145626187709152;0.430084237084126;0.953109553318166;0.617889808656554;0.0474322462112567;0.951711707098458;0.0488300924309658;0.0;0.0474322462112567
FR_CRS3035RES1000mN2161000E4253000;1;2B223;16.4879328131747;1.44992528745861;9.17164688402729;5.86636064168881;8.51484774201921;15.2658532920773;7.97308507115549;0.983586161187372;15.7779413261837;0.709991486991048;0.0;0.23849335991002
FR_CRS3035RES1000mN2161000E4254000;1;2B223;3.95523135572515;0.34781740230241;2.20015363662552;1.40726031679722;2.04259643462092;3.66207106111431;1.91263492110423;0.235948973705004;3.78491403193056;0.17031732379459;0.0;0.0572113209058331
FR_CRS3035RES1000mN2161000E4276000;1;2B042;12.3013096212903;1.57968995685937;7.73655244897075;2.9850672154602;5.67296436340316;10.9047654229602;6.62834525788716;0.547891337859031;10.9838076997592;1.22233931626415;0.0;0.848652860471047
FR_CRS3035RES1000mN2161000E4277000;1;2B042;13.208565455909;1.69619648944585;8.30714473265851;3.20522423380465;6.09136128021385;11.7090222346095;7.11720417569517;0.588299849498258;11.7938940993967;1.31249024414951;0.0;0.91124337180129
FR_CRS3035RES1000mN2161000E4279000;1;2B042;2.8723612847839;0.368858309703197;1.80648844848706;0.697014526593648;1.32463970984;2.54626759140753;1.5477215749439;0.127932871831062;2.5647239983047;0.285416775692707;0.0;0.198160821545313
FR_CRS3035RES1000mN2162000E4216000;1;2B050;4.9969413084338;0.747610693336259;2.66778637335701;1.58154424174053;2.56880681904517;4.14418184980728;2.42813448938863;0.503231744732327;4.67875060815774;0.269241799368678;0.0248157267335806;0.349527713894191
FR_CRS3035RES1000mN2162000E4220000;1;2B050;2.96462567694297;0.443548507179984;1.58276583511278;0.938311334650208;1.5240424461248;2.45869366148519;1.44058323081817;0.298561391819484;2.77584692970998;0.159737948165914;0.0147228746797973;0.207370623638299
FR_CRS3035RES1000mN2162000E4221000;1;2B050;808.269385326304;26.7018102617556;663.727149278467;117.840425786081;137.965982068447;273.860724760922;670.303403257857;431.816178877692;785.218914301295;15.7616972781164;5.96982421357901;102.59248168769
FR_CRS3035RES1000mN2162000E4222000;1;2B050,2B150;6.16353138076133;0.922148507366607;3.29060999808044;1.95077287531429;3.16852259472728;5.11168598993904;2.99500878603405;0.620716646244769;5.77105561505484;0.332099213697115;0.0306092269286153;0.43112874457752
FR_CRS3035RES1000mN2162000E4225000;1;2B167;1.99782543019198;0.186269580049924;1.06335555385974;0.748200296282316;1.00899303357144;1.82481221181884;0.988832396620538;0.0803355059311877;1.76825725490883;0.204040523321524;0.0;0.0926777124419519
FR_CRS3035RES1000mN2162000E4227000;1;2B167;3.87286462963727;0.361091042916305;2.06135733935272;1.45041624736825;1.95597341600249;3.53747157488341;1.91689121363478;0.155733596500979;3.42783752531262;0.395540728355166;0.0;0.179659458252886
FR_CRS3035RES1000mN2162000E4238000;1;2B352;5.18571144789101;0.78045153047783;3.098032327487;1.30722758992618;2.7137037229569;4.34508203084296;2.47200772493411;0.539162850033556;4.65087838664618;0.411537999886977;0.0486562420312419;0.301466567014492
FR_CRS3035RES1000mN2162000E4245000;1;2B190;2.93175709724187;0.392846509260004;2.13151442097199;0.407396167009874;1.20318105167583;2.666369180369;1.72857604556604;0.132693958436434;2.66245863927102;0.136604499534414;0.0;0.132693958436434
FR_CRS3035RES1000mN2162000E4252000;1;2B136;2.05586320277664;0.180789676852616;1.14360311576877;0.731470410155254;1.06170751351409;1.90348337767913;0.994155689262552;0.122642335971291;1.96733510232106;0.0885281004555789;0.0;0.0297374891262168
FR_CRS3035RES1000mN2162000E4263000;1;2B172;1.02862816639205;0.160724185191251;0.546588060730163;0.321315920470636;0.513882397743944;1.02862816639205;0.514745768648107;0.0;0.900873004792837;0.127755161599214;0.0;0.0
FR_CRS3035RES1000mN2162000E4273000;1;2B042;13.5119600459977;1.73515733196453;8.49795597399925;3.27884674003394;6.23127700875088;11.9779730160601;7.28068303724684;0.601812822749106;12.0647943480104;1.34263753311502;0.0;0.932174207188491
FR_CRS3035RES1000mN2162000E4276000;1;2B042;5.59788216475592;0.718859902529597;3.52062587676331;1.35839638546302;2.58156139540039;4.96236528884582;3.01632076935554;0.249325579377102;4.99833457709047;0.556242519573074;0.0;0.386191296533
FR_CRS3035RES1000mN2162000E4277000;1;2B042;10.5841316301681;1.35917613270354;6.6565830797304;2.56837241773418;4.88105766003911;9.38253537110877;5.70307397012901;0.471409485449617;9.45054389115616;1.05170917718209;0.0;0.730186773609725
FR_CRS3035RES1000mN2162000E4282000;1;2B148;12.161401989138;0.973835497265258;8.01267773674486;3.17488875512791;6.80157075963267;9.72308195693823;5.35983122950533;0.980035463698592;11.9173243769693;0.244077612168748;0.0;1.45828456850119
FR_CRS3035RES1000mN2163000E4223000;1;2B150;3.21129621473485;0.480453789912236;1.71445925691046;1.01638316791216;1.65084981095573;2.66326832076205;1.56044640377912;0.323403077451765;3.00681020453582;0.173028882629009;0.0159478857978461;0.224624816521039
FR_CRS3035RES1000mN2163000E4225000;1;2B150;16.1599960017544;1.50669604228933;8.60126277257642;6.05203718688865;8.16153560861706;14.7605279226581;7.99846039313734;0.649817263824776;14.3030665930876;1.65044152068624;0.0;0.749650815271567
FR_CRS3035RES1000mN2163000E4231000;1;2B084,2B173;6.9359722617348;0.6466834493678;3.69171626032614;2.59757255204086;3.50298258665306;6.33531173083234;3.43298967508174;0.278905670310546;6.1389664413674;0.708379915802727;0.0;0.32175486059192
FR_CRS3035RES1000mN2163000E4236000;1;2B290;0.948568101795132;0.14275985739807;0.566690737368243;0.239117507028819;0.496389514763011;0.794800531336365;0.452178587032122;0.0986234360229934;0.850736668870222;0.0752783534703066;0.0089001788101476;0.0551441344357736
FR_CRS3035RES1000mN2163000E4240000;1;2B182;2.0774033087075;0.278365707349593;1.51036220389839;0.28867539745952;0.852557771609727;1.88935303089923;1.22484553709777;0.0940251389041328;1.88658207452518;0.0967960952781864;0.0;0.0940251389041328
FR_CRS3035RES1000mN2163000E4245000;1;2B190;1.04797404574068;0.140425325840132;0.761922532191396;0.145626187709152;0.430084237084126;0.953109553318166;0.617889808656554;0.0474322462112567;0.951711707098458;0.0488300924309658;0.0;0.0474322462112567
FR_CRS3035RES1000mN2163000E4251000;1;2B136;9.25138441249488;0.813553545836772;5.14621402095947;3.29161684569865;4.7776838108134;8.5656751995561;4.47370060168149;0.551890511870811;8.85300796044478;0.398376452050105;0.0;0.133818701067975
FR_CRS3035RES1000mN2163000E4264000;1;2B172;5.94781515961869;0.710411102426381;3.47174572780054;1.76565832939176;3.05064846154795;5.44326673266488;2.89716669807074;0.0853270861152807;5.64964947053226;0.298165689086424;0.0;0.419221340838527
FR_CRS3035RES1000mN2163000E4277000;1;2B042;13.4107395643711;1.72215896161401;8.43429628335469;3.25428431940242;6.1845974109851;11.8882439024845;7.22614215338602;0.597304536493052;11.9744148404871;1.3325795979754;0.0;0.925191125393525
FR_CRS3035RES1000mN2164000E4215000;1;2B050;1.04489755438393;0.156317673323703;0.620555752207519;0.268024128852708;0.427213480472136;0.772291214082381;0.617684073911795;0.0772325673053927;1.04489755438393;0.0;0.0;0.195373772996157
FR_CRS3035RES1000mN2164000E4223000;1;2B150;17.9598424935615;2.68703782375022;9.588470249009;5.68433442080229;9.23272118257043;14.8948824276953;8.72712131099106;1.80869902512134;16.816211918948;0.96770004105975;0.0891918707842625;1.25626104074491
FR_CRS3035RES1000mN2164000E4231000;1;2B296;9.55100686176451;0.890499244983509;5.08358540137005;3.57692221541095;4.82369442368515;8.72388232381175;4.72731243807936;0.384060066909032;8.45350996126633;0.975456818634362;0.0;0.443064471043729
FR_CRS3035RES1000mN2164000E4232000;1;2B112,2B316;14.5247039257877;2.1859734238064;8.67730546935233;3.66142503262898;7.60083616574672;12.1701777403988;6.92386776004099;1.5101458774198;13.0266853911345;1.152680333766;0.136281688008821;0.844380307969107
FR_CRS3035RES1000mN2164000E4235000;1;2B290;0.948568101795132;0.14275985739807;0.566690737368243;0.239117507028819;0.496389514763011;0.794800531336365;0.452178587032122;0.0986234360229934;0.850736668870222;0.0752783534703066;0.0089001788101476;0.0551441344357736
FR_CRS3035RES1000mN2164000E4237000;1;2B352;5.12370305212422;0.771119243507187;3.06098745590255;1.29159635271448;2.68125447927302;4.29312550203972;2.44244857285121;0.532715784144221;4.5952652831096;0.406617014323763;0.0480744326608757;0.297861765940284
FR_CRS3035RES1000mN2164000E4238000;1;2B352;5.0024339118993;0.752868192125074;2.98853920641575;1.26102651335848;2.61779384892075;4.19151468790516;2.38464006297856;0.520107328019772;4.48650334583123;0.396993096773072;0.0469365944496686;0.290811895974366
FR_CRS3035RES1000mN2164000E4243000;1;2B199;1.01797396822162;0.136405406951906;0.740111176154324;0.14145738511539;0.417772328688408;0.925825136685985;0.600201639533212;0.0460744157678175;0.924467306242546;0.0474322462112567;0.0;0.0460744157678175
FR_CRS3035RES1000mN2164000E4247000;1;2B180;3.05559592829264;0.40944053491612;2.22155061616339;0.424604777213131;1.25400399847525;2.77899789806097;1.80159192981738;0.138299015115832;2.7749221738246;0.142374739352212;0.0;0.138299015115832
FR_CRS3035RES1000mN2164000E4250000;1;2B136;2.05586320277664;0.180789676852616;1.14360311576877;0.731470410155254;1.06170751351409;1.90348337767913;0.994155689262552;0.122642335971291;1.96733510232106;0.0885281004555789;0.0;0.0297374891262168
FR_CRS3035RES1000mN2164000E4251000;1;2B136;2.05586320277664;0.180789676852616;1.14360311576877;0.731470410155254;1.06170751351409;1.90348337767913;0.994155689262552;0.122642335971291;1.96733510232106;0.0885281004555789;0.0;0.0297374891262168
FR_CRS3035RES1000mN2164000E4253000;1;2B136;3.08379480416496;0.271184515278924;1.71540467365315;1.09720561523288;1.59256127027113;2.8552250665187;1.49123353389383;0.183963503956937;2.95100265348159;0.132792150683368;0.0;0.0446062336893251
FR_CRS3035RES1000mN2164000E4263000;1;2B257;4.96376013398021;0.775592511545825;2.63762175118959;1.5505458712448;2.47979692061373;4.96376013398021;2.48396321336649;0.0;4.34726332903595;0.616496804944267;0.0;0.0
FR_CRS3035RES1000mN2164000E4265000;1;2B172;124.373707466264;17.1113689042479;71.7314004331968;35.5309381288194;60.3753333800573;113.060058899933;63.9983740862067;7.50664343015422;114.826461696725;8.31667679310611;0.40060825173082;3.80700513617653
FR_CRS3035RES1000mN2164000E4266000;1;2B172;5.94781515961869;0.710411102426381;3.47174572780054;1.76565832939176;3.05064846154795;5.44326673266488;2.89716669807074;0.0853270861152807;5.64964947053226;0.298165689086424;0.0;0.419221340838527
FR_CRS3035RES1000mN2164000E4269000;1;2B265;61.5362457617402;7.93944345385448;34.8365136123028;18.7602886955829;28.6173760041127;58.0454393702849;32.9188697576275;2.75066362318599;58.2405084101989;2.46864888920905;0.0;0.740142768269296
FR_CRS3035RES1000mN2164000E4277000;1;2B042;9.57773106696947;1.2299377905102;6.02363659016442;2.32415668629486;4.41693841533256;8.49038954264982;5.16079265163693;0.426585140077588;8.55193141854825;0.951706574680408;0.0;0.660756384242077
FR_CRS3035RES1000mN2164000E4280000;1;2B042;0.909132522676663;0.0727996264815188;0.598992281540257;0.237340614654889;0.50845529063109;0.726854521838707;0.400677232045573;0.073263108498566;0.89088636195621;0.0182461607204547;0.0;0.109014892339391
FR_CRS3035RES1000mN2165000E4215000;1;2B050;1.04489755438393;0.156317673323703;0.620555752207519;0.268024128852708;0.427213480472136;0.772291214082381;0.617684073911795;0.0772325673053927;1.04489755438393;0.0;0.0;0.195373772996157
FR_CRS3035RES1000mN2165000E4222000;1;2B150;5.89371422744189;0.881780174697439;3.14655897156374;1.86537508118071;3.02981611399025;4.88791483063688;2.86389811345164;0.593543912277595;5.51841963390893;0.317561109009423;0.0292692654738936;0.412255484527415
FR_CRS3035RES1000mN2165000E4223000;1;2B150;1.10911059505051;0.165938098883174;0.592136258840519;0.351036237326818;0.570166964905576;0.919833897124143;0.538943630144934;0.111696260851884;1.03848565568468;0.0597603441541845;0.0055080465719376;0.0775804370744824
FR_CRS3035RES1000mN2165000E4226000;1;2B150;3.98336423190096;0.371393601987926;2.12017146995225;1.49179915996078;2.01178075893223;3.63840182662844;1.97158347296873;0.160176948416964;3.5256397258525;0.40682619721144;0.0;0.184785456855557
FR_CRS3035RES1000mN2165000E4227000;1;2B020;22.1674801681944;2.06681082305464;11.7987852170147;8.30188412812506;11.1955893260363;20.2477593411582;10.9718908421581;0.891387058958568;19.6202366022994;2.26399373332796;0.0;1.02833376807761
FR_CRS3035RES1000mN2165000E4228000;1;2B020;20.9445058458572;1.95278538820386;11.1478491951621;7.84387126249123;10.5779314702364;19.1306955354746;10.3665743756208;0.842209458432996;18.537793068766;2.13908976676143;0.0;0.971600851949615
FR_CRS3035RES1000mN2165000E4231000;1;2B296;4.24489193856201;0.395777442214894;2.2593712894978;1.58974320684932;2.14386418830451;3.87728103280523;2.1010277502575;0.170693363070681;3.7571155383406;0.433536363837495;0.0;0.196917542686102
FR_CRS3035RES1000mN2165000E4232000;1;2B316;5.09296293303089;0.766492843979458;3.04262278527656;1.28384730377487;2.66516805092737;4.26736850795307;2.42779488210353;0.529519707696992;4.56769557412546;0.404177478831848;0.0477860057613647;0.296074717380833
FR_CRS3035RES1000mN2165000E4234000;1;2B290;7.1160796940438;1.0709726802245;4.25126719036544;1.79383982345387;3.72387321443392;5.96252805797961;3.39220647960989;0.739864885939023;6.38215635004913;0.56473200133689;0.066768407649796;0.41368675012517
FR_CRS3035RES1000mN2165000E4235000;1;2B290;6.16751159224867;0.928212822826427;3.68457645299719;1.55472231642505;3.22748369967091;5.16772752664325;2.94002789257777;0.64124144991603;5.53141968117891;0.489453647866584;0.0578682288396484;0.358542615689397
FR_CRS3035RES1000mN2165000E4236000;1;2B290,2B352;5.07651613147986;0.764017594137474;3.03279718595411;1.27970135138828;2.65656137331943;4.25358781409798;2.41995475816043;0.527809719687189;4.55294502839383;0.402872260853011;0.0476316895089183;0.295118597694696
FR_CRS3035RES1000mN2165000E4237000;1;2B352;11.8047961645008;1.77662627898634;7.05238625490653;2.97578363060793;6.17749746052327;9.89118044988731;5.62729870397754;1.22735474352433;10.5872977877643;0.936828485624258;0.110761469295215;0.686260971089168
FR_CRS3035RES1000mN2165000E4238000;1;2B182,2B352;10.028719315413;1.50932604274189;5.99132770009377;2.52806557257735;5.24806927963455;8.40301442292757;4.78065003577845;1.04269451600198;8.99439823802084;0.795879047641854;0.0940969815188183;0.583010376483452
FR_CRS3035RES1000mN2165000E4239000;1;2B034,2B182;5.85363667787724;0.880974529727915;3.49706223411304;1.47559991403629;3.06323169062036;4.90473328485559;2.79040498725689;0.608607606886572;5.24991654124732;0.464544538331065;0.054923218506032;0.340295786135083
FR_CRS3035RES1000mN2165000E4248000;1;2B180;22.407703474146;2.54104220356545;12.6474049342722;7.21925633630834;10.7856699968224;20.9027547194667;11.6220334773236;0.802598253643578;20.950241054616;1.31895355723125;0.0471389582896486;0.702350501035738
FR_CRS3035RES1000mN2165000E4250000;1;2B136;4.11172640555328;0.361579353705232;2.28720623153754;1.46294082031051;2.12341502702818;3.80696675535827;1.9883113785251;0.245284671942583;3.93467020464212;0.177056200911158;0.0;0.0594749782524335
FR_CRS3035RES1000mN2165000E4251000;1;2B332;3.75970609331267;0.330623189691215;2.09138993143131;1.33769297219014;1.94162150598521;3.48103805929987;1.81808458732746;0.22428493161734;3.59780833753655;0.161897755776116;0.0;0.0543831023954581
FR_CRS3035RES1000mN2165000E4260000;1;2B301;11.1086782399082;1.73574214375589;5.9028822025398;3.47005389361251;5.54967712940718;11.1086782399082;5.55900111050103;0.0;9.72898533428711;1.3796929056211;0.0;0.0
FR_CRS3035RES1000mN2165000E4262000;1;2B230;25.4564470014357;3.58822197177085;13.7654558937644;8.10276913590047;12.4497051006701;24.3444766642613;13.0067419007656;1.11197033717439;24.0944431195805;1.0390405868861;0.156121052174854;0.0
FR_CRS3035RES1000mN2165000E4264000;1;2B257;15.8840324287367;1.89719967514906;9.27152580313999;4.71530695044763;8.14695779735863;14.5366025976933;7.73707463137806;0.227871607730261;15.0877613027037;0.796271126032944;0.0;1.11955822331314
FR_CRS3035RES1000mN2165000E4265000;1;2B172,2B333;10.6932683814282;1.27721127431246;6.24167157572327;3.17438553139245;5.48460264168912;9.78616693391274;5.20866573973907;0.153405142485031;10.1572117539154;0.536056627512785;0.0;0.753696305030424
FR_CRS3035RES1000mN2165000E4267000;1;2B333;12.3382661497594;1.47369093057737;7.20185843781994;3.66271678136207;6.32832588737436;11.2916208505807;6.00994026238502;0.177004205749606;11.7197453097623;0.618520839997079;0.0;0.869641093429061
FR_CRS3035RES1000mN2165000E4268000;1;2B188,2B265;9.25065074814515;1.104904039515;5.39961420326094;2.74613250536921;4.74468064588537;8.46592540648289;4.50597010225978;0.132709415445246;8.78691295858758;0.463737789557565;0.0;0.652015926217006
FR_CRS3035RES1000mN2165000E4270000;1;2B265;0.989827909882295;0.118225721176743;0.577763552694516;0.293838636011035;0.507685075854514;0.905861595952979;0.48214283402778;0.0142000262347173;0.940207551329331;0.0496203585529632;0.0;0.0697662876945985
FR_CRS3035RES1000mN2166000E4225000;1;2B150;5.31901390110202;0.495924453991344;2.83107967659141;1.99200977051927;2.6863448079975;4.85838320750198;2.63266909310452;0.213885390756583;4.70781119183208;0.543237844275025;0.0;0.246745302843456
FR_CRS3035RES1000mN2166000E4227000;1;2B020;2.90669703357218;0.271009282189295;1.54710836458799;1.0885793867949;1.46801467898788;2.65497483551924;1.4386823545843;0.116882573047568;2.57269130713892;0.296864768514933;0.0;0.134839625005369
FR_CRS3035RES1000mN2166000E4228000;1;2B020;22.8985883272804;2.13497654349546;12.1879222805877;8.57568950319729;11.5648323180199;20.9155529715218;11.3337560092605;0.9207859959042;20.2673338345649;2.33866276553175;0.0;1.06224935985443
FR_CRS3035RES1000mN2166000E4229000;1;2B231;13.5500698200321;1.26335653600224;7.21211262033731;5.07460066369255;6.84340375600547;12.3766233550328;6.70666606402663;0.544868284257745;11.9930444881215;1.38388634729555;0.0;0.628578180741563
FR_CRS3035RES1000mN2166000E4231000;1;2B093,2B231;11.2233994418875;1.04642671435614;5.97372720827292;4.20324551925844;5.66832901349438;10.2514444206014;5.55507042839311;0.451309438155064;9.93372953809592;1.14626045947827;0.0;0.520645583131084
FR_CRS3035RES1000mN2166000E4234000;1;2B290,2B316;8.05805344632003;1.21274008553065;4.81401835103459;2.03129500975479;4.21681187948812;6.75180321639702;3.84124156683192;0.837802701808166;7.22697878362885;0.639487027306461;0.0756067133168938;0.468447528114845
FR_CRS3035RES1000mN2166000E4236000;1;2B290,2B352;13.043488247416;1.96304990506278;7.79240199917518;3.28803634317805;6.82571002514086;10.9290744332502;6.21777822227515;1.35614261775327;11.6982362373927;1.03513107484489;0.122383809333633;0.758271196412512
FR_CRS3035RES1000mN2166000E4237000;1;2B352;10.8765213359942;1.63692056687876;6.49781906457907;2.74178170453638;5.6917274975474;9.11338355209265;5.1847938384468;1.1308412164642;9.75476142700615;0.863160606084914;0.102051697226101;0.632296567437349
FR_CRS3035RES1000mN2166000E4239000;1;2B034;9.67260362111816;1.4557304963193;5.77857811995668;2.43829500484218;5.0617125000254;8.10462684009919;4.61089112109277;1.00566886299235;8.67501085937775;0.76761771030538;0.0907556364426706;0.562307918026627
FR_CRS3035RES1000mN2166000E4240000;1;2B034;2.15080147179701;0.288200837341412;1.56372584826215;0.298874786193452;0.882680075787038;1.95610706046795;1.26812139600997;0.0973472056645315;1.95323820153111;0.100216064601368;0.0;0.0973472056645315
FR_CRS3035RES1000mN2166000E4250000;1;2B332;8.63397824858243;0.759259728665576;4.80277307032057;3.07194544959628;4.45883732227737;7.99403095362731;4.17514092630506;0.515059202237451;8.26218809606185;0.371790152520587;0.0;0.124888092717669
FR_CRS3035RES1000mN2166000E4251000;1;2B332;6.53485284435004;0.574665635541218;3.63510474033279;2.32508246847603;3.3747879504749;6.05049195296626;3.16006489387514;0.38983606349746;6.25345371804353;0.281399126306508;0.0;0.0945248278863227
FR_CRS3035RES1000mN2166000E4262000;1;2B301;4.03951935996661;0.631178961365778;2.14650261910538;1.26183777949546;2.01806441069352;4.03951935996661;2.0214549492731;0.0;3.53781284883167;0.501706511134943;0.0;0.0
FR_CRS3035RES1000mN2166000E4267000;1;2B188;3.17912997498445;0.379717454170221;1.85566138364705;0.943751137167178;1.63058328259633;2.90944690903273;1.54854669238811;0.045607654217109;3.01975927259239;0.159370702392055;0.0;0.224075411734613
FR_CRS3035RES1000mN2166000E4269000;1;2B188;0.925051553293743;0.110488788931829;0.539953527800736;0.274609236561177;0.474461129368555;0.846580166147365;0.450590423925187;0.0132707475654017;0.878678452175722;0.046373101118021;0.0;0.0652006395809762
FR_CRS3035RES1000mN2166000E4270000;1;2B188;1.9801882474425;0.236515035878751;1.15583788396344;0.587835327600307;1.01564323512418;1.81221045416764;0.964545012318314;0.0284076906527178;1.88092083958355;0.0992674078589529;0.0;0.139570102622146
FR_CRS3035RES1000mN2166000E4271000;1;2B265;5.39639589379974;0.644549208938303;3.14988174431108;1.60196494055035;2.76782421604024;4.93862392436765;2.6285716777595;0.0774164503746813;5.12587301151819;0.270522882281551;0.0;0.380355519057401
FR_CRS3035RES1000mN2166000E4275000;1;2B037;13.0993211006425;1.68216772208929;8.23843865905392;3.17871471949931;6.04098133259776;11.6121801824509;7.05833976804476;0.583434185776006;11.6963500957522;1.30163500396508;0.0;0.903706732415613
FR_CRS3035RES1000mN2166000E4276000;1;2B037;8.29164870224762;1.0647837168554;5.21479233092015;2.01207265447208;3.82383900981552;7.35031365368713;4.46780969243211;0.369303971722568;7.40359178520483;0.823912942396515;0.0;0.57203107683793
FR_CRS3035RES1000mN2167000E4225000;1;2B150;1.99168211595048;0.185696800993963;1.06008573497613;0.74589957998039;1.00589037946611;1.81920091331422;0.985791736484366;0.0800884742084821;1.76281986292625;0.20341309860572;0.0;0.0923927284277783
FR_CRS3035RES1000mN2167000E4226000;1;2B010;56.607231881902;8.06628262238692;31.7362701446279;16.8046791148871;28.8390103001699;54.9487918590769;27.7682215817321;0.82026581202468;53.3683509073512;2.87233922905049;0.0;0.838174210800378
FR_CRS3035RES1000mN2167000E4230000;1;2B093;2.83619104455753;0.264435574213468;1.50958109425392;1.06217437609015;1.43240593626905;2.59057471936498;1.40378510828848;0.114047423282693;2.51028709268376;0.289663899671018;0.0;0.131568901909855
FR_CRS3035RES1000mN2167000E4231000;1;2B093;4.94627501093329;0.461171709586978;2.63268698271007;1.85241631863625;2.49809465468693;4.51792379181903;2.44818035624636;0.19889701045598;4.37790336466813;0.505169534069862;0.0;0.22945420865828
FR_CRS3035RES1000mN2167000E4236000;1;2B168,2B290,2B352;21.3348163614461;3.21089791614337;12.7457826091807;5.37813583612203;11.1645954794118;17.8763373425174;10.1702208820343;2.21819908607872;19.1344306939541;1.69313077705399;0.200179280896317;1.24027993285001
FR_CRS3035RES1000mN2167000E4238000;1;2B182;5.39658304059478;0.812187784782316;3.22401060794274;1.36038464786973;2.82405367820148;4.52177029772388;2.5725293623933;0.561087349700717;4.84000154606579;0.428272767018994;0.0506347977906991;0.313725393170185
FR_CRS3035RES1000mN2167000E4239000;1;2B034;1.07660294726175;0.162029149973065;0.64318093438098;0.271392862907705;0.563390665965182;0.902080296504365;0.513212281296569;0.111935328302203;0.965566524233742;0.0854391973098918;0.010101497952575;0.0625873224551822
FR_CRS3035RES1000mN2167000E4241000;1;2B199;9.1617657139946;1.22764866256716;6.66100058538893;1.27311646603851;3.75995095819568;8.33242623017388;5.40181475579892;0.414669741910359;8.32020575618293;0.426890215901311;0.0;0.414669741910359
FR_CRS3035RES1000mN2167000E4249000;1;2B180,2B332;2.99441910861342;0.263324944128753;1.6656881731736;1.06540599131107;1.54640506329955;2.7724738646775;1.44801404531387;0.178631804811442;2.86547558975701;0.128943518856412;0.0;0.0433134391244814
FR_CRS3035RES1000mN2167000E4259000;1;2B314;11.0007909634712;1.71888464834172;5.84555352038637;3.43635279474312;5.49577876835415;11.0007909634712;5.50501219511706;0.0;9.63449760968628;1.36629335378493;0.0;0.0
FR_CRS3035RES1000mN2167000E4264000;1;2B257,2B333;10.6583445107922;1.27303994336594;6.22128647709042;3.16401809033583;5.46669010584733;9.75420562743175;5.19165440494486;0.152904126223216;10.1240386269852;0.534305883807021;0.0;0.751234757137226
FR_CRS3035RES1000mN2167000E4265000;1;2B333;9.49097396135335;1.13360840813644;5.53989110601532;2.81747444720158;4.86794299028795;8.68586219275437;4.62303097106539;0.13615708134585;9.01518869981713;0.475785261536213;0.0;0.668954687253121
FR_CRS3035RES1000mN2167000E4269000;1;2B188;3.17912997498445;0.379717454170221;1.85566138364705;0.943751137167178;1.63058328259633;2.90944690903273;1.54854669238811;0.045607654217109;3.01975927259239;0.159370702392055;0.0;0.224075411734613
FR_CRS3035RES1000mN2167000E4270000;1;2B188;1.85010310658749;0.220977577863659;1.07990705560147;0.549218473122355;0.948922258737112;1.69316033229473;0.901180847850376;0.0265414951308036;1.75735690435145;0.0927462022360423;0.0;0.130401279161953
FR_CRS3035RES1000mN2167000E4271000;1;2B188;9.91466112975068;1.18421389272321;5.78719773497614;2.94324950205132;5.08525314095037;9.07360831581009;4.8294079888003;0.14223527821875;9.41763630828665;0.497024821464024;0.0;0.698817535721834
FR_CRS3035RES1000mN2167000E4276000;1;2B037;5.36489491796806;0.688940517914636;3.37409529504412;1.30185910500932;2.47411524626296;4.7558286394174;2.89077967170511;0.238948497726726;4.79030086409579;0.533091368947286;0.0;0.370117780823942
FR_CRS3035RES1000mN2167000E4277000;1;2B037;2.88881204380422;0.370970857034104;1.81683467697039;0.70100650979973;1.33222626546264;2.56085072716047;1.55658577834159;0.128665576611766;2.57941283869301;0.287051431688856;0.0;0.199295740031988
FR_CRS3035RES1000mN2168000E4226000;1;2B010;3.86253666391957;0.40081958503812;2.09277530547037;1.36894177341108;2.22207129766384;3.3416662945022;1.64046536625573;0.402607780047234;3.57177968014137;0.233274619294263;0.0;0.118262589370136
FR_CRS3035RES1000mN2168000E4236000;1;2B168;4.92044887316332;0.30923387916591;3.1644662669934;1.446748727004;2.47681880721053;4.83023587118802;2.44363006595279;0.0902130019752924;4.5678770942113;0.266216117169811;0.0;0.0
FR_CRS3035RES1000mN2168000E4237000;1;2B352;1.04954396873156;0.065960354669307;0.674988516371312;0.308595097690941;0.528311604847037;1.03030131129013;0.521232363884522;0.0192426574414268;0.97433953237164;0.0567845591646362;0.0;0.0
FR_CRS3035RES1000mN2168000E4243000;1;2B199;3.05392190466487;0.41835740383278;1.88168299350648;0.753881507325608;1.63973090452074;2.61021598043313;1.41419100014413;0.0274685043913827;2.88490102434696;0.169020880317913;0.0;0.416237419840357
FR_CRS3035RES1000mN2168000E4249000;1;2B332;1.77021686786831;0.308814331081473;1.10299796489721;0.358404571889632;0.718005285250911;1.58768762795627;1.0522115826174;0.0;1.77021686786831;0.0;0.0;0.182529239912043
FR_CRS3035RES1000mN2168000E4264000;1;2B188;5.46193441936493;0.639315901018692;3.73888634140972;1.08373217693652;2.50596588467714;5.06992143514447;2.95596853468779;0.196124335109008;5.01309903806415;0.306841623711359;0.0561831003532027;0.195888649111452
FR_CRS3035RES1000mN2168000E4265000;1;2B188,2B333;20.3448765605923;2.38135467964141;13.9267840383389;4.03673784261201;9.33434250108405;18.8846877040879;11.0105340595083;0.730533375533453;18.6730329009146;1.14293846808676;0.209273519913515;0.729655480970981
FR_CRS3035RES1000mN2168000E4266000;1;2B188;1.9801882474425;0.231779757206884;1.35550854758224;0.392899942653374;0.908521379483443;1.83806652927502;1.07166686795906;0.0711035822845871;1.81746594452779;0.11124340397519;0.0203688119413983;0.0710181358828887
FR_CRS3035RES1000mN2168000E4267000;1;2B188;18.2681154573137;2.13827113194522;12.5051679720804;3.62467635328807;8.38151295831453;16.9569795287834;9.88660249899919;0.655962104754972;16.7669299912525;1.02626977526406;0.187911330528477;0.655173823775295
FR_CRS3035RES1000mN2168000E4278000;1;2B037;3.12477344543998;0.291466840727559;1.72740231481431;1.10590428989812;1.29678064413143;2.97437300905374;1.82799280130855;0.150279635276488;2.7698270877427;0.354946357697277;0.0;0.0001208011097583
FR_CRS3035RES1000mN2169000E4228000;1;2B093;4.89048009410626;0.50749038067841;2.64972914521261;1.73326056821524;2.81343489899263;4.23098961029025;2.07704519511363;0.509754471056669;4.5223434613405;0.295356389176936;0.0;0.149736012759349
FR_CRS3035RES1000mN2169000E4231000;1;2B093;54.7730866758121;5.68386213074226;29.6768090955044;19.4124154495654;31.5103038176133;47.3868324151189;23.2627828581989;5.70921980854566;50.649978247394;3.30797402163839;0.0;1.67703445214762
FR_CRS3035RES1000mN2169000E4236000;1;2B168;17.1203787510967;1.07595897660199;11.0105525801686;5.03386719432607;8.61792839847609;16.8064885345934;8.5024503526206;0.313890216503257;15.893628397988;0.926281498513648;0.0;0.0
FR_CRS3035RES1000mN2169000E4238000;1;2B034,2B182;4.22820478050451;0.26572863571747;2.7192664211639;1.24320972362314;2.1283621456183;4.15068359167639;2.0998426348862;0.077521188828118;3.92523533205305;0.228762921489538;0.0;0.0
FR_CRS3035RES1000mN2169000E4240000;1;2B034,2B199;22.4540562799158;3.07598589093966;13.8351330374938;5.54293735148233;12.0561727389903;19.1916946002628;10.3978835409255;0.201963037295449;21.2113249732173;1.24273130669849;0.0;3.06039864235754
FR_CRS3035RES1000mN2169000E4247000;1;2B180,2B332;2.89838502275388;0.397050373676857;1.78584848473666;0.715486164340356;1.55621906629309;2.47727713412843;1.34216595646079;0.0260695277124873;2.7379724112533;0.160412611500579;0.0;0.395038360912965
FR_CRS3035RES1000mN2169000E4248000;1;2B332;9.88957738340176;1.72523676605305;6.16206066362997;2.00227995371874;4.01124232802677;8.86985088795977;5.87833505537499;0.0;9.88957738340176;0.0;0.0;1.01972649544199
FR_CRS3035RES1000mN2169000E4264000;1;2B185;8.0959904814069;0.94763046420122;5.54199042079215;1.60636959641354;3.71448545356858;7.51492649470203;4.38150502783833;0.290706666961301;7.43070109934357;0.454818142096155;0.0832777933149086;0.290357319743574
FR_CRS3035RES1000mN2169000E4265000;1;2B185;5.05950452130327;0.592211741004617;3.46340891277143;1.00388386752723;2.32132880958866;4.69637466404226;2.73817571171461;0.181674089074288;4.64373888468909;0.284233837921504;0.0520435853733513;0.181455768186726
FR_CRS3035RES1000mN2169000E4272000;1;2B037;3.97148367787654;0.37044471248979;2.19547119757516;1.4055677678116;1.64816529962192;3.78032969865762;2.32331837825463;0.19100044500467;3.52035859929729;0.45112507857925;0.0;0.0001535342142563
FR_CRS3035RES1000mN2169000E4275000;1;2B037;8.90239753304841;0.830381379374877;4.92132385739079;3.15069229628275;3.69449401974006;8.47391063720378;5.20790351330835;0.428142736653489;7.89116467591439;1.01123285713401;0.0;0.0003441591911476
FR_CRS3035RES1000mN2169000E4276000;1;2B037;6.13682694602118;0.57241959882205;3.39249205014899;2.17191529705015;2.54678252325711;5.8414514678228;3.59004442276407;0.29513823363701;5.43973820972016;0.697088736301014;0.0;0.0002372445613797
FR_CRS3035RES1000mN2170000E4236000;1;2B168;0.94394790764338;0.0593239927363467;0.607076994098732;0.277546920808301;0.475157448221808;0.926641280412425;0.468790459421572;0.017306627230954;0.876309892979506;0.0510713866277475;0.0;0.0
FR_CRS3035RES1000mN2170000E4237000;1;2B182;18.7159241924872;1.17623371147785;12.0366885805391;5.50300190047022;9.42108214701903;18.3727807619447;9.29484204546816;0.343143430542506;17.3748459987341;1.01260693814816;0.0;0.0
FR_CRS3035RES1000mN2170000E4239000;1;2B034;9.67500804384466;0.608042141170757;6.22224463191166;2.84472127076223;4.8701332948719;9.49762351201245;4.80487474897275;0.177384531832195;8.98175121193281;0.523456932774338;0.0;0.0
FR_CRS3035RES1000mN2170000E4246000;1;2B180;3.05559592829264;0.418586728681526;1.88271444810468;0.754294751506435;1.64062973178713;2.6116467842851;1.4149661965055;0.0274835613989966;2.88648239827507;0.169113530017568;0.0;0.416465582608538
FR_CRS3035RES1000mN2170000E4254000;1;2B314;2.00008691267304;0.34891516020052;1.24622685182775;0.404944900644774;0.811241266721029;1.79385548953229;1.18884564595201;0.0;2.00008691267304;0.0;0.0;0.206231423140745
FR_CRS3035RES1000mN2170000E4263000;1;2B185;5.05950452130327;0.528375359749437;3.47415545981712;1.05697370173671;2.79448991570789;4.75821687023701;2.26501460559538;0.301287651066259;5.05950452130327;0.0;0.0;0.0
FR_CRS3035RES1000mN2170000E4264000;1;2B185;6.07210165351372;0.71073558223802;4.15656728786091;1.2047987834148;2.78591400476139;5.63629585525211;3.28618764875233;0.218033906684686;5.57312567692761;0.341119718336203;0.0624594640581341;0.217771891576926
FR_CRS3035RES1000mN2170000E4272000;1;2B120;18.1798187331462;1.69574352306483;10.0499641048759;6.43411110520548;7.54462282101301;17.3047944414241;10.6351959121332;0.874321475240647;16.1147536794401;2.06506505370612;0.0;0.0007028164814236
FR_CRS3035RES1000mN2171000E4240000;1;2B199;3.05392190466487;0.41835740383278;1.88168299350648;0.753881507325608;1.63973090452074;2.61021598043313;1.41419100014413;0.0274685043913827;2.88490102434696;0.169020880317913;0.0;0.416237419840357
FR_CRS3035RES1000mN2171000E4242000;1;2B199;1.01797396822162;0.13945246794426;0.627227664502158;0.251293835775202;0.546576968173578;0.870071993477706;0.471397000048041;0.0091561681304608;0.961633674782315;0.0563402934393041;0.0;0.138745806613452
FR_CRS3035RES1000mN2171000E4246000;1;2B180,2B199;14.2527515708546;1.95248743445214;8.78187493942905;3.5183891969734;7.65267677260773;12.1819617779226;6.60007479824686;0.128196391831529;13.4639256962379;0.788825874616698;0.0;1.94259340110046
FR_CRS3035RES1000mN2171000E4247000;1;2B332;3.65006991452465;0.500023845048599;2.24900134897994;0.901044720496107;1.95981843326286;3.11974933151932;1.69025148126178;0.0328305584117341;3.44805491563666;0.202014998887991;0.0;0.497490024593598
FR_CRS3035RES1000mN2171000E4264000;1;2B185;2.02406289470411;0.236915256371152;1.38554228778956;0.401605350543401;0.928651311628;1.8787922131687;1.09541158307611;0.0726790105782366;1.85773518525737;0.113708202519417;0.0208201197603499;0.0725916709571742
FR_CRS3035RES1000mN2171000E4267000;1;2B239;14.1604310095879;1.65746931666022;9.69331339873151;2.80964829419618;6.49688449142484;13.1441110775441;7.66354651816307;0.508465481893377;12.9967952052036;0.795507472229926;0.145658452733452;0.507854450150394
FR_CRS3035RES1000mN2171000E4268000;1;2B239;20.1041151187328;2.35317370815496;13.76197435785;3.98896705272781;9.22387981271737;18.661206149547;10.8802353060155;0.721888237368269;18.4520560711106;1.12941292455674;0.206796975303016;0.721020731817499
FR_CRS3035RES1000mN2172000E4244000;1;2B199;13.2336615868811;1.81288208327538;8.15395963852807;3.26681986507764;7.10550058625654;11.3109359152102;6.12816100062455;0.119030185695992;12.5012377721701;0.732423814710955;0.0;1.80369548597488
FR_CRS3035RES1000mN2172000E4255000;1;2B314;1.00035610695918;0.174512122001115;0.623308234248816;0.202535750709249;0.405747445393312;0.897208157598315;0.594608661565868;0.0;1.00035610695918;0.0;0.0;0.103147949360865
FR_CRS3035RES1000mN2172000E4257000;1;2B314;5.99838542057681;0.626424789456784;4.11884669165517;1.25311393946485;3.31305713785849;5.64118849626412;2.68532828271831;0.35719692431269;5.99838542057681;0.0;0.0;0.0
FR_CRS3035RES1000mN2172000E4260000;1;2B314;1.00035610695918;0.104469422977401;0.686903750381157;0.208982933600622;0.552521505069067;0.940786056092246;0.447834601890113;0.059570050866934;1.00035610695918;0.0;0.0;0.0
FR_CRS3035RES1000mN2172000E4266000;1;2B185;5.05950452130327;0.592211741004617;3.46340891277143;1.00388386752723;2.32132880958866;4.69637466404226;2.73817571171461;0.181674089074288;4.64373888468909;0.284233837921504;0.0520435853733513;0.181455768186726
FR_CRS3035RES1000mN2172000E4267000;1;2B239;10.0380690440137;1.17494950737758;6.87141154784396;1.99170798879217;4.60552189772664;9.31761854065296;5.43254714628707;0.360441826261329;9.21318902880888;0.563920612717649;0.103254597574933;0.360008677099415
FR_CRS3035RES1000mN2172000E4268000;1;2B239;3.00186982825638;0.351366927290148;2.05488554746557;0.595617353500668;1.3772745701928;2.78642016166134;1.62459525806358;0.10778959960838;2.75519066927493;0.168639632326348;0.0308781359970612;0.107660066986659
FR_CRS3035RES1000mN2173000E4255000;1;2B314;2.00008691267304;0.34891516020052;1.24622685182775;0.404944900644774;0.811241266721029;1.79385548953229;1.18884564595201;0.0;2.00008691267304;0.0;0.0;0.206231423140745
FR_CRS3035RES1000mN2173000E4257000;1;2B314;13.9949833155806;1.46152737148904;9.60978441488767;2.92367152920389;7.72977661769461;13.1615982218211;6.26520669788599;0.833385093759464;13.9949833155806;0.0;0.0;0.0
FR_CRS3035RES1000mN2173000E4258000;1;2B314;13.9987339505873;1.46191905868145;9.61235982301933;2.92445506888652;7.73184818649341;13.1651255108448;6.26688576409389;0.833608439742538;13.9987339505873;0.0;0.0;0.0
FR_CRS3035RES1000mN2173000E4265000;1;2B185;18.2163049717682;2.13220674802818;12.469701871268;3.61439635247201;8.3577420194352;16.9088875761776;9.85856295233301;0.654101720457193;16.7193770410873;1.02335915563932;0.187378392289887;0.653315675133427
FR_CRS3035RES1000mN2173000E4267000;1;2B239;8.74139071648858;1.02317414545562;5.98378959639816;1.73442697463481;4.01059867040675;8.1140051790756;4.73079204608184;0.313881367033828;8.02306546135115;0.491075563161855;0.0899165742653014;0.313504170379152
FR_CRS3035RES1000mN2174000E4261000;1;2B298;2.9952921372105;0.312805049168251;2.05674498133597;0.625742106706277;1.6543741856125;2.81692594967621;1.340917951598;0.178366187534294;2.9952921372105;0.0;0.0;0.0
FR_CRS3035RES1000mN2174000E4264000;1;2B298;1.00783584025949;0.11796653508142;0.689899103176624;0.199970202001448;0.462400687948732;0.935501625856675;0.545435152310759;0.0361888515850953;0.925016760255953;0.0566183996210778;0.0103669026036085;0.0361453628177197
FR_CRS3035RES1000mN2174000E4268000;1;2B029;1.80980064688039;0.211835998455485;1.23887223825041;0.359092410174499;0.830346600843334;1.67990795722957;0.979454046037057;0.0649853918587583;1.66107997375385;0.101671335912381;0.0186161538304949;0.0649072977920618
FR_CRS3035RES1000mN2174000E4272000;1;2B033;1.02157365792556;0.0952884590979153;0.56473492631254;0.361550272515105;0.423952958281069;0.972403653560312;0.597620699644492;0.0491305111879895;0.905532013521126;0.116041644404433;0.0;3.94931772597511e-05
FR_CRS3035RES1000mN2175000E4257000;1;2B314;6.9893716784273;0.729915698160157;4.79931654869726;1.46013943156988;3.86040344272057;6.57316266694094;3.12896823570673;0.416209011486358;6.9893716784273;0.0;0.0;0.0
FR_CRS3035RES1000mN2175000E4261000;1;2B298;17.0297087876846;1.77845053191161;11.6936066594502;3.55765159632283;9.4059308128394;16.0156092968391;7.62377797484521;1.01409949084545;17.0297087876846;0.0;0.0;0.0
FR_CRS3035RES1000mN2175000E4267000;1;2B029;4.33736855251754;0.507686191612185;2.9690814267509;0.860600934154456;1.99000881141012;4.02606770937522;2.34735974110742;0.155744001698236;3.98094456082531;0.243665541748451;0.0446154775844512;0.155556841444088
FR_CRS3035RES1000mN2175000E4268000;1;2B029;15.6398247771015;1.83063140298739;10.7060104994716;3.10318287464255;7.17563857866709;14.5173260590979;8.46418619843442;0.561586793271508;14.3546195405795;0.878617145631153;0.160875942018463;0.560911924732053
FR_CRS3035RES1000mN2176000E4260000;1;2B298;3.01408034776705;0.511858971142711;1.95596041253626;0.546260964088085;1.45698023755828;2.95464943975363;1.55710011020877;0.0594309080134218;2.98562646684791;0.0;0.0284538809191412;0.0
FR_CRS3035RES1000mN2176000E4261000;1;2B298;5.01096381772948;0.850974920451788;3.25182003306301;0.90816886421469;2.42225634726699;4.91215884395674;2.58870747046248;0.0988049737727438;4.96365871922226;0.0;0.0473050985072212;0.0
FR_CRS3035RES1000mN2176000E4267000;1;2B029,2B205;12.2920915739866;2.66106405549628;7.03918860967628;2.59183890881406;5.87652272831962;11.564255491998;6.41556884566702;0.334876187797907;11.9859190475035;0.228422896930339;0.0;0.392959894190751
FR_CRS3035RES1000mN2176000E4270000;1;2B029;31.9556667698307;6.91795010627586;18.2997306997648;6.73798596379007;15.2771561244247;30.0635162632147;16.6785106454061;0.870575345295002;31.1597121374166;0.593829449851546;0.0;1.02157516132098
FR_CRS3035RES1000mN2176000E4272000;1;2B033;2.00000000000137;0.307587335474851;1.06796604776308;0.624446616763435;1.15544053710855;1.91064291387502;0.844559462892818;0.0893570861263515;1.86590529733651;0.090105731435242;0.0;0.0
FR_CRS3035RES1000mN2177000E4266000;1;2B205;5.24252590574279;1.13493274629548;3.00218465014811;1.10540850929921;2.50631248990201;4.93210684548824;2.73621341584079;0.142823300589644;5.11194459726056;0.0974214150142175;0.0;0.167595759664913
FR_CRS3035RES1000mN2178000E4265000;1;2B205;8.12712462275284;1.75940758966639;4.65407882210785;1.71363821097861;3.88536257430465;7.64590346460787;4.24176204844822;0.221409065743179;7.92469346904605;0.151025668729297;0.0;0.259812092401801
FR_CRS3035RES1000mN2179000E4265000;1;2B205;7.21473386799551;1.56188788950486;4.13158917339311;1.52125680509755;3.44917277087145;6.78753695041108;3.76556109712408;0.196552601251669;7.03502862556611;0.134070788587078;0.0;0.23064431633277
FR_CRS3035RES1000mN2179000E4266000;1;2B109;1.89733483440682;0.410746169493715;1.0865276812095;0.400060983703606;0.907065425807604;1.78499034496145;0.990269408599222;0.0516895153683161;1.85007584708654;0.0352580125777155;0.0;0.0606549740770539
FR_CRS3035RES1000mN2179000E4267000;1;2B109;2.77925641060658;0.601669723232801;1.59156885149747;0.58601783587631;1.32868872367672;2.6146918135596;1.45056768692987;0.0757159012438904;2.71003044105875;0.0516466865546687;0.0;0.0888486958030955
FR_CRS3035RES1000mN2179000E4268000;1;2B109;5.90385985330706;1.27810219682798;3.38090411891113;1.24485353756796;2.82247869729468;5.55428206189727;3.08138115601239;0.160840168580633;5.75680597916291;0.109710927765709;0.0;0.188737622829159
FR_CRS3035RES1000mN2180000E4269000;1;2B109;1.76384315239952;0.381847107478173;1.01008234057594;0.371913704345408;0.843246595738224;1.65940293719629;0.920596556661302;0.0480527717511486;1.71990918794444;0.0327773479539063;0.0;0.0563874434520831
FR_CRS3035RES1000mN2180000E4275000;1;2B305;8.11925801424483;1.24869046931634;4.33554594611793;2.53502159881056;4.69065992044777;7.75650139541462;3.42859809379706;0.362756618830224;7.57488326960549;0.36579584104224;0.0;0.0
FR_CRS3035RES1000mN2181000E4268000;1;2B109;2.77925641060658;0.601669723232801;1.59156885149747;0.58601783587631;1.32868872367672;2.6146918135596;1.45056768692987;0.0757159012438904;2.71003044105875;0.0516466865546687;0.0;0.0888486958030955
FR_CRS3035RES1000mN2182000E4277000;1;2B309;34.8193630078761;5.35499754525844;18.592948748562;10.8714167140556;20.1158517477852;33.2636845982975;14.7035112600909;1.55567840957867;32.4848169431173;1.56871208596587;0.0;0.0
FR_CRS3035RES1000mN2183000E4266000;1;2B187;6.83782217594189;1.48029183648304;3.9157469407195;1.44178339873936;3.26898129478369;6.43294285398785;3.56884088115822;0.186284312099114;6.66750508396048;0.1270666705273;0.0;0.21859500985493
FR_CRS3035RES1000mN2184000E4266000;1;2B187;2.93049521826081;0.409814597307189;1.42113884312618;1.09954177782744;1.34078024776856;2.85387694085503;1.58971497049225;0.0766182774057775;2.5972988983594;0.333196319901412;0.0;0.0
FR_CRS3035RES1000mN2184000E4267000;1;2B187;10.745149133623;1.5026535234597;5.21084242479601;4.03165318536728;4.91619424181806;10.4642154498018;5.82895489180494;0.280933683821185;9.52342929398449;1.22171983963851;0.0;0.0
FR_CRS3035RES1000mN2185000E4269000;1;2B187;4.88415869710135;0.683024328845316;2.36856473854364;1.8325696297124;2.23463374628093;4.75646156809172;2.64952495082042;0.127697129009629;4.32883149726567;0.555327199835687;0.0;0.0
FR_CRS3035RES1000mN2186000E4266000;1;2B178;2.12401499849686;0.297032510361855;1.03003758509387;0.796944903041139;0.971793892787475;2.06848227851329;1.15222110570938;0.0555327199835687;1.88251520811858;0.241499790378287;0.0;0.0
FR_CRS3035RES1000mN2187000E4267000;1;2B178;11.6820824917327;1.6336788069902;5.66520671801625;4.38319696672625;5.3448664103311;11.3766525318231;6.3372160814016;0.305429959909627;10.3538336446521;1.32824884708057;0.0;0.0
FR_CRS3035RES1000mN2187000E4278000;1;2B043;2.01679848303493;0.209214397672268;1.17710519142158;0.630478893941082;0.977484465005773;1.87578549531537;1.03931401802916;0.141012987719558;1.87578748557712;0.141010997457814;0.0;0.0
FR_CRS3035RES1000mN2187000E4279000;1;2B043;0.997031219548988;0.103427926891581;0.581917645423068;0.311685647234339;0.483232477827095;0.927319568979562;0.513798741721892;0.0697116505694252;0.927320552891992;0.0697106666569964;0.0;0.0
FR_CRS3035RES1000mN2188000E4278000;1;2B281;5.96656573906409;0.61894704293501;3.48238833254261;1.86523036358647;2.89182353538582;5.54938808429688;3.07474220367826;0.417177654767212;5.54939397235542;0.417171766708671;0.0;0.0
FR_CRS3035RES1000mN2190000E4273000;1;2B281;6.92676762945553;0.71855444636766;4.04281052618276;2.1654026569051;3.35720589213691;6.44245340228555;3.56956173731862;0.484314227169979;6.44246023791179;0.484307391543743;0.0;0.0
FR_CRS3035RES1000mN2190000E4278000;1;2B281;1.94936390554964;0.202219011356012;1.13774697496764;0.609397919225983;0.944800856578566;1.81306589125296;1.00456304897107;0.136298014296682;1.81306781496742;0.136296090582221;0.0;0.0
FR_CRS3035RES1000mN2191000E4264000;1;2B058;1.01432094958175;0.141847537884669;0.49189327860523;0.380580133091851;0.46407906951105;0.98780136224058;0.5502418800707;0.0265195873411692;0.898992999038251;0.1153279505435;0.0;0.0
FR_CRS3035RES1000mN2191000E4265000;1;2B058;3.98163051755826;0.556810431565063;1.93088518016311;1.49393490583009;1.82170287076015;3.87753013560894;2.15992764679811;0.104100381949314;3.52892046794251;0.452710049615749;0.0;0.0
FR_CRS3035RES1000mN2191000E4278000;1;2B224;10.9885715936824;1.13990931993925;6.41348393408486;3.43517833965828;5.32584594632613;10.2202591796113;5.66272564735626;0.768312414071063;10.2202700235969;0.768301570085484;0.0;0.0
FR_CRS3035RES1000mN2192000E4266000;1;2B058;10.7811527791907;0.68040481591201;5.03183617120411;5.06891179207457;5.34953765643802;9.63343258110365;5.43161512275267;0.821201402536392;9.6303420464501;1.15081073274058;0.0;0.326518795550646
FR_CRS3035RES1000mN2193000E4265000;1;2B058;46.1526625730264;4.4505542892836;25.450684860447;16.2514234232958;24.2111655848837;43.4703553078025;21.9414969881427;1.32285315784829;42.1449777254285;3.5578393179199;0.0;1.35945410737554
FR_CRS3035RES1000mN2193000E4275000;1;2B224;12.0014027559507;1.62850277517406;7.12332953107184;3.2495704497048;5.58963675155655;10.5812281720808;6.41176600439416;0.81660936752628;11.2797036910683;0.618004856961787;0.0;0.603565216343601
FR_CRS3035RES1000mN2193000E4277000;1;2B224;2.00681166856478;0.272309698954899;1.19112583026172;0.543376139348162;0.934669761874317;1.76933751789551;1.07214190669046;0.136549138524535;1.88613293341607;0.103339533169627;0.0;0.100925012144734
FR_CRS3035RES1000mN2194000E4265000;1;2B058;1.01432094958175;0.0640143844643367;0.473409193603755;0.476897371513657;0.503299436213802;0.906340229428631;0.511021513367947;0.0772609203745191;0.906049463301047;0.108271486280702;0.0;0.0307197997785987
FR_CRS3035RES1000mN2194000E4274000;1;2B224;1.01342111431153;0.13751384989209;0.60150739857536;0.274399865844081;0.471999483772878;0.893498890337445;0.541421630538654;0.0689560372253469;0.952479482287047;0.0521854972729427;0.0;0.0509661867487388
FR_CRS3035RES1000mN2195000E4266000;1;2B030;3.35036853049266;0.211443704575567;1.56370157290939;1.5752232530077;1.66243100194345;2.99370113951536;1.68793752854921;0.255197880282789;2.99274071995191;0.357627810540746;0.0;0.101469510694511
FR_CRS3035RES1000mN2195000E4267000;1;2B030,2B058;6.19122608360406;0.390731875334807;2.88960151011976;2.91089269814949;3.07204598173289;5.53213188722174;3.11918010187116;0.471586262379004;5.53035710495576;0.660868978648296;0.0;0.187507934003315
FR_CRS3035RES1000mN2195000E4274000;1;2B046;12.8011726594769;1.73702571485687;7.59802608844101;3.46612085617902;5.96212847910251;11.2863580645159;6.83904418037441;0.871027972448214;12.0313797839597;0.659188516479087;0.0;0.643786622512771
FR_CRS3035RES1000mN2195000E4278000;1;2B046;1.96941117838106;0.267234725362595;1.16892709052939;0.53324936248908;0.917250535246539;1.73636277915629;1.05216064313452;0.134004303453571;1.85098150522457;0.101413617919859;0.0;0.0990440957711954
FR_CRS3035RES1000mN2196000E4267000;1;2B030;17.5894347850865;1.11007944902173;8.2094332577743;8.26992207829044;8.72776276020312;15.7169309824557;8.86167202488335;1.33978887148464;15.7118887797476;1.87754600533892;0.0;0.532714931146186
FR_CRS3035RES1000mN2196000E4275000;1;2B046;3.93882235676212;0.53446945072519;2.33785418105877;1.06649872497816;1.83450107049308;3.47272555831259;2.10432128626905;0.268008606907143;3.70196301044914;0.202827235839719;0.0;0.198088191542391
FR_CRS3035RES1000mN2196000E4276000;1;2B046;2.95411676757159;0.400852088043892;1.75339063579408;0.799874043733619;1.37587580286981;2.60454416873444;1.57824096470178;0.201006455180357;2.77647225783685;0.152120426879789;0.0;0.148566143656793
FR_CRS3035RES1000mN2196000E4277000;1;2B046;12.8011726594769;1.73702571485687;7.59802608844101;3.46612085617902;5.96212847910251;11.2863580645159;6.83904418037441;0.871027972448214;12.0313797839597;0.659188516479087;0.0;0.643786622512771
FR_CRS3035RES1000mN2197000E4268000;1;2B030;10.051105591478;0.634331113726702;4.69110471872817;4.72566975902311;4.98729300583036;8.98110341854609;5.06381258564763;0.765593640848368;8.97822215985575;1.07288343162224;0.0;0.304408532083535
FR_CRS3035RES1000mN2197000E4274000;1;2B046;21.6635229621917;2.93958197898855;12.8581979958233;5.86574298737989;10.0897558877119;19.0999905707193;11.5737670744798;1.47404733798929;20.3607965574703;1.11554979711846;0.0;1.08948505348315
FR_CRS3035RES1000mN2197000E4276000;1;2B046;1.96941117838106;0.267234725362595;1.16892709052939;0.53324936248908;0.917250535246539;1.73636277915629;1.05216064313452;0.134004303453571;1.85098150522457;0.101413617919859;0.0;0.0990440957711954
FR_CRS3035RES1000mN2197000E4278000;1;2B152;2.00977231785699;0.272711437458866;1.19288309822141;0.544177782176717;0.936048680191512;1.77194782156879;1.07372363766548;0.136750589471157;1.88891554536805;0.103491989984847;0.0;0.10107390681704
FR_CRS3035RES1000mN2198000E4266000;1;2B030;25.9653561113181;1.63868871046064;12.1186871900478;12.2079802108097;12.8838402650617;23.201183831244;13.0815158462563;1.97778357219161;23.1937405796273;2.77161553169078;0.0;0.786388707882463
FR_CRS3035RES1000mN2198000E4274000;1;2B152;15.1768776110431;2.05939154036023;9.00810535856751;4.10938071211536;7.06860977784444;13.3809362295225;8.10826783319868;1.03267765268793;14.2642227654006;0.781523982476851;0.0;0.763263728832667
FR_CRS3035RES1000mN2198000E4278000;1;2B152;8.05530424408186;1.09304600329777;4.78115665064115;2.18110159014295;3.75174682187579;7.10208747555771;4.30355742220608;0.548105670458384;7.57090207389263;0.414802939987921;0.0;0.405111098065774
FR_CRS3035RES1000mN2199000E4267000;1;2B233;13.0277446255883;0.822188532642933;6.08037730091104;6.1251787920343;6.46428187044708;11.6408608712677;6.5634627551412;0.992324510887985;11.6371263266372;1.39061829895113;0.0;0.394559243432576
FR_CRS3035RES1000mN2199000E4275000;1;2B152;19.1191924373965;2.59433489372307;11.3480324649569;5.17682507871651;8.9047374612242;16.856740979358;10.2144549761723;1.30092389709813;17.9694682273216;0.984531060891149;0.0;0.961527560940357
FR_CRS3035RES1000mN2200000E4270000;1;2B152;16.1024765217926;1.2236601750247;10.2411310164313;4.63768533033658;7.44520232276049;13.4047178718449;8.65727419903215;2.69775864994775;16.1024765217926;0.0;0.0;0.0
FR_CRS3035RES1000mN2200000E4277000;1;2B159;0.973709000839563;0.0835039381449806;0.629200568377136;0.261004494317446;0.405730486303949;0.809599128608106;0.567978514535613;0.164109872231455;0.949363648043353;0.0243453527962083;0.0;0.0
FR_CRS3035RES1000mN2201000E4277000;1;2B159;2.92112700251869;0.250511814434942;1.88760170513141;0.783013482952337;1.21719145891185;2.42879738582432;1.70393554360684;0.492329616694366;2.84809094413006;0.073036058388625;0.0;0.0
FR_CRS3035RES1000mN2202000E4275000;1;2B159;1.94741800167913;0.167007876289962;1.25840113675427;0.522008988634892;0.811460972607899;1.61919825721622;1.13595702907123;0.328219744462911;1.89872729608671;0.0486907055924168;0.0;0.0
FR_CRS3035RES1000mN2202000E4277000;1;2B159;1.94741800167913;0.167007876289962;1.25840113675427;0.522008988634892;0.811460972607899;1.61919825721622;1.13595702907123;0.328219744462911;1.89872729608671;0.0486907055924168;0.0;0.0
FR_CRS3035RES1000mN2203000E4268000;1;2B170;6.64982893188269;0.505334121969334;4.2292730087884;1.91522180112497;3.07464021093951;5.5357373511634;3.5751887209432;1.1140915807193;6.64982893188269;0.0;0.0;0.0
FR_CRS3035RES1000mN2204000E4274000;1;2B327;8.39716214773783;0.720129020039333;5.4261583199457;2.25087480775279;3.49897626378843;6.98189618430946;4.89818588394939;1.41526596342836;8.18721043239229;0.209951715345525;0.0;0.0
FR_CRS3035RES1000mN2204000E4276000;1;2B327;5.14768014725106;0.441457934799376;3.32637705072189;1.37984516172979;2.14496401664206;4.28008507467252;3.002716130609;0.867595072578531;5.018974251384;0.128705895867049;0.0;0.0
FR_CRS3035RES1000mN2205000E4269000;1;2B086;4.79616963745798;0.364470755170933;3.05035076857663;1.38134811371042;2.21757524544928;3.99263434842602;2.57859439200871;0.803535289031964;4.79616963745798;0.0;0.0;0.0
FR_CRS3035RES1000mN2205000E4272000;1;2B261;11.0487845504597;0.947528492479062;7.13960897252835;2.96164708545228;4.60386904594733;9.18661154053022;6.44491550451236;1.86217300992946;10.7725351190399;0.276249431419766;0.0;0.0
FR_CRS3035RES1000mN2205000E4274000;1;2B261;2.98034761335965;0.255590492171625;1.92586944422866;0.798887676959363;1.24186783266931;2.47803689669578;1.73847978069034;0.502310716663863;2.90583087987971;0.0745167334799378;0.0;0.0
FR_CRS3035RES1000mN2206000E4272000;1;2B261;5.9606952267193;0.511180984343249;3.85173888845732;1.59777535391873;2.48373566533861;4.95607379339157;3.47695956138068;1.00462143332773;5.81166175975941;0.149033466959876;0.0;0.0
FR_CRS3035RES1000mN2207000E4271000;1;2B107;13.9822927364276;1.06254306621394;8.89269992911068;4.027049741103;6.46490607937734;11.6397430593796;7.51738665705029;2.34254967704806;13.9822927364276;0.0;0.0;0.0
FR_CRS3035RES1000mN2208000E4269000;1;2B107;11.8311707769772;0.763301340450144;4.96145871292593;6.10641072360114;5.343109383151;10.3045680960769;6.48806139382621;1.52660268090028;11.8311707769772;0.0;0.0;0.0
FR_CRS3035RES1000mN2209000E4270000;1;2B107;2.15112195945041;0.138782061900027;0.902083402350173;1.11025649520021;0.971474433300186;1.87355783565036;1.17964752615023;0.277564123800052;2.15112195945041;0.0;0.0;0.0
FR_CRS3035RES1000mN2209000E4271000;1;2B107;9.68004881752683;0.62451927855012;4.05937531057577;4.99615422840095;4.37163494985083;8.43101026042659;5.30841386767601;1.24903855710023;9.68004881752683;0.0;0.0;0.0
FR_CRS3035RES1000mN2210000E4272000;1;2B107;1.0755609797252;0.182654565559689;0.697975652563392;0.19493076160212;0.519916827336533;1.05435332821179;0.555644152388666;0.0212076515134143;1.06540734063557;0.0;0.0101536390896309;0.0
FR_CRS3035RES1000mN2211000E4270000;1;2B107;7.52892685807642;0.485737216650093;3.1572919082256;3.88589773320074;3.40016051655064;6.55745242477624;4.12876634152578;0.971474433300181;7.52892685807642;0.0;0.0;0.0
FR_CRS3035RES1000mN2211000E4271000;1;2B107;2.15112195945041;0.138782061900027;0.902083402350173;1.11025649520021;0.971474433300186;1.87355783565036;1.17964752615023;0.277564123800052;2.15112195945041;0.0;0.0;0.0
FR_CRS3035RES1000mN2211000E4272000;1;2B107;20.4356586147789;3.47043674563411;13.2615373987045;3.7036844704403;9.87841971939418;20.032713236024;10.5572388953847;0.402945378754874;20.2427394720759;0.0;0.192919142702987;0.0
