{
  "metadata": {
    "description": "Nombre de personnes de 18 à 24 ans par commune en Corse",
    "source": "INSEE - TD_POP1B_2022",
    "annee": 2022,
    "nb_communes": 336,
    "total_18_24_ans": 22336
  },
  "data": {
    "2A004": 4088.11641338536,
    "2B033": 3363.314243867957,
    "2B096": 2692.833635715978,
    "2A247": 747.3320104567753,
    "2B042": 711.0,
    "2B050": 527.1344058308187,
    "2B148": 489.5062570367,
    "2B120": 477.5725096879058,
    "2B037": 471.7061761455759,
    "2B123": 319.9186245060266,
    "2A249": 248.4008816241244,
    "2A272": 244.0,
    "2A032": 237.23471432404568,
    "2B251": 210.51340132079451,
    "2A006": 210.27502911999593,
    "2B346": 203.0,
    "2B342": 193.44675803835383,
    "2B134": 191.07575187042258,
    "2A041": 186.90258011393382,
    "2A271": 183.37283327098336,
    "2B207": 179.8017602429624,
    "2A001": 166.68796644985244,
    "2A130": 164.3003629623593,
    "2B305": 162.80604604599654,
    "2B353": 146.0,
    "2A362": 145.16644077557797,
    "2A139": 140.464424029761,
    "2B009": 112.7683004385296,
    "2A288": 110.0,
    "2B049": 109.91768967317483,
    "2B309": 104.88561768282895,
    "2B087": 102.08105361665068,
    "2B168": 96.0,
    "2A228": 93.85238074571461,
    "2B313": 92.54048795087806,
    "2A114": 92.0,
    "2A103": 88.98560609608514,
    "2A209": 85.57680433508348,
    "2B185": 84.70818999204532,
    "2B298": 84.66111415578327,
    "2B343": 82.37764327915484,
    "2A017": 76.0,
    "2B307": 73.30338323890345,
    "2A104": 70.20301789882637,
    "2A085": 68.25037064599563,
    "2B286": 66.0,
    "2A092": 65.27996404187893,
    "2A269": 64.0,
    "2B043": 64.0,
    "2A300": 63.49590248997794,
    "2B169": 60.801602954789445,
    "2B281": 59.62482180853961,
    "2B341": 57.0,
    "2B193": 54.0,
    "2A065": 53.628635255173315,
    "2B143": 51.26435478245313,
    "2B316": 50.21902225148351,
    "2B152": 49.64985187767557,
    "2B150": 49.299878277890265,
    "2A189": 44.37787522761235,
    "2A008": 43.96257132228815,
    "2B077": 43.63689873221656,
    "2A348": 42.0,
    "2B319": 41.0,
    "2B162": 40.374640241443544,
    "2B242": 38.11369104932466,
    "2A215": 38.04125613015895,
    "2B034": 37.83849090551891,
    "2B303": 37.67493758409767,
    "2B166": 37.29339104730623,
    "2A181": 37.00940081045686,
    "2A349": 35.073187787420316,
    "2B093": 34.07789122685232,
    "2B205": 33.09289832558237,
    "2B079": 32.858539994299974,
    "2B311": 31.67227125946576,
    "2A142": 30.43283898077539,
    "2A345": 29.97064057469667,
    "2B188": 29.858919720058857,
    "2A163": 29.583425425265006,
    "2B020": 29.0,
    "2A090": 29.0,
    "2A211": 28.915829152989907,
    "2A308": 28.280112545467738,
    "2B315": 27.95988681142663,
    "2B224": 27.81628583706456,
    "2A098": 27.418215131288378,
    "2B354": 27.08851710358816,
    "2B265": 27.0,
    "2A276": 27.0,
    "2A198": 27.0,
    "2B016": 26.934894323990694,
    "2B172": 26.434420491167046,
    "2B238": 26.39287343494848,
    "2A330": 26.241528571150482,
    "2A070": 24.09608671465958,
    "2B361": 23.0,
    "2B229": 22.852515228171566,
    "2A336": 22.27980440907639,
    "2B318": 21.873563834017506,
    "2B223": 21.71063891987035,
    "2A031": 20.970375476816677,
    "2B347": 20.47579913011282,
    "2A062": 20.138317324871828,
    "2B355": 20.035164486265426,
    "2B257": 20.0,
    "2A323": 19.837322939495735,
    "2B135": 19.0,
    "2A026": 18.46681610164664,
    "2B277": 18.37823872111675,
    "2B252": 18.273224043715828,
    "2B145": 17.70786516853936,
    "2B283": 17.674308209331198,
    "2A324": 17.375280061933797,
    "2B002": 17.057636713555812,
    "2A099": 17.0,
    "2B350": 16.850204873873846,
    "2A040": 16.832530851215548,
    "2A160": 15.96939964239542,
    "2A212": 15.836740192410295,
    "2A312": 15.795265943126884,
    "2B260": 15.384615384615373,
    "2A091": 15.343855812950443,
    "2B314": 15.03940476115686,
    "2B261": 14.785923989104818,
    "2A048": 14.63398250603111,
    "2B335": 14.59693058521339,
    "2B074": 14.0,
    "2A284": 13.98198695284291,
    "2B058": 13.91928650983042,
    "2B329": 13.196721311475404,
    "2B029": 13.00375645133894,
    "2A232": 12.837674332031652,
    "2B289": 12.80000000000004,
    "2B320": 12.630560292460022,
    "2B167": 12.602533703288593,
    "2B069": 12.51724137931032,
    "2B356": 12.410958904109641,
    "2B201": 12.0,
    "2B039": 11.90163934426225,
    "2B112": 11.86745483638056,
    "2B057": 11.0,
    "2B054": 10.762162162162163,
    "2A351": 10.329800621412359,
    "2B220": 10.26219512195123,
    "2B147": 10.0,
    "2B007": 10.0,
    "2A028": 9.761538461538422,
    "2B121": 9.53343678311751,
    "2B233": 9.36486486486486,
    "2B190": 9.22868629184602,
    "2B047": 9.20146717804963,
    "2B165": 9.17745761124123,
    "2B236": 9.14754098360655,
    "2A132": 9.123287671232909,
    "2B239": 9.009047010101057,
    "2B304": 9.0,
    "2A071": 9.0,
    "2B192": 9.0,
    "2B290": 9.0,
    "2B333": 9.0,
    "2B337": 9.0,
    "2A035": 8.532871210553107,
    "2B086": 8.523809523809522,
    "2B138": 8.37583892617448,
    "2B274": 8.129032258064528,
    "2A115": 8.0,
    "2A200": 7.940298507462684,
    "2B299": 7.923809523809523,
    "2A108": 7.894163756058955,
    "2A279": 7.666666666666668,
    "2B231": 7.621975890474985,
    "2A240": 7.618367799626602,
    "2B182": 7.559451051181469,
    "2B199": 7.22826086956519,
    "2B225": 7.141414141414141,
    "2B149": 7.083333333333321,
    "2A186": 7.0078253426625015,
    "2B246": 7.0,
    "2B332": 7.0,
    "2B010": 7.0,
    "2B140": 7.0,
    "2B250": 6.861842105263155,
    "2A310": 6.729729729729719,
    "2B293": 6.693858409581061,
    "2A018": 6.6937500000000005,
    "2B280": 6.6037735849056585,
    "2B296": 6.54545454545454,
    "2B083": 6.339622641509433,
    "2A119": 6.21897810218976,
    "2A131": 6.1655172413793,
    "2B235": 6.1507798213800005,
    "2B084": 6.12753579761056,
    "2A038": 6.11538461538462,
    "2B110": 6.08955223880598,
    "2A278": 6.0666666666666655,
    "2A014": 6.0,
    "2B095": 5.858267716535436,
    "2B173": 5.857699326368864,
    "2B059": 5.804878048780489,
    "2A268": 5.799999999999998,
    "2B170": 5.783783783783788,
    "2A254": 5.724047438845953,
    "2B302": 5.705882352941182,
    "2B075": 5.223880597014901,
    "2A133": 5.19867549668875,
    "2B101": 5.1948051948052,
    "2B263": 5.07246376811595,
    "2A118": 5.0,
    "2A282": 5.0,
    "2B230": 5.0,
    "2B105": 5.0,
    "2A326": 5.0,
    "2A360": 5.0,
    "2B217": 5.0,
    "2A174": 4.9009900990099,
    "2A024": 4.893048128342245,
    "2B187": 4.849624060150375,
    "2B136": 4.840764331210194,
    "2A117": 4.838709677419355,
    "2B327": 4.778251650176592,
    "2B352": 4.696858790275845,
    "2B177": 4.65753424657534,
    "2B116": 4.57142857142856,
    "2B275": 4.28169014084508,
    "2A359": 4.11680367790485,
    "2B184": 4.08602150537636,
    "2B102": 4.05,
    "2A322": 4.04597701149424,
    "2B306": 4.03478260869564,
    "2A191": 4.0,
    "2A295": 4.0,
    "2B208": 4.0,
    "2B063": 4.0,
    "2B339": 4.0,
    "2B088": 4.0,
    "2A270": 3.9965978657165397,
    "2A266": 3.95505617977528,
    "2B297": 3.927272727272728,
    "2B264": 3.876923076923076,
    "2A144": 3.858407079646016,
    "2B156": 3.846153846153844,
    "2A204": 3.833333333333336,
    "2A127": 3.81132075471698,
    "2B334": 3.806451612903224,
    "2B080": 3.635867492006684,
    "2A141": 3.52941176470587,
    "2B124": 3.27282704925558,
    "2B109": 3.23256927739966,
    "2A061": 3.13392857142858,
    "2B328": 3.09375,
    "2B072": 3.05882352941175,
    "2B025": 3.0374999999999996,
    "2A056": 3.0294117647058902,
    "2B023": 3.0260869565217305,
    "2A129": 3.0,
    "2A258": 3.0,
    "2A094": 3.0,
    "2B340": 3.0,
    "2B175": 3.0,
    "2B291": 3.0,
    "2B176": 2.960526315789474,
    "2B219": 2.926829268292683,
    "2B210": 2.921052631578946,
    "2A154": 2.8867924528301883,
    "2B194": 2.884615384615386,
    "2B111": 2.7857142857142874,
    "2B030": 2.7586206896551673,