{
  "OppChoVec_1_10": [
    1.0,
    3.1691079246170744,
    4.534850760031581,
    5.600468555403133,
    7.802948517697404
  ],
  "Score_Opp_1_10": [
    1.0,
    3.222858155592055,
    4.390513550464968,
    5.5349651530855635,
    6.916899503626458
  ],
  "Score_Cho_1_10": [
    1.0,
    3.9967854272702907,
    6.629520492901151,
    8.449772301098312,
    9.380391106348783
  ],
  "Score_Vec_1_10": [
    1.0,
    2.6490014846219725,
    3.7687486935104744,
    4.7662967888682966,
    7.031199115961828
  ]
}